2026-06-15 18:37:32.706  INFO 10528 --- [main] (system) o.example.MyProjectBackendApplication    : Starting MyProjectBackendApplication using Java 17.0.8 with PID 10528 (C:\Users\14302\IdeaProjects\my-project\my-project-backend\target\classes started by 14302 in C:\Users\14302\IdeaProjects\my-project)
2026-06-15 18:37:32.707  INFO 10528 --- [main] (system) o.example.MyProjectBackendApplication    : The following 1 profile is active: "dev"
2026-06-15 18:37:33.388  INFO 10528 --- [main] (system) .s.d.r.c.RepositoryConfigurationDelegate : Multiple Spring Data modules found, entering strict repository configuration mode
2026-06-15 18:37:33.390  INFO 10528 --- [main] (system) .s.d.r.c.RepositoryConfigurationDelegate : Bootstrapping Spring Data Redis repositories in DEFAULT mode.
2026-06-15 18:37:33.412  INFO 10528 --- [main] (system) .s.d.r.c.RepositoryConfigurationDelegate : Finished Spring Data repository scanning in 9 ms. Found 0 Redis repository interfaces.
2026-06-15 18:37:33.875  INFO 10528 --- [main] (system) o.s.b.w.embedded.tomcat.TomcatWebServer  : Tomcat initialized with port(s): 8080 (http)
2026-06-15 18:37:33.881  INFO 10528 --- [main] (system) o.apache.catalina.core.StandardService   : Starting service [Tomcat]
2026-06-15 18:37:33.882  INFO 10528 --- [main] (system) o.apache.catalina.core.StandardEngine    : Starting Servlet engine: [Apache Tomcat/10.1.11]
2026-06-15 18:37:33.963  INFO 10528 --- [main] (system) o.a.c.c.C.[Tomcat].[localhost].[/]       : Initializing Spring embedded WebApplicationContext
2026-06-15 18:37:33.963  INFO 10528 --- [main] (system) w.s.c.ServletWebServerApplicationContext : Root WebApplicationContext: initialization completed in 1217 ms
2026-06-15 18:37:34.596  INFO 10528 --- [main] (system) org.example.config.MinioConfiguration    : Init minio client...
2026-06-15 18:37:34.982  INFO 10528 --- [main] (system) o.s.s.web.DefaultSecurityFilterChain     : Will secure any request with [org.springframework.security.web.session.DisableEncodeUrlFilter@155c7eae, org.springframework.security.web.context.request.async.WebAsyncManagerIntegrationFilter@5c9e6d95, org.springframework.security.web.context.SecurityContextHolderFilter@11ee671f, org.springframework.security.web.header.HeaderWriterFilter@5bba9949, org.springframework.security.web.authentication.logout.LogoutFilter@5f4df55e, org.example.filter.JwtAuthenticationFilter@60928a61, org.example.filter.RequestLogFilter@54c11750, org.springframework.security.web.authentication.UsernamePasswordAuthenticationFilter@4af606e9, org.springframework.security.web.savedrequest.RequestCacheAwareFilter@57df09a7, org.springframework.security.web.servletapi.SecurityContextHolderAwareRequestFilter@3b046e64, org.springframework.security.web.authentication.AnonymousAuthenticationFilter@5d00b469, org.springframework.security.web.session.SessionManagementFilter@744fb110, org.springframework.security.web.access.ExceptionTranslationFilter@49353d43, org.springframework.security.web.access.intercept.AuthorizationFilter@23dff243]
2026-06-15 18:37:35.223  WARN 10528 --- [main] (system) ocalVariableTableParameterNameDiscoverer : Using deprecated '-debug' fallback for parameter name resolution. Compile the affected code with '-parameters' instead or avoid its introspection: org.springframework.amqp.rabbit.core.RabbitAdmin
2026-06-15 18:37:35.265  INFO 10528 --- [main] (system) o.s.b.w.embedded.tomcat.TomcatWebServer  : Tomcat started on port(s): 8080 (http) with context path ''
2026-06-15 18:37:35.267  INFO 10528 --- [main] (system) o.s.a.r.c.CachingConnectionFactory       : Attempting to connect to: [localhost:5672]
2026-06-15 18:37:35.300  INFO 10528 --- [main] (system) o.s.a.r.c.CachingConnectionFactory       : Created new connection: rabbitConnectionFactory#485deee1:0/SimpleConnection@25b8f9d2 [delegate=amqp://guest@127.0.0.1:5672/, localPort=56701]
2026-06-15 18:37:35.332  INFO 10528 --- [main] (system) o.example.MyProjectBackendApplication    : Started MyProjectBackendApplication in 3.055 seconds (process running for 3.576)
2026-06-15 18:37:40.135  INFO 10528 --- [http-nio-8080-exec-1] (system) o.a.c.c.C.[Tomcat].[localhost].[/]       : Initializing Spring DispatcherServlet 'dispatcherServlet'
2026-06-15 18:37:40.135  INFO 10528 --- [http-nio-8080-exec-1] (system) o.s.web.servlet.DispatcherServlet        : Initializing Servlet 'dispatcherServlet'
2026-06-15 18:37:40.137  INFO 10528 --- [http-nio-8080-exec-1] (system) o.s.web.servlet.DispatcherServlet        : Completed initialization in 1 ms
2026-06-15 18:37:40.750  INFO 10528 --- [http-nio-8080-exec-1] (379299091898830848) org.example.filter.RequestLogFilter      : 请求URL: "/api/user/info" (OPTIONS) | 远程IP地址: 0:0:0:0:0:0:0:1 │ 身份: 未验证 | 请求参数列表: {}
2026-06-15 18:37:40.929  INFO 10528 --- [http-nio-8080-exec-1] (379299091898830848) org.example.filter.RequestLogFilter      : 请求处理耗时: 182ms | 响应结果: {"code":401,"data":null,"message":"Full authentication is required to access this resource"}
2026-06-15 18:37:40.991  INFO 10528 --- [http-nio-8080-exec-2] (379299092922241024) org.example.filter.RequestLogFilter      : 请求URL: "/api/user/info" (GET) | 远程IP地址: 0:0:0:0:0:0:0:1 │ 身份: 未验证 | 请求参数列表: {}
2026-06-15 18:37:40.993  INFO 10528 --- [http-nio-8080-exec-2] (379299092922241024) org.example.filter.RequestLogFilter      : 请求处理耗时: 2ms | 响应结果: {"code":401,"data":null,"message":"Full authentication is required to access this resource"}
2026-06-15 18:39:42.799  INFO 10528 --- [org.springframework.amqp.rabbit.RabbitListenerEndpointContainer#0-2] (system) o.s.a.r.l.SimpleMessageListenerContainer : Waiting for workers to finish.
2026-06-15 18:39:43.511  INFO 10528 --- [org.springframework.amqp.rabbit.RabbitListenerEndpointContainer#0-2] (system) o.s.a.r.l.SimpleMessageListenerContainer : Successfully waited for workers to finish.
2026-06-15 18:39:46.923  INFO 31400 --- [main] (system) o.example.MyProjectBackendApplication    : Starting MyProjectBackendApplication using Java 17.0.8 with PID 31400 (C:\Users\14302\IdeaProjects\my-project\my-project-backend\target\classes started by 14302 in C:\Users\14302\IdeaProjects\my-project)
2026-06-15 18:39:46.925  INFO 31400 --- [main] (system) o.example.MyProjectBackendApplication    : The following 1 profile is active: "dev"
2026-06-15 18:39:47.586  INFO 31400 --- [main] (system) .s.d.r.c.RepositoryConfigurationDelegate : Multiple Spring Data modules found, entering strict repository configuration mode
2026-06-15 18:39:47.588  INFO 31400 --- [main] (system) .s.d.r.c.RepositoryConfigurationDelegate : Bootstrapping Spring Data Redis repositories in DEFAULT mode.
2026-06-15 18:39:47.608  INFO 31400 --- [main] (system) .s.d.r.c.RepositoryConfigurationDelegate : Finished Spring Data repository scanning in 8 ms. Found 0 Redis repository interfaces.
2026-06-15 18:39:48.079  INFO 31400 --- [main] (system) o.s.b.w.embedded.tomcat.TomcatWebServer  : Tomcat initialized with port(s): 8080 (http)
2026-06-15 18:39:48.086  INFO 31400 --- [main] (system) o.apache.catalina.core.StandardService   : Starting service [Tomcat]
2026-06-15 18:39:48.086  INFO 31400 --- [main] (system) o.apache.catalina.core.StandardEngine    : Starting Servlet engine: [Apache Tomcat/10.1.11]
2026-06-15 18:39:48.170  INFO 31400 --- [main] (system) o.a.c.c.C.[Tomcat].[localhost].[/]       : Initializing Spring embedded WebApplicationContext
2026-06-15 18:39:48.171  INFO 31400 --- [main] (system) w.s.c.ServletWebServerApplicationContext : Root WebApplicationContext: initialization completed in 1211 ms
2026-06-15 18:39:48.821  INFO 31400 --- [main] (system) org.example.config.MinioConfiguration    : Init minio client...
2026-06-15 18:39:49.218  INFO 31400 --- [main] (system) o.s.s.web.DefaultSecurityFilterChain     : Will secure any request with [org.springframework.security.web.session.DisableEncodeUrlFilter@43de9fc9, org.springframework.security.web.context.request.async.WebAsyncManagerIntegrationFilter@2d3eb1ea, org.springframework.security.web.context.SecurityContextHolderFilter@3a239dac, org.springframework.security.web.header.HeaderWriterFilter@3b046e64, org.springframework.security.web.authentication.logout.LogoutFilter@17dbca0a, org.example.filter.JwtAuthenticationFilter@6a5dd083, org.example.filter.RequestLogFilter@62735b13, org.springframework.security.web.authentication.UsernamePasswordAuthenticationFilter@228958a, org.springframework.security.web.savedrequest.RequestCacheAwareFilter@2573b149, org.springframework.security.web.servletapi.SecurityContextHolderAwareRequestFilter@56fa0ef, org.springframework.security.web.authentication.AnonymousAuthenticationFilter@78508e6b, org.springframework.security.web.session.SessionManagementFilter@7bd694a5, org.springframework.security.web.access.ExceptionTranslationFilter@81dfdee, org.springframework.security.web.access.intercept.AuthorizationFilter@c29b0dc]
2026-06-15 18:39:49.460  WARN 31400 --- [main] (system) ocalVariableTableParameterNameDiscoverer : Using deprecated '-debug' fallback for parameter name resolution. Compile the affected code with '-parameters' instead or avoid its introspection: org.springframework.amqp.rabbit.core.RabbitAdmin
2026-06-15 18:39:49.500  INFO 31400 --- [main] (system) o.s.b.w.embedded.tomcat.TomcatWebServer  : Tomcat started on port(s): 8080 (http) with context path ''
2026-06-15 18:39:49.503  INFO 31400 --- [main] (system) o.s.a.r.c.CachingConnectionFactory       : Attempting to connect to: [localhost:5672]
2026-06-15 18:39:49.534  INFO 31400 --- [main] (system) o.s.a.r.c.CachingConnectionFactory       : Created new connection: rabbitConnectionFactory#218df7d6:0/SimpleConnection@ba27ce6 [delegate=amqp://guest@127.0.0.1:5672/, localPort=59569]
2026-06-15 18:39:49.568  INFO 31400 --- [main] (system) o.example.MyProjectBackendApplication    : Started MyProjectBackendApplication in 3.063 seconds (process running for 3.497)
2026-06-15 18:39:55.837  INFO 31400 --- [http-nio-8080-exec-1] (system) o.a.c.c.C.[Tomcat].[localhost].[/]       : Initializing Spring DispatcherServlet 'dispatcherServlet'
2026-06-15 18:39:55.838  INFO 31400 --- [http-nio-8080-exec-1] (system) o.s.web.servlet.DispatcherServlet        : Initializing Servlet 'dispatcherServlet'
2026-06-15 18:39:55.840  INFO 31400 --- [http-nio-8080-exec-1] (system) o.s.web.servlet.DispatcherServlet        : Completed initialization in 2 ms
2026-06-15 18:39:56.393  INFO 31400 --- [http-nio-8080-exec-1] (379299660826808320) org.example.filter.RequestLogFilter      : 请求URL: "/api/user/info" (OPTIONS) | 远程IP地址: 0:0:0:0:0:0:0:1 │ 身份: 未验证 | 请求参数列表: {}
2026-06-15 18:39:56.552  INFO 31400 --- [http-nio-8080-exec-1] (379299660826808320) org.example.filter.RequestLogFilter      : 请求处理耗时: 162ms | 响应结果: 
2026-06-15 18:39:56.613  INFO 31400 --- [http-nio-8080-exec-3] (379299661762138112) org.example.filter.RequestLogFilter      : 请求URL: "/api/user/info" (GET) | 远程IP地址: 0:0:0:0:0:0:0:1 │ 身份: 未验证 | 请求参数列表: {}
2026-06-15 18:39:56.637  WARN 31400 --- [http-nio-8080-exec-3] (379299661762138112) .w.s.m.s.DefaultHandlerExceptionResolver : Resolved [org.springframework.web.bind.ServletRequestBindingException: Missing request attribute 'userId' of type int]
2026-06-15 18:39:56.638  INFO 31400 --- [http-nio-8080-exec-3] (379299661762138112) org.example.filter.RequestLogFilter      : 请求处理耗时: 24ms | 响应结果: 400 错误
2026-06-15 18:43:54.100  INFO 31400 --- [org.springframework.amqp.rabbit.RabbitListenerEndpointContainer#0-2] (system) o.s.a.r.l.SimpleMessageListenerContainer : Waiting for workers to finish.
2026-06-15 18:43:54.911  INFO 31400 --- [org.springframework.amqp.rabbit.RabbitListenerEndpointContainer#0-2] (system) o.s.a.r.l.SimpleMessageListenerContainer : Successfully waited for workers to finish.
2026-06-15 18:43:58.098  INFO 25116 --- [main] (system) o.example.MyProjectBackendApplication    : Starting MyProjectBackendApplication using Java 17.0.8 with PID 25116 (C:\Users\14302\IdeaProjects\my-project\my-project-backend\target\classes started by 14302 in C:\Users\14302\IdeaProjects\my-project)
2026-06-15 18:43:58.099  INFO 25116 --- [main] (system) o.example.MyProjectBackendApplication    : The following 1 profile is active: "dev"
2026-06-15 18:43:58.795  INFO 25116 --- [main] (system) .s.d.r.c.RepositoryConfigurationDelegate : Multiple Spring Data modules found, entering strict repository configuration mode
2026-06-15 18:43:58.797  INFO 25116 --- [main] (system) .s.d.r.c.RepositoryConfigurationDelegate : Bootstrapping Spring Data Redis repositories in DEFAULT mode.
2026-06-15 18:43:58.824  INFO 25116 --- [main] (system) .s.d.r.c.RepositoryConfigurationDelegate : Finished Spring Data repository scanning in 11 ms. Found 0 Redis repository interfaces.
2026-06-15 18:43:59.292  INFO 25116 --- [main] (system) o.s.b.w.embedded.tomcat.TomcatWebServer  : Tomcat initialized with port(s): 8080 (http)
2026-06-15 18:43:59.300  INFO 25116 --- [main] (system) o.apache.catalina.core.StandardService   : Starting service [Tomcat]
2026-06-15 18:43:59.300  INFO 25116 --- [main] (system) o.apache.catalina.core.StandardEngine    : Starting Servlet engine: [Apache Tomcat/10.1.11]
2026-06-15 18:43:59.397  INFO 25116 --- [main] (system) o.a.c.c.C.[Tomcat].[localhost].[/]       : Initializing Spring embedded WebApplicationContext
2026-06-15 18:43:59.397  INFO 25116 --- [main] (system) w.s.c.ServletWebServerApplicationContext : Root WebApplicationContext: initialization completed in 1264 ms
2026-06-15 18:44:00.039  INFO 25116 --- [main] (system) org.example.config.MinioConfiguration    : Init minio client...
2026-06-15 18:44:00.432  INFO 25116 --- [main] (system) o.s.s.web.DefaultSecurityFilterChain     : Will secure any request with [org.springframework.security.web.session.DisableEncodeUrlFilter@52a74328, org.springframework.security.web.context.request.async.WebAsyncManagerIntegrationFilter@3093b9ff, org.springframework.security.web.context.SecurityContextHolderFilter@6e355249, org.springframework.security.web.header.HeaderWriterFilter@1b10f60e, org.springframework.security.web.authentication.logout.LogoutFilter@1c43e84e, org.example.filter.JwtAuthenticationFilter@7b377a53, org.example.filter.RequestLogFilter@7e18ced7, org.springframework.security.web.authentication.UsernamePasswordAuthenticationFilter@56fa0ef, org.springframework.security.web.savedrequest.RequestCacheAwareFilter@20b67366, org.springframework.security.web.servletapi.SecurityContextHolderAwareRequestFilter@7affee54, org.springframework.security.web.authentication.AnonymousAuthenticationFilter@220be130, org.springframework.security.web.session.SessionManagementFilter@7f5e9949, org.springframework.security.web.access.ExceptionTranslationFilter@1344f7fe, org.springframework.security.web.access.intercept.AuthorizationFilter@3d2eb7fa]
2026-06-15 18:44:00.689  WARN 25116 --- [main] (system) ocalVariableTableParameterNameDiscoverer : Using deprecated '-debug' fallback for parameter name resolution. Compile the affected code with '-parameters' instead or avoid its introspection: org.springframework.amqp.rabbit.core.RabbitAdmin
2026-06-15 18:44:00.733  INFO 25116 --- [main] (system) o.s.b.w.embedded.tomcat.TomcatWebServer  : Tomcat started on port(s): 8080 (http) with context path ''
2026-06-15 18:44:00.736  INFO 25116 --- [main] (system) o.s.a.r.c.CachingConnectionFactory       : Attempting to connect to: [localhost:5672]
2026-06-15 18:44:00.769  INFO 25116 --- [main] (system) o.s.a.r.c.CachingConnectionFactory       : Created new connection: rabbitConnectionFactory#145e958f:0/SimpleConnection@3694461d [delegate=amqp://guest@127.0.0.1:5672/, localPort=54910]
2026-06-15 18:44:00.802  INFO 25116 --- [main] (system) o.example.MyProjectBackendApplication    : Started MyProjectBackendApplication in 3.126 seconds (process running for 3.637)
2026-06-15 18:44:19.497  INFO 25116 --- [org.springframework.amqp.rabbit.RabbitListenerEndpointContainer#0-2] (system) o.s.a.r.l.SimpleMessageListenerContainer : Waiting for workers to finish.
2026-06-15 18:44:19.827  INFO 25116 --- [org.springframework.amqp.rabbit.RabbitListenerEndpointContainer#0-2] (system) o.s.a.r.l.SimpleMessageListenerContainer : Successfully waited for workers to finish.
2026-06-15 18:44:22.994  INFO 12444 --- [main] (system) o.example.MyProjectBackendApplication    : Starting MyProjectBackendApplication using Java 17.0.8 with PID 12444 (C:\Users\14302\IdeaProjects\my-project\my-project-backend\target\classes started by 14302 in C:\Users\14302\IdeaProjects\my-project)
2026-06-15 18:44:22.996  INFO 12444 --- [main] (system) o.example.MyProjectBackendApplication    : The following 1 profile is active: "dev"
2026-06-15 18:44:23.708  INFO 12444 --- [main] (system) .s.d.r.c.RepositoryConfigurationDelegate : Multiple Spring Data modules found, entering strict repository configuration mode
2026-06-15 18:44:23.710  INFO 12444 --- [main] (system) .s.d.r.c.RepositoryConfigurationDelegate : Bootstrapping Spring Data Redis repositories in DEFAULT mode.
2026-06-15 18:44:23.735  INFO 12444 --- [main] (system) .s.d.r.c.RepositoryConfigurationDelegate : Finished Spring Data repository scanning in 11 ms. Found 0 Redis repository interfaces.
2026-06-15 18:44:24.201  INFO 12444 --- [main] (system) o.s.b.w.embedded.tomcat.TomcatWebServer  : Tomcat initialized with port(s): 8080 (http)
2026-06-15 18:44:24.207  INFO 12444 --- [main] (system) o.apache.catalina.core.StandardService   : Starting service [Tomcat]
2026-06-15 18:44:24.208  INFO 12444 --- [main] (system) o.apache.catalina.core.StandardEngine    : Starting Servlet engine: [Apache Tomcat/10.1.11]
2026-06-15 18:44:24.303  INFO 12444 --- [main] (system) o.a.c.c.C.[Tomcat].[localhost].[/]       : Initializing Spring embedded WebApplicationContext
2026-06-15 18:44:24.303  INFO 12444 --- [main] (system) w.s.c.ServletWebServerApplicationContext : Root WebApplicationContext: initialization completed in 1269 ms
2026-06-15 18:44:25.013  INFO 12444 --- [main] (system) org.example.config.MinioConfiguration    : Init minio client...
2026-06-15 18:44:25.405  INFO 12444 --- [main] (system) o.s.s.web.DefaultSecurityFilterChain     : Will secure any request with [org.springframework.security.web.session.DisableEncodeUrlFilter@52a74328, org.springframework.security.web.context.request.async.WebAsyncManagerIntegrationFilter@3093b9ff, org.springframework.security.web.context.SecurityContextHolderFilter@6e355249, org.springframework.security.web.header.HeaderWriterFilter@1b10f60e, org.springframework.security.web.authentication.logout.LogoutFilter@1c43e84e, org.example.filter.JwtAuthenticationFilter@7b377a53, org.example.filter.RequestLogFilter@7e18ced7, org.springframework.security.web.authentication.UsernamePasswordAuthenticationFilter@56fa0ef, org.springframework.security.web.savedrequest.RequestCacheAwareFilter@20b67366, org.springframework.security.web.servletapi.SecurityContextHolderAwareRequestFilter@7affee54, org.springframework.security.web.authentication.AnonymousAuthenticationFilter@220be130, org.springframework.security.web.session.SessionManagementFilter@7f5e9949, org.springframework.security.web.access.ExceptionTranslationFilter@1344f7fe, org.springframework.security.web.access.intercept.AuthorizationFilter@3d2eb7fa]
2026-06-15 18:44:25.663  WARN 12444 --- [main] (system) ocalVariableTableParameterNameDiscoverer : Using deprecated '-debug' fallback for parameter name resolution. Compile the affected code with '-parameters' instead or avoid its introspection: org.springframework.amqp.rabbit.core.RabbitAdmin
2026-06-15 18:44:25.702  INFO 12444 --- [main] (system) o.s.b.w.embedded.tomcat.TomcatWebServer  : Tomcat started on port(s): 8080 (http) with context path ''
2026-06-15 18:44:25.705  INFO 12444 --- [main] (system) o.s.a.r.c.CachingConnectionFactory       : Attempting to connect to: [localhost:5672]
2026-06-15 18:44:25.741  INFO 12444 --- [main] (system) o.s.a.r.c.CachingConnectionFactory       : Created new connection: rabbitConnectionFactory#145e958f:0/SimpleConnection@3694461d [delegate=amqp://guest@127.0.0.1:5672/, localPort=56163]
2026-06-15 18:44:25.775  INFO 12444 --- [main] (system) o.example.MyProjectBackendApplication    : Started MyProjectBackendApplication in 3.254 seconds (process running for 3.715)
2026-06-15 18:44:29.960  INFO 12444 --- [http-nio-8080-exec-1] (system) o.a.c.c.C.[Tomcat].[localhost].[/]       : Initializing Spring DispatcherServlet 'dispatcherServlet'
2026-06-15 18:44:29.960  INFO 12444 --- [http-nio-8080-exec-1] (system) o.s.web.servlet.DispatcherServlet        : Initializing Servlet 'dispatcherServlet'
2026-06-15 18:44:29.962  INFO 12444 --- [http-nio-8080-exec-1] (system) o.s.web.servlet.DispatcherServlet        : Completed initialization in 1 ms
2026-06-15 18:44:30.526  INFO 12444 --- [http-nio-8080-exec-1] (379300810628141056) org.example.filter.RequestLogFilter      : 请求URL: "/api/user/info" (OPTIONS) | 远程IP地址: 0:0:0:0:0:0:0:1 │ 身份: 未验证 | 请求参数列表: {}
2026-06-15 18:44:30.694  INFO 12444 --- [http-nio-8080-exec-1] (379300810628141056) org.example.filter.RequestLogFilter      : 请求处理耗时: 171ms | 响应结果: 
2026-06-15 18:44:30.759  INFO 12444 --- [http-nio-8080-exec-2] (379300811613802496) org.example.filter.RequestLogFilter      : 请求URL: "/api/user/info" (GET) | 远程IP地址: 0:0:0:0:0:0:0:1 │ 身份: 未验证 | 请求参数列表: {}
2026-06-15 18:44:30.783  WARN 12444 --- [http-nio-8080-exec-2] (379300811613802496) .w.s.m.s.DefaultHandlerExceptionResolver : Resolved [org.springframework.web.bind.ServletRequestBindingException: Missing request attribute 'userId' of type int]
2026-06-15 18:44:30.783  INFO 12444 --- [http-nio-8080-exec-2] (379300811613802496) org.example.filter.RequestLogFilter      : 请求处理耗时: 24ms | 响应结果: 400 错误
2026-06-15 18:45:08.447  INFO 12444 --- [org.springframework.amqp.rabbit.RabbitListenerEndpointContainer#0-2] (system) o.s.a.r.l.SimpleMessageListenerContainer : Waiting for workers to finish.
2026-06-15 18:45:08.822  INFO 12444 --- [org.springframework.amqp.rabbit.RabbitListenerEndpointContainer#0-2] (system) o.s.a.r.l.SimpleMessageListenerContainer : Successfully waited for workers to finish.
2026-06-15 18:45:12.209  INFO 18724 --- [main] (system) o.example.MyProjectBackendApplication    : Starting MyProjectBackendApplication using Java 17.0.8 with PID 18724 (C:\Users\14302\IdeaProjects\my-project\my-project-backend\target\classes started by 14302 in C:\Users\14302\IdeaProjects\my-project)
2026-06-15 18:45:12.211  INFO 18724 --- [main] (system) o.example.MyProjectBackendApplication    : The following 1 profile is active: "dev"
2026-06-15 18:45:12.924  INFO 18724 --- [main] (system) .s.d.r.c.RepositoryConfigurationDelegate : Multiple Spring Data modules found, entering strict repository configuration mode
2026-06-15 18:45:12.926  INFO 18724 --- [main] (system) .s.d.r.c.RepositoryConfigurationDelegate : Bootstrapping Spring Data Redis repositories in DEFAULT mode.
2026-06-15 18:45:12.951  INFO 18724 --- [main] (system) .s.d.r.c.RepositoryConfigurationDelegate : Finished Spring Data repository scanning in 11 ms. Found 0 Redis repository interfaces.
2026-06-15 18:45:13.454  INFO 18724 --- [main] (system) o.s.b.w.embedded.tomcat.TomcatWebServer  : Tomcat initialized with port(s): 8080 (http)
2026-06-15 18:45:13.461  INFO 18724 --- [main] (system) o.apache.catalina.core.StandardService   : Starting service [Tomcat]
2026-06-15 18:45:13.461  INFO 18724 --- [main] (system) o.apache.catalina.core.StandardEngine    : Starting Servlet engine: [Apache Tomcat/10.1.11]
2026-06-15 18:45:13.554  INFO 18724 --- [main] (system) o.a.c.c.C.[Tomcat].[localhost].[/]       : Initializing Spring embedded WebApplicationContext
2026-06-15 18:45:13.554  INFO 18724 --- [main] (system) w.s.c.ServletWebServerApplicationContext : Root WebApplicationContext: initialization completed in 1306 ms
2026-06-15 18:45:14.223  INFO 18724 --- [main] (system) org.example.config.MinioConfiguration    : Init minio client...
2026-06-15 18:45:14.656  INFO 18724 --- [main] (system) o.s.s.web.DefaultSecurityFilterChain     : Will secure any request with [org.springframework.security.web.session.DisableEncodeUrlFilter@379b4e86, org.springframework.security.web.context.request.async.WebAsyncManagerIntegrationFilter@5f4df55e, org.springframework.security.web.context.SecurityContextHolderFilter@186d6033, org.springframework.security.web.header.HeaderWriterFilter@323eecf8, org.springframework.security.web.authentication.logout.LogoutFilter@3921135e, org.example.filter.JwtAuthenticationFilter@65844c96, org.example.filter.RequestLogFilter@25e8e59, org.springframework.security.web.authentication.UsernamePasswordAuthenticationFilter@2ab7f649, org.springframework.security.web.savedrequest.RequestCacheAwareFilter@69419d59, org.springframework.security.web.servletapi.SecurityContextHolderAwareRequestFilter@4679554d, org.springframework.security.web.authentication.AnonymousAuthenticationFilter@72bce309, org.springframework.security.web.session.SessionManagementFilter@6e355249, org.springframework.security.web.access.ExceptionTranslationFilter@4b916cc2, org.springframework.security.web.access.intercept.AuthorizationFilter@62ee1c89]
2026-06-15 18:45:14.916  WARN 18724 --- [main] (system) ocalVariableTableParameterNameDiscoverer : Using deprecated '-debug' fallback for parameter name resolution. Compile the affected code with '-parameters' instead or avoid its introspection: org.springframework.amqp.rabbit.core.RabbitAdmin
2026-06-15 18:45:14.972  INFO 18724 --- [main] (system) o.s.b.w.embedded.tomcat.TomcatWebServer  : Tomcat started on port(s): 8080 (http) with context path ''
2026-06-15 18:45:14.976  INFO 18724 --- [main] (system) o.s.a.r.c.CachingConnectionFactory       : Attempting to connect to: [localhost:5672]
2026-06-15 18:45:15.010  INFO 18724 --- [main] (system) o.s.a.r.c.CachingConnectionFactory       : Created new connection: rabbitConnectionFactory#6d001fbe:0/SimpleConnection@20e3b165 [delegate=amqp://guest@127.0.0.1:5672/, localPort=50659]
2026-06-15 18:45:15.046  INFO 18724 --- [main] (system) o.example.MyProjectBackendApplication    : Started MyProjectBackendApplication in 3.311 seconds (process running for 3.814)
2026-06-15 18:45:18.165  INFO 18724 --- [http-nio-8080-exec-1] (system) o.a.c.c.C.[Tomcat].[localhost].[/]       : Initializing Spring DispatcherServlet 'dispatcherServlet'
2026-06-15 18:45:18.165  INFO 18724 --- [http-nio-8080-exec-1] (system) o.s.web.servlet.DispatcherServlet        : Initializing Servlet 'dispatcherServlet'
2026-06-15 18:45:18.166  INFO 18724 --- [http-nio-8080-exec-1] (system) o.s.web.servlet.DispatcherServlet        : Completed initialization in 1 ms
2026-06-15 18:45:18.764  INFO 18724 --- [http-nio-8080-exec-1] (379301012952977408) org.example.filter.RequestLogFilter      : 请求URL: "/api/user/info" (OPTIONS) | 远程IP地址: 0:0:0:0:0:0:0:1 │ 身份: 未验证 | 请求参数列表: {}
2026-06-15 18:45:18.925  INFO 18724 --- [http-nio-8080-exec-1] (379301012952977408) org.example.filter.RequestLogFilter      : 请求处理耗时: 163ms | 响应结果: 
2026-06-15 18:45:18.990  INFO 18724 --- [http-nio-8080-exec-2] (379301013909278720) org.example.filter.RequestLogFilter      : 请求URL: "/api/user/info" (GET) | 远程IP地址: 0:0:0:0:0:0:0:1 │ 身份: 未验证 | 请求参数列表: {}
2026-06-15 18:45:19.017  WARN 18724 --- [http-nio-8080-exec-2] (379301013909278720) .w.s.m.s.DefaultHandlerExceptionResolver : Resolved [org.springframework.web.bind.ServletRequestBindingException: Missing request attribute 'userId' of type int]
2026-06-15 18:45:19.018  INFO 18724 --- [http-nio-8080-exec-2] (379301013909278720) org.example.filter.RequestLogFilter      : 请求处理耗时: 28ms | 响应结果: 400 错误
2026-06-15 18:46:19.033  INFO 18724 --- [org.springframework.amqp.rabbit.RabbitListenerEndpointContainer#0-2] (system) o.s.a.r.l.SimpleMessageListenerContainer : Waiting for workers to finish.
2026-06-15 18:46:19.121  INFO 18724 --- [org.springframework.amqp.rabbit.RabbitListenerEndpointContainer#0-2] (system) o.s.a.r.l.SimpleMessageListenerContainer : Successfully waited for workers to finish.
2026-06-15 18:46:22.702  INFO 32200 --- [main] (system) o.example.MyProjectBackendApplication    : Starting MyProjectBackendApplication using Java 17.0.8 with PID 32200 (C:\Users\14302\IdeaProjects\my-project\my-project-backend\target\classes started by 14302 in C:\Users\14302\IdeaProjects\my-project)
2026-06-15 18:46:22.705  INFO 32200 --- [main] (system) o.example.MyProjectBackendApplication    : The following 1 profile is active: "dev"
2026-06-15 18:46:23.364  INFO 32200 --- [main] (system) .s.d.r.c.RepositoryConfigurationDelegate : Multiple Spring Data modules found, entering strict repository configuration mode
2026-06-15 18:46:23.366  INFO 32200 --- [main] (system) .s.d.r.c.RepositoryConfigurationDelegate : Bootstrapping Spring Data Redis repositories in DEFAULT mode.
2026-06-15 18:46:23.391  INFO 32200 --- [main] (system) .s.d.r.c.RepositoryConfigurationDelegate : Finished Spring Data repository scanning in 10 ms. Found 0 Redis repository interfaces.
2026-06-15 18:46:23.854  INFO 32200 --- [main] (system) o.s.b.w.embedded.tomcat.TomcatWebServer  : Tomcat initialized with port(s): 8080 (http)
2026-06-15 18:46:23.861  INFO 32200 --- [main] (system) o.apache.catalina.core.StandardService   : Starting service [Tomcat]
2026-06-15 18:46:23.861  INFO 32200 --- [main] (system) o.apache.catalina.core.StandardEngine    : Starting Servlet engine: [Apache Tomcat/10.1.11]
2026-06-15 18:46:23.942  INFO 32200 --- [main] (system) o.a.c.c.C.[Tomcat].[localhost].[/]       : Initializing Spring embedded WebApplicationContext
2026-06-15 18:46:23.942  INFO 32200 --- [main] (system) w.s.c.ServletWebServerApplicationContext : Root WebApplicationContext: initialization completed in 1191 ms
2026-06-15 18:46:24.562  INFO 32200 --- [main] (system) org.example.config.MinioConfiguration    : Init minio client...
2026-06-15 18:46:24.944  INFO 32200 --- [main] (system) o.s.s.web.DefaultSecurityFilterChain     : Will secure any request with [org.springframework.security.web.session.DisableEncodeUrlFilter@2d3eb1ea, org.springframework.security.web.context.request.async.WebAsyncManagerIntegrationFilter@78508e6b, org.springframework.security.web.context.SecurityContextHolderFilter@759f45f1, org.springframework.security.web.header.HeaderWriterFilter@1c43e84e, org.springframework.security.web.authentication.logout.LogoutFilter@33765d22, org.example.filter.JwtAuthenticationFilter@77663cd7, org.example.filter.RequestLogFilter@7aae1170, org.springframework.security.web.authentication.UsernamePasswordAuthenticationFilter@7cd3860, org.springframework.security.web.savedrequest.RequestCacheAwareFilter@1479ed5a, org.springframework.security.web.servletapi.SecurityContextHolderAwareRequestFilter@5e278e25, org.springframework.security.web.authentication.AnonymousAuthenticationFilter@1bde9a22, org.springframework.security.web.session.SessionManagementFilter@21ce2e4d, org.springframework.security.web.access.ExceptionTranslationFilter@14b9df65, org.springframework.security.web.access.intercept.AuthorizationFilter@228958a]
2026-06-15 18:46:25.190  WARN 32200 --- [main] (system) ocalVariableTableParameterNameDiscoverer : Using deprecated '-debug' fallback for parameter name resolution. Compile the affected code with '-parameters' instead or avoid its introspection: org.springframework.amqp.rabbit.core.RabbitAdmin
2026-06-15 18:46:25.234  INFO 32200 --- [main] (system) o.s.b.w.embedded.tomcat.TomcatWebServer  : Tomcat started on port(s): 8080 (http) with context path ''
2026-06-15 18:46:25.236  INFO 32200 --- [main] (system) o.s.a.r.c.CachingConnectionFactory       : Attempting to connect to: [localhost:5672]
2026-06-15 18:46:25.269  INFO 32200 --- [main] (system) o.s.a.r.c.CachingConnectionFactory       : Created new connection: rabbitConnectionFactory#295b07e0:0/SimpleConnection@97cb8dc [delegate=amqp://guest@127.0.0.1:5672/, localPort=51475]
2026-06-15 18:46:25.302  INFO 32200 --- [main] (system) o.example.MyProjectBackendApplication    : Started MyProjectBackendApplication in 3.121 seconds (process running for 3.609)
2026-06-15 18:46:56.585  INFO 32200 --- [http-nio-8080-exec-1] (system) o.a.c.c.C.[Tomcat].[localhost].[/]       : Initializing Spring DispatcherServlet 'dispatcherServlet'
2026-06-15 18:46:56.585  INFO 32200 --- [http-nio-8080-exec-1] (system) o.s.web.servlet.DispatcherServlet        : Initializing Servlet 'dispatcherServlet'
2026-06-15 18:46:56.587  INFO 32200 --- [http-nio-8080-exec-1] (system) o.s.web.servlet.DispatcherServlet        : Completed initialization in 1 ms
2026-06-15 18:46:57.173  INFO 32200 --- [http-nio-8080-exec-1] (379301425706045440) org.example.filter.RequestLogFilter      : 请求URL: "/api/user/info" (OPTIONS) | 远程IP地址: 0:0:0:0:0:0:0:1 │ 身份: 未验证 | 请求参数列表: {}
2026-06-15 18:46:57.343  INFO 32200 --- [http-nio-8080-exec-1] (379301425706045440) org.example.filter.RequestLogFilter      : 请求处理耗时: 173ms | 响应结果: 
2026-06-15 18:46:57.433  INFO 32200 --- [http-nio-8080-exec-3] (379301426809147392) org.example.filter.RequestLogFilter      : 请求URL: "/api/user/info" (GET) | 远程IP地址: 0:0:0:0:0:0:0:1 │ 身份: 未验证 | 请求参数列表: {}
2026-06-15 18:46:57.460  WARN 32200 --- [http-nio-8080-exec-3] (379301426809147392) .w.s.m.s.DefaultHandlerExceptionResolver : Resolved [org.springframework.web.bind.ServletRequestBindingException: Missing request attribute 'userId' of type int]
2026-06-15 18:46:57.460  INFO 32200 --- [http-nio-8080-exec-3] (379301426809147392) org.example.filter.RequestLogFilter      : 请求处理耗时: 27ms | 响应结果: 400 错误
2026-06-15 18:47:19.212  INFO 32200 --- [org.springframework.amqp.rabbit.RabbitListenerEndpointContainer#0-2] (system) o.s.a.r.l.SimpleMessageListenerContainer : Waiting for workers to finish.
2026-06-15 18:47:19.369  INFO 32200 --- [org.springframework.amqp.rabbit.RabbitListenerEndpointContainer#0-2] (system) o.s.a.r.l.SimpleMessageListenerContainer : Successfully waited for workers to finish.
2026-06-15 18:47:23.014  INFO 5364 --- [main] (system) o.example.MyProjectBackendApplication    : Starting MyProjectBackendApplication using Java 17.0.8 with PID 5364 (C:\Users\14302\IdeaProjects\my-project\my-project-backend\target\classes started by 14302 in C:\Users\14302\IdeaProjects\my-project)
2026-06-15 18:47:23.016  INFO 5364 --- [main] (system) o.example.MyProjectBackendApplication    : The following 1 profile is active: "dev"
2026-06-15 18:47:23.746  INFO 5364 --- [main] (system) .s.d.r.c.RepositoryConfigurationDelegate : Multiple Spring Data modules found, entering strict repository configuration mode
2026-06-15 18:47:23.749  INFO 5364 --- [main] (system) .s.d.r.c.RepositoryConfigurationDelegate : Bootstrapping Spring Data Redis repositories in DEFAULT mode.
2026-06-15 18:47:23.771  INFO 5364 --- [main] (system) .s.d.r.c.RepositoryConfigurationDelegate : Finished Spring Data repository scanning in 10 ms. Found 0 Redis repository interfaces.
2026-06-15 18:47:24.276  INFO 5364 --- [main] (system) o.s.b.w.embedded.tomcat.TomcatWebServer  : Tomcat initialized with port(s): 8080 (http)
2026-06-15 18:47:24.283  INFO 5364 --- [main] (system) o.apache.catalina.core.StandardService   : Starting service [Tomcat]
2026-06-15 18:47:24.283  INFO 5364 --- [main] (system) o.apache.catalina.core.StandardEngine    : Starting Servlet engine: [Apache Tomcat/10.1.11]
2026-06-15 18:47:24.374  INFO 5364 --- [main] (system) o.a.c.c.C.[Tomcat].[localhost].[/]       : Initializing Spring embedded WebApplicationContext
2026-06-15 18:47:24.375  INFO 5364 --- [main] (system) w.s.c.ServletWebServerApplicationContext : Root WebApplicationContext: initialization completed in 1315 ms
2026-06-15 18:47:25.061  INFO 5364 --- [main] (system) org.example.config.MinioConfiguration    : Init minio client...
2026-06-15 18:47:25.501  INFO 5364 --- [main] (system) o.s.s.web.DefaultSecurityFilterChain     : Will secure any request with [org.springframework.security.web.session.DisableEncodeUrlFilter@2d3eb1ea, org.springframework.security.web.context.request.async.WebAsyncManagerIntegrationFilter@78508e6b, org.springframework.security.web.context.SecurityContextHolderFilter@759f45f1, org.springframework.security.web.header.HeaderWriterFilter@1c43e84e, org.springframework.security.web.authentication.logout.LogoutFilter@33765d22, org.example.filter.JwtAuthenticationFilter@77663cd7, org.example.filter.RequestLogFilter@7aae1170, org.springframework.security.web.authentication.UsernamePasswordAuthenticationFilter@7cd3860, org.springframework.security.web.savedrequest.RequestCacheAwareFilter@1479ed5a, org.springframework.security.web.servletapi.SecurityContextHolderAwareRequestFilter@5e278e25, org.springframework.security.web.authentication.AnonymousAuthenticationFilter@1bde9a22, org.springframework.security.web.session.SessionManagementFilter@21ce2e4d, org.springframework.security.web.access.ExceptionTranslationFilter@14b9df65, org.springframework.security.web.access.intercept.AuthorizationFilter@228958a]
2026-06-15 18:47:25.750  WARN 5364 --- [main] (system) ocalVariableTableParameterNameDiscoverer : Using deprecated '-debug' fallback for parameter name resolution. Compile the affected code with '-parameters' instead or avoid its introspection: org.springframework.amqp.rabbit.core.RabbitAdmin
2026-06-15 18:47:25.791  INFO 5364 --- [main] (system) o.s.b.w.embedded.tomcat.TomcatWebServer  : Tomcat started on port(s): 8080 (http) with context path ''
2026-06-15 18:47:25.793  INFO 5364 --- [main] (system) o.s.a.r.c.CachingConnectionFactory       : Attempting to connect to: [localhost:5672]
2026-06-15 18:47:25.826  INFO 5364 --- [main] (system) o.s.a.r.c.CachingConnectionFactory       : Created new connection: rabbitConnectionFactory#295b07e0:0/SimpleConnection@ba27ce6 [delegate=amqp://guest@127.0.0.1:5672/, localPort=54024]
2026-06-15 18:47:25.860  INFO 5364 --- [main] (system) o.example.MyProjectBackendApplication    : Started MyProjectBackendApplication in 3.343 seconds (process running for 3.868)
2026-06-15 18:47:39.226  INFO 5364 --- [org.springframework.amqp.rabbit.RabbitListenerEndpointContainer#0-2] (system) o.s.a.r.l.SimpleMessageListenerContainer : Waiting for workers to finish.
2026-06-15 18:47:39.871  INFO 5364 --- [org.springframework.amqp.rabbit.RabbitListenerEndpointContainer#0-2] (system) o.s.a.r.l.SimpleMessageListenerContainer : Successfully waited for workers to finish.
2026-06-15 18:47:42.955  INFO 33952 --- [main] (system) o.example.MyProjectBackendApplication    : Starting MyProjectBackendApplication using Java 17.0.8 with PID 33952 (C:\Users\14302\IdeaProjects\my-project\my-project-backend\target\classes started by 14302 in C:\Users\14302\IdeaProjects\my-project)
2026-06-15 18:47:42.958  INFO 33952 --- [main] (system) o.example.MyProjectBackendApplication    : The following 1 profile is active: "dev"
2026-06-15 18:47:43.695  INFO 33952 --- [main] (system) .s.d.r.c.RepositoryConfigurationDelegate : Multiple Spring Data modules found, entering strict repository configuration mode
2026-06-15 18:47:43.697  INFO 33952 --- [main] (system) .s.d.r.c.RepositoryConfigurationDelegate : Bootstrapping Spring Data Redis repositories in DEFAULT mode.
2026-06-15 18:47:43.719  INFO 33952 --- [main] (system) .s.d.r.c.RepositoryConfigurationDelegate : Finished Spring Data repository scanning in 9 ms. Found 0 Redis repository interfaces.
2026-06-15 18:47:44.198  INFO 33952 --- [main] (system) o.s.b.w.embedded.tomcat.TomcatWebServer  : Tomcat initialized with port(s): 8080 (http)
2026-06-15 18:47:44.205  INFO 33952 --- [main] (system) o.apache.catalina.core.StandardService   : Starting service [Tomcat]
2026-06-15 18:47:44.206  INFO 33952 --- [main] (system) o.apache.catalina.core.StandardEngine    : Starting Servlet engine: [Apache Tomcat/10.1.11]
2026-06-15 18:47:44.307  INFO 33952 --- [main] (system) o.a.c.c.C.[Tomcat].[localhost].[/]       : Initializing Spring embedded WebApplicationContext
2026-06-15 18:47:44.308  INFO 33952 --- [main] (system) w.s.c.ServletWebServerApplicationContext : Root WebApplicationContext: initialization completed in 1301 ms
2026-06-15 18:47:45.004  INFO 33952 --- [main] (system) org.example.config.MinioConfiguration    : Init minio client...
2026-06-15 18:47:45.646  INFO 33952 --- [main] (system) o.s.s.web.DefaultSecurityFilterChain     : Will secure any request with [org.springframework.security.web.session.DisableEncodeUrlFilter@2d3eb1ea, org.springframework.security.web.context.request.async.WebAsyncManagerIntegrationFilter@78508e6b, org.springframework.security.web.context.SecurityContextHolderFilter@759f45f1, org.springframework.security.web.header.HeaderWriterFilter@1c43e84e, org.springframework.security.web.authentication.logout.LogoutFilter@33765d22, org.example.filter.JwtAuthenticationFilter@77663cd7, org.example.filter.RequestLogFilter@7aae1170, org.springframework.security.web.authentication.UsernamePasswordAuthenticationFilter@7cd3860, org.springframework.security.web.savedrequest.RequestCacheAwareFilter@1479ed5a, org.springframework.security.web.servletapi.SecurityContextHolderAwareRequestFilter@5e278e25, org.springframework.security.web.authentication.AnonymousAuthenticationFilter@1bde9a22, org.springframework.security.web.session.SessionManagementFilter@21ce2e4d, org.springframework.security.web.access.ExceptionTranslationFilter@14b9df65, org.springframework.security.web.access.intercept.AuthorizationFilter@228958a]
2026-06-15 18:47:46.128  WARN 33952 --- [main] (system) ocalVariableTableParameterNameDiscoverer : Using deprecated '-debug' fallback for parameter name resolution. Compile the affected code with '-parameters' instead or avoid its introspection: org.springframework.amqp.rabbit.core.RabbitAdmin
2026-06-15 18:47:46.213  INFO 33952 --- [main] (system) o.s.b.w.embedded.tomcat.TomcatWebServer  : Tomcat started on port(s): 8080 (http) with context path ''
2026-06-15 18:47:46.217  INFO 33952 --- [main] (system) o.s.a.r.c.CachingConnectionFactory       : Attempting to connect to: [localhost:5672]
2026-06-15 18:47:46.292  INFO 33952 --- [main] (system) o.s.a.r.c.CachingConnectionFactory       : Created new connection: rabbitConnectionFactory#295b07e0:0/SimpleConnection@ba27ce6 [delegate=amqp://guest@127.0.0.1:5672/, localPort=55862]
2026-06-15 18:47:46.358  INFO 33952 --- [main] (system) o.example.MyProjectBackendApplication    : Started MyProjectBackendApplication in 3.922 seconds (process running for 4.387)
2026-06-15 18:47:55.526  INFO 33952 --- [http-nio-8080-exec-2] (system) o.a.c.c.C.[Tomcat].[localhost].[/]       : Initializing Spring DispatcherServlet 'dispatcherServlet'
2026-06-15 18:47:55.528  INFO 33952 --- [http-nio-8080-exec-2] (system) o.s.web.servlet.DispatcherServlet        : Initializing Servlet 'dispatcherServlet'
2026-06-15 18:47:55.536  INFO 33952 --- [http-nio-8080-exec-2] (system) o.s.web.servlet.DispatcherServlet        : Completed initialization in 7 ms
2026-06-15 18:47:56.070  INFO 33952 --- [http-nio-8080-exec-2] (379301672742162432) org.example.filter.RequestLogFilter      : 请求URL: "/api/user/info" (OPTIONS) | 远程IP地址: 0:0:0:0:0:0:0:1 │ 身份: 未验证 | 请求参数列表: {}
2026-06-15 18:47:56.198  INFO 33952 --- [http-nio-8080-exec-2] (379301672742162432) org.example.filter.RequestLogFilter      : 请求处理耗时: 130ms | 响应结果: 
2026-06-15 18:47:56.323  INFO 33952 --- [http-nio-8080-exec-1] (379301673807515648) org.example.filter.RequestLogFilter      : 请求URL: "/api/user/info" (GET) | 远程IP地址: 0:0:0:0:0:0:0:1 │ 身份: 未验证 | 请求参数列表: {}
2026-06-15 18:47:56.349  WARN 33952 --- [http-nio-8080-exec-1] (379301673807515648) .w.s.m.s.DefaultHandlerExceptionResolver : Resolved [org.springframework.web.bind.ServletRequestBindingException: Missing request attribute 'userId' of type int]
2026-06-15 18:47:56.349  INFO 33952 --- [http-nio-8080-exec-1] (379301673807515648) org.example.filter.RequestLogFilter      : 请求处理耗时: 27ms | 响应结果: 400 错误
2026-06-15 18:48:44.229  INFO 33952 --- [org.springframework.amqp.rabbit.RabbitListenerEndpointContainer#0-2] (system) o.s.a.r.l.SimpleMessageListenerContainer : Waiting for workers to finish.
2026-06-15 18:48:44.489  INFO 33952 --- [org.springframework.amqp.rabbit.RabbitListenerEndpointContainer#0-2] (system) o.s.a.r.l.SimpleMessageListenerContainer : Successfully waited for workers to finish.
2026-06-15 18:48:48.010  INFO 32516 --- [main] (system) o.example.MyProjectBackendApplication    : Starting MyProjectBackendApplication using Java 17.0.8 with PID 32516 (C:\Users\14302\IdeaProjects\my-project\my-project-backend\target\classes started by 14302 in C:\Users\14302\IdeaProjects\my-project)
2026-06-15 18:48:48.013  INFO 32516 --- [main] (system) o.example.MyProjectBackendApplication    : The following 1 profile is active: "dev"
2026-06-15 18:48:48.723  INFO 32516 --- [main] (system) .s.d.r.c.RepositoryConfigurationDelegate : Multiple Spring Data modules found, entering strict repository configuration mode
2026-06-15 18:48:48.725  INFO 32516 --- [main] (system) .s.d.r.c.RepositoryConfigurationDelegate : Bootstrapping Spring Data Redis repositories in DEFAULT mode.
2026-06-15 18:48:48.748  INFO 32516 --- [main] (system) .s.d.r.c.RepositoryConfigurationDelegate : Finished Spring Data repository scanning in 11 ms. Found 0 Redis repository interfaces.
2026-06-15 18:48:49.266  INFO 32516 --- [main] (system) o.s.b.w.embedded.tomcat.TomcatWebServer  : Tomcat initialized with port(s): 8080 (http)
2026-06-15 18:48:49.273  INFO 32516 --- [main] (system) o.apache.catalina.core.StandardService   : Starting service [Tomcat]
2026-06-15 18:48:49.274  INFO 32516 --- [main] (system) o.apache.catalina.core.StandardEngine    : Starting Servlet engine: [Apache Tomcat/10.1.11]
2026-06-15 18:48:49.366  INFO 32516 --- [main] (system) o.a.c.c.C.[Tomcat].[localhost].[/]       : Initializing Spring embedded WebApplicationContext
2026-06-15 18:48:49.366  INFO 32516 --- [main] (system) w.s.c.ServletWebServerApplicationContext : Root WebApplicationContext: initialization completed in 1316 ms
2026-06-15 18:48:50.030  INFO 32516 --- [main] (system) org.example.config.MinioConfiguration    : Init minio client...
2026-06-15 18:48:50.460  INFO 32516 --- [main] (system) o.s.s.web.DefaultSecurityFilterChain     : Will secure any request with [org.springframework.security.web.session.DisableEncodeUrlFilter@c29b0dc, org.springframework.security.web.context.request.async.WebAsyncManagerIntegrationFilter@228958a, org.springframework.security.web.context.SecurityContextHolderFilter@3b046e64, org.springframework.security.web.header.HeaderWriterFilter@18209303, org.springframework.security.web.authentication.logout.LogoutFilter@5487a8f1, org.example.filter.JwtAuthenticationFilter@1753475d, org.example.filter.RequestLogFilter@55adcf9e, org.springframework.security.web.authentication.UsernamePasswordAuthenticationFilter@5d00b469, org.springframework.security.web.savedrequest.RequestCacheAwareFilter@7bd694a5, org.springframework.security.web.servletapi.SecurityContextHolderAwareRequestFilter@759f45f1, org.springframework.security.web.authentication.AnonymousAuthenticationFilter@7cd3860, org.springframework.security.web.session.SessionManagementFilter@6aa9a93b, org.springframework.security.web.access.ExceptionTranslationFilter@7474196, org.springframework.security.web.access.intercept.AuthorizationFilter@5c9e6d95]
2026-06-15 18:48:50.711  WARN 32516 --- [main] (system) ocalVariableTableParameterNameDiscoverer : Using deprecated '-debug' fallback for parameter name resolution. Compile the affected code with '-parameters' instead or avoid its introspection: org.springframework.amqp.rabbit.core.RabbitAdmin
2026-06-15 18:48:50.753  INFO 32516 --- [main] (system) o.s.b.w.embedded.tomcat.TomcatWebServer  : Tomcat started on port(s): 8080 (http) with context path ''
2026-06-15 18:48:50.756  INFO 32516 --- [main] (system) o.s.a.r.c.CachingConnectionFactory       : Attempting to connect to: [localhost:5672]
2026-06-15 18:48:50.840  INFO 32516 --- [main] (system) o.s.a.r.c.CachingConnectionFactory       : Created new connection: rabbitConnectionFactory#165d1d54:0/SimpleConnection@4a094f90 [delegate=amqp://guest@127.0.0.1:5672/, localPort=50222]
2026-06-15 18:48:50.916  INFO 32516 --- [main] (system) o.example.MyProjectBackendApplication    : Started MyProjectBackendApplication in 3.335 seconds (process running for 3.779)
2026-06-15 18:48:52.699  INFO 32516 --- [http-nio-8080-exec-1] (system) o.a.c.c.C.[Tomcat].[localhost].[/]       : Initializing Spring DispatcherServlet 'dispatcherServlet'
2026-06-15 18:48:52.700  INFO 32516 --- [http-nio-8080-exec-1] (system) o.s.web.servlet.DispatcherServlet        : Initializing Servlet 'dispatcherServlet'
2026-06-15 18:48:52.702  INFO 32516 --- [http-nio-8080-exec-1] (system) o.s.web.servlet.DispatcherServlet        : Completed initialization in 1 ms
2026-06-15 18:48:53.316  INFO 32516 --- [http-nio-8080-exec-1] (379301912849289216) org.example.filter.RequestLogFilter      : 请求URL: "/api/user/info" (OPTIONS) | 远程IP地址: 0:0:0:0:0:0:0:1 │ 身份: 未验证 | 请求参数列表: {}
2026-06-15 18:48:53.486  INFO 32516 --- [http-nio-8080-exec-1] (379301912849289216) org.example.filter.RequestLogFilter      : 请求处理耗时: 172ms | 响应结果: 
2026-06-15 18:48:53.554  INFO 32516 --- [http-nio-8080-exec-2] (379301913855922176) org.example.filter.RequestLogFilter      : 请求URL: "/api/user/info" (GET) | 远程IP地址: 0:0:0:0:0:0:0:1 │ 身份: 未验证 | 请求参数列表: {}
2026-06-15 18:48:53.579  WARN 32516 --- [http-nio-8080-exec-2] (379301913855922176) .w.s.m.s.DefaultHandlerExceptionResolver : Resolved [org.springframework.web.bind.ServletRequestBindingException: Missing request attribute 'userId' of type int]
2026-06-15 18:48:53.580  INFO 32516 --- [http-nio-8080-exec-2] (379301913855922176) org.example.filter.RequestLogFilter      : 请求处理耗时: 26ms | 响应结果: 400 错误
2026-06-15 18:49:18.793  INFO 32516 --- [org.springframework.amqp.rabbit.RabbitListenerEndpointContainer#0-2] (system) o.s.a.r.l.SimpleMessageListenerContainer : Waiting for workers to finish.
2026-06-15 18:49:18.940  INFO 32516 --- [org.springframework.amqp.rabbit.RabbitListenerEndpointContainer#0-2] (system) o.s.a.r.l.SimpleMessageListenerContainer : Successfully waited for workers to finish.
2026-06-15 18:49:22.518  INFO 8316 --- [main] (system) o.example.MyProjectBackendApplication    : Starting MyProjectBackendApplication using Java 17.0.8 with PID 8316 (C:\Users\14302\IdeaProjects\my-project\my-project-backend\target\classes started by 14302 in C:\Users\14302\IdeaProjects\my-project)
2026-06-15 18:49:22.520  INFO 8316 --- [main] (system) o.example.MyProjectBackendApplication    : The following 1 profile is active: "dev"
2026-06-15 18:49:23.260  INFO 8316 --- [main] (system) .s.d.r.c.RepositoryConfigurationDelegate : Multiple Spring Data modules found, entering strict repository configuration mode
2026-06-15 18:49:23.262  INFO 8316 --- [main] (system) .s.d.r.c.RepositoryConfigurationDelegate : Bootstrapping Spring Data Redis repositories in DEFAULT mode.
2026-06-15 18:49:23.281  INFO 8316 --- [main] (system) .s.d.r.c.RepositoryConfigurationDelegate : Finished Spring Data repository scanning in 9 ms. Found 0 Redis repository interfaces.
2026-06-15 18:49:23.748  INFO 8316 --- [main] (system) o.s.b.w.embedded.tomcat.TomcatWebServer  : Tomcat initialized with port(s): 8080 (http)
2026-06-15 18:49:23.754  INFO 8316 --- [main] (system) o.apache.catalina.core.StandardService   : Starting service [Tomcat]
2026-06-15 18:49:23.755  INFO 8316 --- [main] (system) o.apache.catalina.core.StandardEngine    : Starting Servlet engine: [Apache Tomcat/10.1.11]
2026-06-15 18:49:23.840  INFO 8316 --- [main] (system) o.a.c.c.C.[Tomcat].[localhost].[/]       : Initializing Spring embedded WebApplicationContext
2026-06-15 18:49:23.841  INFO 8316 --- [main] (system) w.s.c.ServletWebServerApplicationContext : Root WebApplicationContext: initialization completed in 1279 ms
2026-06-15 18:49:24.461  INFO 8316 --- [main] (system) org.example.config.MinioConfiguration    : Init minio client...
2026-06-15 18:49:24.850  INFO 8316 --- [main] (system) o.s.s.web.DefaultSecurityFilterChain     : Will secure any request with [org.springframework.security.web.session.DisableEncodeUrlFilter@2d3eb1ea, org.springframework.security.web.context.request.async.WebAsyncManagerIntegrationFilter@78508e6b, org.springframework.security.web.context.SecurityContextHolderFilter@759f45f1, org.springframework.security.web.header.HeaderWriterFilter@1c43e84e, org.springframework.security.web.authentication.logout.LogoutFilter@33765d22, org.example.filter.JwtAuthenticationFilter@77663cd7, org.example.filter.RequestLogFilter@7aae1170, org.springframework.security.web.authentication.UsernamePasswordAuthenticationFilter@7cd3860, org.springframework.security.web.savedrequest.RequestCacheAwareFilter@1479ed5a, org.springframework.security.web.servletapi.SecurityContextHolderAwareRequestFilter@5e278e25, org.springframework.security.web.authentication.AnonymousAuthenticationFilter@1bde9a22, org.springframework.security.web.session.SessionManagementFilter@21ce2e4d, org.springframework.security.web.access.ExceptionTranslationFilter@14b9df65, org.springframework.security.web.access.intercept.AuthorizationFilter@228958a]
2026-06-15 18:49:25.106  WARN 8316 --- [main] (system) ocalVariableTableParameterNameDiscoverer : Using deprecated '-debug' fallback for parameter name resolution. Compile the affected code with '-parameters' instead or avoid its introspection: org.springframework.amqp.rabbit.core.RabbitAdmin
2026-06-15 18:49:25.148  INFO 8316 --- [main] (system) o.s.b.w.embedded.tomcat.TomcatWebServer  : Tomcat started on port(s): 8080 (http) with context path ''
2026-06-15 18:49:25.152  INFO 8316 --- [main] (system) o.s.a.r.c.CachingConnectionFactory       : Attempting to connect to: [localhost:5672]
2026-06-15 18:49:25.185  INFO 8316 --- [main] (system) o.s.a.r.c.CachingConnectionFactory       : Created new connection: rabbitConnectionFactory#295b07e0:0/SimpleConnection@97cb8dc [delegate=amqp://guest@127.0.0.1:5672/, localPort=57156]
2026-06-15 18:49:25.220  INFO 8316 --- [main] (system) o.example.MyProjectBackendApplication    : Started MyProjectBackendApplication in 3.167 seconds (process running for 3.776)
2026-06-15 18:49:29.328  INFO 8316 --- [http-nio-8080-exec-1] (system) o.a.c.c.C.[Tomcat].[localhost].[/]       : Initializing Spring DispatcherServlet 'dispatcherServlet'
2026-06-15 18:49:29.329  INFO 8316 --- [http-nio-8080-exec-1] (system) o.s.web.servlet.DispatcherServlet        : Initializing Servlet 'dispatcherServlet'
2026-06-15 18:49:29.330  INFO 8316 --- [http-nio-8080-exec-1] (system) o.s.web.servlet.DispatcherServlet        : Completed initialization in 1 ms
2026-06-15 18:49:29.965  INFO 8316 --- [http-nio-8080-exec-1] (379302066562142208) org.example.filter.RequestLogFilter      : 请求URL: "/api/user/info" (OPTIONS) | 远程IP地址: 0:0:0:0:0:0:0:1 │ 身份: 未验证 | 请求参数列表: {}
2026-06-15 18:49:30.145  INFO 8316 --- [http-nio-8080-exec-1] (379302066562142208) org.example.filter.RequestLogFilter      : 请求处理耗时: 183ms | 响应结果: 
2026-06-15 18:49:30.216  INFO 8316 --- [http-nio-8080-exec-2] (379302067627495424) org.example.filter.RequestLogFilter      : 请求URL: "/api/user/info" (GET) | 远程IP地址: 0:0:0:0:0:0:0:1 │ 身份: 未验证 | 请求参数列表: {}
2026-06-15 18:49:30.238  WARN 8316 --- [http-nio-8080-exec-2] (379302067627495424) .w.s.m.s.DefaultHandlerExceptionResolver : Resolved [org.springframework.web.bind.ServletRequestBindingException: Missing request attribute 'userId' of type int]
2026-06-15 18:49:30.239  INFO 8316 --- [http-nio-8080-exec-2] (379302067627495424) org.example.filter.RequestLogFilter      : 请求处理耗时: 23ms | 响应结果: 400 错误
2026-06-15 18:49:43.634  INFO 8316 --- [org.springframework.amqp.rabbit.RabbitListenerEndpointContainer#0-2] (system) o.s.a.r.l.SimpleMessageListenerContainer : Waiting for workers to finish.
2026-06-15 18:49:44.238  INFO 8316 --- [org.springframework.amqp.rabbit.RabbitListenerEndpointContainer#0-2] (system) o.s.a.r.l.SimpleMessageListenerContainer : Successfully waited for workers to finish.
2026-06-15 18:49:47.798  INFO 9504 --- [main] (system) o.example.MyProjectBackendApplication    : Starting MyProjectBackendApplication using Java 17.0.8 with PID 9504 (C:\Users\14302\IdeaProjects\my-project\my-project-backend\target\classes started by 14302 in C:\Users\14302\IdeaProjects\my-project)
2026-06-15 18:49:47.800  INFO 9504 --- [main] (system) o.example.MyProjectBackendApplication    : The following 1 profile is active: "dev"
2026-06-15 18:49:48.464  INFO 9504 --- [main] (system) .s.d.r.c.RepositoryConfigurationDelegate : Multiple Spring Data modules found, entering strict repository configuration mode
2026-06-15 18:49:48.466  INFO 9504 --- [main] (system) .s.d.r.c.RepositoryConfigurationDelegate : Bootstrapping Spring Data Redis repositories in DEFAULT mode.
2026-06-15 18:49:48.488  INFO 9504 --- [main] (system) .s.d.r.c.RepositoryConfigurationDelegate : Finished Spring Data repository scanning in 10 ms. Found 0 Redis repository interfaces.
2026-06-15 18:49:48.961  INFO 9504 --- [main] (system) o.s.b.w.embedded.tomcat.TomcatWebServer  : Tomcat initialized with port(s): 8080 (http)
2026-06-15 18:49:48.968  INFO 9504 --- [main] (system) o.apache.catalina.core.StandardService   : Starting service [Tomcat]
2026-06-15 18:49:48.969  INFO 9504 --- [main] (system) o.apache.catalina.core.StandardEngine    : Starting Servlet engine: [Apache Tomcat/10.1.11]
2026-06-15 18:49:49.054  INFO 9504 --- [main] (system) o.a.c.c.C.[Tomcat].[localhost].[/]       : Initializing Spring embedded WebApplicationContext
2026-06-15 18:49:49.054  INFO 9504 --- [main] (system) w.s.c.ServletWebServerApplicationContext : Root WebApplicationContext: initialization completed in 1220 ms
2026-06-15 18:49:49.760  INFO 9504 --- [main] (system) org.example.config.MinioConfiguration    : Init minio client...
2026-06-15 18:49:50.171  INFO 9504 --- [main] (system) o.s.s.web.DefaultSecurityFilterChain     : Will secure any request with [org.springframework.security.web.session.DisableEncodeUrlFilter@6f67ece5, org.springframework.security.web.context.request.async.WebAsyncManagerIntegrationFilter@155c7eae, org.springframework.security.web.context.SecurityContextHolderFilter@7474196, org.springframework.security.web.header.HeaderWriterFilter@57e57dc5, org.springframework.security.web.authentication.logout.LogoutFilter@379b4e86, org.example.filter.JwtAuthenticationFilter@3a0896b3, org.example.filter.RequestLogFilter@77663cd7, org.springframework.security.web.authentication.UsernamePasswordAuthenticationFilter@23dff243, org.springframework.security.web.savedrequest.RequestCacheAwareFilter@18209303, org.springframework.security.web.servletapi.SecurityContextHolderAwareRequestFilter@14b9df65, org.springframework.security.web.authentication.AnonymousAuthenticationFilter@5c9e6d95, org.springframework.security.web.session.SessionManagementFilter@147059f8, org.springframework.security.web.access.ExceptionTranslationFilter@43719e98, org.springframework.security.web.access.intercept.AuthorizationFilter@5b2ff4df]
2026-06-15 18:49:50.427  WARN 9504 --- [main] (system) ocalVariableTableParameterNameDiscoverer : Using deprecated '-debug' fallback for parameter name resolution. Compile the affected code with '-parameters' instead or avoid its introspection: org.springframework.amqp.rabbit.core.RabbitAdmin
2026-06-15 18:49:50.467  INFO 9504 --- [main] (system) o.s.b.w.embedded.tomcat.TomcatWebServer  : Tomcat started on port(s): 8080 (http) with context path ''
2026-06-15 18:49:50.469  INFO 9504 --- [main] (system) o.s.a.r.c.CachingConnectionFactory       : Attempting to connect to: [localhost:5672]
2026-06-15 18:49:50.504  INFO 9504 --- [main] (system) o.s.a.r.c.CachingConnectionFactory       : Created new connection: rabbitConnectionFactory#5a0f87e5:0/SimpleConnection@25b8f9d2 [delegate=amqp://guest@127.0.0.1:5672/, localPort=56155]
2026-06-15 18:49:50.542  INFO 9504 --- [main] (system) o.example.MyProjectBackendApplication    : Started MyProjectBackendApplication in 3.179 seconds (process running for 3.717)
2026-06-15 18:49:53.816  INFO 9504 --- [http-nio-8080-exec-2] (system) o.a.c.c.C.[Tomcat].[localhost].[/]       : Initializing Spring DispatcherServlet 'dispatcherServlet'
2026-06-15 18:49:53.817  INFO 9504 --- [http-nio-8080-exec-2] (system) o.s.web.servlet.DispatcherServlet        : Initializing Servlet 'dispatcherServlet'
2026-06-15 18:49:53.819  INFO 9504 --- [http-nio-8080-exec-2] (system) o.s.web.servlet.DispatcherServlet        : Completed initialization in 2 ms
2026-06-15 18:49:54.420  INFO 9504 --- [http-nio-8080-exec-2] (379302169133846528) org.example.filter.RequestLogFilter      : 请求URL: "/api/user/info" (OPTIONS) | 远程IP地址: 0:0:0:0:0:0:0:1 │ 身份: 未验证 | 请求参数列表: {}
2026-06-15 18:49:54.596  INFO 9504 --- [http-nio-8080-exec-2] (379302169133846528) org.example.filter.RequestLogFilter      : 请求处理耗时: 179ms | 响应结果: 
2026-06-15 18:49:54.662  INFO 9504 --- [http-nio-8080-exec-1] (379302170161451008) org.example.filter.RequestLogFilter      : 请求URL: "/api/user/info" (GET) | 远程IP地址: 0:0:0:0:0:0:0:1 │ 身份: 未验证 | 请求参数列表: {}
2026-06-15 18:49:54.678  WARN 9504 --- [http-nio-8080-exec-1] (379302170161451008) .w.s.m.s.DefaultHandlerExceptionResolver : Resolved [org.springframework.web.bind.ServletRequestBindingException: Missing request attribute 'userId' of type int]
2026-06-15 18:49:54.678  INFO 9504 --- [http-nio-8080-exec-1] (379302170161451008) org.example.filter.RequestLogFilter      : 请求处理耗时: 16ms | 响应结果: 400 错误
2026-06-15 18:51:48.329  INFO 9504 --- [http-nio-8080-exec-3] (379302646915403776) org.example.filter.RequestLogFilter      : 请求URL: "/api/user/info" (OPTIONS) | 远程IP地址: 0:0:0:0:0:0:0:1 │ 身份: 未验证 | 请求参数列表: {}
2026-06-15 18:51:48.331  INFO 9504 --- [http-nio-8080-exec-3] (379302646915403776) org.example.filter.RequestLogFilter      : 请求处理耗时: 2ms | 响应结果: 
2026-06-15 18:51:48.339  INFO 9504 --- [http-nio-8080-exec-4] (379302646957346816) org.example.filter.RequestLogFilter      : 请求URL: "/api/user/info" (GET) | 远程IP地址: 0:0:0:0:0:0:0:1 │ 身份: 未验证 | 请求参数列表: {}
2026-06-15 18:51:48.341  WARN 9504 --- [http-nio-8080-exec-4] (379302646957346816) .w.s.m.s.DefaultHandlerExceptionResolver : Resolved [org.springframework.web.bind.ServletRequestBindingException: Missing request attribute 'userId' of type int]
2026-06-15 18:51:48.342  INFO 9504 --- [http-nio-8080-exec-4] (379302646957346816) org.example.filter.RequestLogFilter      : 请求处理耗时: 3ms | 响应结果: 400 错误
2026-06-15 18:52:14.930  INFO 9504 --- [http-nio-8080-exec-10] (379302758483890176) org.example.filter.RequestLogFilter      : 请求URL: "/api/auth/login" (POST) | 远程IP地址: 0:0:0:0:0:0:0:1 │ 身份: 未验证 | 请求参数列表: {"username":"admin","password":"123456"}
2026-06-15 18:52:15.091  INFO 9504 --- [http-nio-8080-exec-10] (379302758483890176) com.zaxxer.hikari.HikariDataSource       : HikariPool-1 - Starting...
2026-06-15 18:52:15.338  INFO 9504 --- [http-nio-8080-exec-10] (379302758483890176) com.zaxxer.hikari.pool.HikariPool        : HikariPool-1 - Added connection com.mysql.cj.jdbc.ConnectionImpl@3b9cc623
2026-06-15 18:52:15.340  INFO 9504 --- [http-nio-8080-exec-10] (379302758483890176) com.zaxxer.hikari.HikariDataSource       : HikariPool-1 - Start completed.
2026-06-15 18:52:15.503  INFO 9504 --- [http-nio-8080-exec-10] (379302758483890176) org.example.filter.RequestLogFilter      : 请求处理耗时: 574ms | 响应结果: {"code":401,"data":null,"message":"用户名或密码错误"}
2026-06-15 18:52:49.390  INFO 9504 --- [org.springframework.amqp.rabbit.RabbitListenerEndpointContainer#0-2] (system) o.s.a.r.l.SimpleMessageListenerContainer : Waiting for workers to finish.
2026-06-15 18:52:49.800  INFO 9504 --- [org.springframework.amqp.rabbit.RabbitListenerEndpointContainer#0-2] (system) o.s.a.r.l.SimpleMessageListenerContainer : Successfully waited for workers to finish.
2026-06-15 18:52:49.821  INFO 9504 --- [SpringApplicationShutdownHook] (system) com.zaxxer.hikari.HikariDataSource       : HikariPool-1 - Shutdown initiated...
2026-06-15 18:52:49.830  INFO 9504 --- [SpringApplicationShutdownHook] (system) com.zaxxer.hikari.HikariDataSource       : HikariPool-1 - Shutdown completed.
2026-06-15 18:52:53.303  INFO 34440 --- [main] (system) o.example.MyProjectBackendApplication    : Starting MyProjectBackendApplication using Java 17.0.8 with PID 34440 (C:\Users\14302\IdeaProjects\my-project\my-project-backend\target\classes started by 14302 in C:\Users\14302\IdeaProjects\my-project)
2026-06-15 18:52:53.305  INFO 34440 --- [main] (system) o.example.MyProjectBackendApplication    : The following 1 profile is active: "dev"
2026-06-15 18:52:54.028  INFO 34440 --- [main] (system) .s.d.r.c.RepositoryConfigurationDelegate : Multiple Spring Data modules found, entering strict repository configuration mode
2026-06-15 18:52:54.030  INFO 34440 --- [main] (system) .s.d.r.c.RepositoryConfigurationDelegate : Bootstrapping Spring Data Redis repositories in DEFAULT mode.
2026-06-15 18:52:54.053  INFO 34440 --- [main] (system) .s.d.r.c.RepositoryConfigurationDelegate : Finished Spring Data repository scanning in 10 ms. Found 0 Redis repository interfaces.
2026-06-15 18:52:54.560  INFO 34440 --- [main] (system) o.s.b.w.embedded.tomcat.TomcatWebServer  : Tomcat initialized with port(s): 8080 (http)
2026-06-15 18:52:54.568  INFO 34440 --- [main] (system) o.apache.catalina.core.StandardService   : Starting service [Tomcat]
2026-06-15 18:52:54.568  INFO 34440 --- [main] (system) o.apache.catalina.core.StandardEngine    : Starting Servlet engine: [Apache Tomcat/10.1.11]
2026-06-15 18:52:54.668  INFO 34440 --- [main] (system) o.a.c.c.C.[Tomcat].[localhost].[/]       : Initializing Spring embedded WebApplicationContext
2026-06-15 18:52:54.668  INFO 34440 --- [main] (system) w.s.c.ServletWebServerApplicationContext : Root WebApplicationContext: initialization completed in 1328 ms
2026-06-15 18:52:55.367  INFO 34440 --- [main] (system) org.example.config.MinioConfiguration    : Init minio client...
2026-06-15 18:52:55.765  INFO 34440 --- [main] (system) o.s.s.web.DefaultSecurityFilterChain     : Will secure any request with [org.springframework.security.web.session.DisableEncodeUrlFilter@17dbca0a, org.springframework.security.web.context.request.async.WebAsyncManagerIntegrationFilter@33765d22, org.springframework.security.web.context.SecurityContextHolderFilter@744fb110, org.springframework.security.web.header.HeaderWriterFilter@43719e98, org.springframework.security.web.authentication.logout.LogoutFilter@3093b9ff, org.example.filter.JwtAuthenticationFilter@4601047, org.example.filter.RequestLogFilter@63e4484d, org.springframework.security.web.authentication.UsernamePasswordAuthenticationFilter@3e5c7588, org.springframework.security.web.savedrequest.RequestCacheAwareFilter@7474196, org.springframework.security.web.servletapi.SecurityContextHolderAwareRequestFilter@6aa9a93b, org.springframework.security.web.authentication.AnonymousAuthenticationFilter@6f67ece5, org.springframework.security.web.session.SessionManagementFilter@57e57dc5, org.springframework.security.web.access.ExceptionTranslationFilter@2337bf27, org.springframework.security.web.access.intercept.AuthorizationFilter@5487a8f1]
2026-06-15 18:52:56.019  WARN 34440 --- [main] (system) ocalVariableTableParameterNameDiscoverer : Using deprecated '-debug' fallback for parameter name resolution. Compile the affected code with '-parameters' instead or avoid its introspection: org.springframework.amqp.rabbit.core.RabbitAdmin
2026-06-15 18:52:56.063  INFO 34440 --- [main] (system) o.s.b.w.embedded.tomcat.TomcatWebServer  : Tomcat started on port(s): 8080 (http) with context path ''
2026-06-15 18:52:56.066  INFO 34440 --- [main] (system) o.s.a.r.c.CachingConnectionFactory       : Attempting to connect to: [localhost:5672]
2026-06-15 18:52:56.103  INFO 34440 --- [main] (system) o.s.a.r.c.CachingConnectionFactory       : Created new connection: rabbitConnectionFactory#30c7be6f:0/SimpleConnection@697b48e4 [delegate=amqp://guest@127.0.0.1:5672/, localPort=49169]
2026-06-15 18:52:56.141  INFO 34440 --- [main] (system) o.example.MyProjectBackendApplication    : Started MyProjectBackendApplication in 3.282 seconds (process running for 3.749)
2026-06-15 18:53:09.333  INFO 34440 --- [http-nio-8080-exec-1] (system) o.a.c.c.C.[Tomcat].[localhost].[/]       : Initializing Spring DispatcherServlet 'dispatcherServlet'
2026-06-15 18:53:09.334  INFO 34440 --- [http-nio-8080-exec-1] (system) o.s.web.servlet.DispatcherServlet        : Initializing Servlet 'dispatcherServlet'
2026-06-15 18:53:09.335  INFO 34440 --- [http-nio-8080-exec-1] (system) o.s.web.servlet.DispatcherServlet        : Completed initialization in 1 ms
2026-06-15 18:53:09.784  INFO 34440 --- [http-nio-8080-exec-1] (379302988549853184) org.example.filter.RequestLogFilter      : 请求URL: "/api/auth/ask-code" (GET) | 远程IP地址: 0:0:0:0:0:0:0:1 │ 身份: 未验证 | 请求参数列表: {"email":"1430220206@qq.com","type":"register"}
2026-06-15 18:53:10.093  INFO 34440 --- [http-nio-8080-exec-1] (379302988549853184) org.example.filter.RequestLogFilter      : 请求处理耗时: 312ms | 响应结果: {"code":200,"data":null,"message":"请求成功"}
2026-06-15 18:53:37.605  INFO 34440 --- [http-nio-8080-exec-3] (379303105252167680) org.example.filter.RequestLogFilter      : 请求URL: "/api/auth/register" (OPTIONS) | 远程IP地址: 0:0:0:0:0:0:0:1 │ 身份: 未验证 | 请求参数列表: {}
2026-06-15 18:53:37.617  INFO 34440 --- [http-nio-8080-exec-3] (379303105252167680) org.example.filter.RequestLogFilter      : 请求处理耗时: 12ms | 响应结果: 
2026-06-15 18:53:37.625  INFO 34440 --- [http-nio-8080-exec-2] (379303105336053760) org.example.filter.RequestLogFilter      : 请求URL: "/api/auth/register" (POST) | 远程IP地址: 0:0:0:0:0:0:0:1 │ 身份: 未验证 | 请求参数列表: {}
2026-06-15 18:53:37.778  INFO 34440 --- [http-nio-8080-exec-2] (379303105336053760) com.zaxxer.hikari.HikariDataSource       : HikariPool-1 - Starting...
2026-06-15 18:53:38.107  INFO 34440 --- [http-nio-8080-exec-2] (379303105336053760) com.zaxxer.hikari.pool.HikariPool        : HikariPool-1 - Added connection com.mysql.cj.jdbc.ConnectionImpl@3a3d1e7e
2026-06-15 18:53:38.109  INFO 34440 --- [http-nio-8080-exec-2] (379303105336053760) com.zaxxer.hikari.HikariDataSource       : HikariPool-1 - Start completed.
2026-06-15 18:53:38.269  INFO 34440 --- [http-nio-8080-exec-2] (379303105336053760) org.example.filter.RequestLogFilter      : 请求处理耗时: 644ms | 响应结果: {"code":200,"data":null,"message":"请求成功"}
2026-06-15 18:53:39.913  INFO 34440 --- [http-nio-8080-exec-4] (379303114932621312) org.example.filter.RequestLogFilter      : 请求URL: "/api/auth/login" (POST) | 远程IP地址: 0:0:0:0:0:0:0:1 │ 身份: 未验证 | 请求参数列表: {"username":"admin","password":"123456"}
2026-06-15 18:53:40.128  INFO 34440 --- [http-nio-8080-exec-4] (379303114932621312) org.example.filter.RequestLogFilter      : 请求处理耗时: 215ms | 响应结果: {"code":200,"data":{"expireTime":"2026-06-18 18:53:40.104","role":"user","token":"eyJ0eXAiOiJKV1QiLCJhbGciOiJIUzI1NiJ9.eyJuYW1lIjoiYWRtaW4iLCJpZCI6MywiZXhwIjoxNzgxNzgwMDIwLCJpYXQiOjE3ODE1MjA4MjAsImp0aSI6ImRhOWI1OTc5LWE4MDgtNGNlMy1hZTQzLTNjMjUzODJhMzZmNiIsImF1dGhvcml0aWVzIjpbIlJPTEVfdXNlciJdfQ.zmQi6OMFiIadYTf7Gbr_MTDfAc0qtQ-OT1fQu5zzg3k","username":"admin"},"message":"请求成功"}
2026-06-15 18:53:40.175  INFO 34440 --- [http-nio-8080-exec-5] (379303116031528960) org.example.filter.RequestLogFilter      : 请求URL: "/api/user/info" (OPTIONS) | 远程IP地址: 0:0:0:0:0:0:0:1 │ 身份: 未验证 | 请求参数列表: {}
2026-06-15 18:53:40.178  INFO 34440 --- [http-nio-8080-exec-5] (379303116031528960) org.example.filter.RequestLogFilter      : 请求处理耗时: 3ms | 响应结果: 
2026-06-15 18:53:40.208  INFO 34440 --- [http-nio-8080-exec-6] (379303116169940992) org.example.filter.RequestLogFilter      : 请求URL: "/api/user/info" (GET) | 远程IP地址: 0:0:0:0:0:0:0:1 │ 身份: admin (UID: 3) | 角色: [ROLE_user] | 请求参数列表: {}
2026-06-15 18:53:40.220  INFO 34440 --- [http-nio-8080-exec-6] (379303116169940992) org.example.filter.RequestLogFilter      : 请求处理耗时: 12ms | 响应结果: {"code":200,"data":{"username":"admin","email":"1430220206@qq.com","role":"user","avatar":null,"registerTime":"2026-06-15T10:53:38.000+00:00"},"message":"请求成功"}
2026-06-15 18:53:43.772  INFO 34440 --- [http-nio-8080-exec-7] (379303131118440448) org.example.filter.RequestLogFilter      : 请求URL: "/api/user/privacy" (OPTIONS) | 远程IP地址: 0:0:0:0:0:0:0:1 │ 身份: 未验证 | 请求参数列表: {}
2026-06-15 18:53:43.775  INFO 34440 --- [http-nio-8080-exec-7] (379303131118440448) org.example.filter.RequestLogFilter      : 请求处理耗时: 3ms | 响应结果: 
2026-06-15 18:53:43.783  INFO 34440 --- [http-nio-8080-exec-8] (379303131164577792) org.example.filter.RequestLogFilter      : 请求URL: "/api/user/privacy" (GET) | 远程IP地址: 0:0:0:0:0:0:0:1 │ 身份: admin (UID: 3) | 角色: [ROLE_user] | 请求参数列表: {}
2026-06-15 18:53:43.800  INFO 34440 --- [http-nio-8080-exec-8] (379303131164577792) org.example.filter.RequestLogFilter      : 请求处理耗时: 17ms | 响应结果: {"code":200,"data":{"phone":true,"email":true,"wx":true,"qq":true,"gender":true},"message":"请求成功"}
2026-06-15 18:53:44.955  INFO 34440 --- [http-nio-8080-exec-9] (379303136080302080) org.example.filter.RequestLogFilter      : 请求URL: "/api/user/details" (OPTIONS) | 远程IP地址: 0:0:0:0:0:0:0:1 │ 身份: 未验证 | 请求参数列表: {}
2026-06-15 18:53:44.959  INFO 34440 --- [http-nio-8080-exec-9] (379303136080302080) org.example.filter.RequestLogFilter      : 请求处理耗时: 4ms | 响应结果: 
2026-06-15 18:53:44.973  INFO 34440 --- [http-nio-8080-exec-10] (379303136155799552) org.example.filter.RequestLogFilter      : 请求URL: "/api/user/details" (GET) | 远程IP地址: 0:0:0:0:0:0:0:1 │ 身份: admin (UID: 3) | 角色: [ROLE_user] | 请求参数列表: {}
2026-06-15 18:53:44.977  INFO 34440 --- [http-nio-8080-exec-10] (379303136155799552) org.example.filter.RequestLogFilter      : 请求处理耗时: 4ms | 响应结果: {"code":200,"data":{"gender":0,"phone":null,"qq":null,"wx":null,"desc":null},"message":"请求成功"}
2026-06-15 18:53:46.059  INFO 34440 --- [http-nio-8080-exec-1] (379303140710813696) org.example.filter.RequestLogFilter      : 请求URL: "/api/user/privacy" (GET) | 远程IP地址: 0:0:0:0:0:0:0:1 │ 身份: admin (UID: 3) | 角色: [ROLE_user] | 请求参数列表: {}
2026-06-15 18:53:46.064  INFO 34440 --- [http-nio-8080-exec-1] (379303140710813696) org.example.filter.RequestLogFilter      : 请求处理耗时: 5ms | 响应结果: {"code":200,"data":{"phone":true,"email":true,"wx":true,"qq":true,"gender":true},"message":"请求成功"}
2026-06-15 18:53:47.827  INFO 34440 --- [http-nio-8080-exec-3] (379303148126343168) org.example.filter.RequestLogFilter      : 请求URL: "/api/user/details" (GET) | 远程IP地址: 0:0:0:0:0:0:0:1 │ 身份: admin (UID: 3) | 角色: [ROLE_user] | 请求参数列表: {}
2026-06-15 18:53:47.831  INFO 34440 --- [http-nio-8080-exec-3] (379303148126343168) org.example.filter.RequestLogFilter      : 请求处理耗时: 4ms | 响应结果: {"code":200,"data":{"gender":0,"phone":null,"qq":null,"wx":null,"desc":null},"message":"请求成功"}
2026-06-15 18:55:17.086  INFO 34440 --- [org.springframework.amqp.rabbit.RabbitListenerEndpointContainer#0-2] (system) o.s.a.r.l.SimpleMessageListenerContainer : Waiting for workers to finish.
2026-06-15 18:55:17.983  INFO 34440 --- [org.springframework.amqp.rabbit.RabbitListenerEndpointContainer#0-2] (system) o.s.a.r.l.SimpleMessageListenerContainer : Successfully waited for workers to finish.
2026-06-15 18:55:18.004  INFO 34440 --- [SpringApplicationShutdownHook] (system) com.zaxxer.hikari.HikariDataSource       : HikariPool-1 - Shutdown initiated...
2026-06-15 18:55:18.010  INFO 34440 --- [SpringApplicationShutdownHook] (system) com.zaxxer.hikari.HikariDataSource       : HikariPool-1 - Shutdown completed.
2026-06-15 18:55:31.124  INFO 9448 --- [main] (system) o.example.MyProjectBackendApplication    : Starting MyProjectBackendApplication using Java 17.0.8 with PID 9448 (C:\Users\14302\IdeaProjects\my-project\my-project-backend\target\classes started by 14302 in C:\Users\14302\IdeaProjects\my-project)
2026-06-15 18:55:31.126  INFO 9448 --- [main] (system) o.example.MyProjectBackendApplication    : The following 1 profile is active: "dev"
2026-06-15 18:55:31.874  INFO 9448 --- [main] (system) .s.d.r.c.RepositoryConfigurationDelegate : Multiple Spring Data modules found, entering strict repository configuration mode
2026-06-15 18:55:31.877  INFO 9448 --- [main] (system) .s.d.r.c.RepositoryConfigurationDelegate : Bootstrapping Spring Data Redis repositories in DEFAULT mode.
2026-06-15 18:55:31.903  INFO 9448 --- [main] (system) .s.d.r.c.RepositoryConfigurationDelegate : Finished Spring Data repository scanning in 11 ms. Found 0 Redis repository interfaces.
2026-06-15 18:55:32.478  INFO 9448 --- [main] (system) o.s.b.w.embedded.tomcat.TomcatWebServer  : Tomcat initialized with port(s): 8080 (http)
2026-06-15 18:55:32.485  INFO 9448 --- [main] (system) o.apache.catalina.core.StandardService   : Starting service [Tomcat]
2026-06-15 18:55:32.486  INFO 9448 --- [main] (system) o.apache.catalina.core.StandardEngine    : Starting Servlet engine: [Apache Tomcat/10.1.11]
2026-06-15 18:55:32.580  INFO 9448 --- [main] (system) o.a.c.c.C.[Tomcat].[localhost].[/]       : Initializing Spring embedded WebApplicationContext
2026-06-15 18:55:32.581  INFO 9448 --- [main] (system) w.s.c.ServletWebServerApplicationContext : Root WebApplicationContext: initialization completed in 1414 ms
2026-06-15 18:55:33.285  INFO 9448 --- [main] (system) org.example.config.MinioConfiguration    : Init minio client...
2026-06-15 18:55:33.715  INFO 9448 --- [main] (system) o.s.s.web.DefaultSecurityFilterChain     : Will secure any request with [org.springframework.security.web.session.DisableEncodeUrlFilter@43de9fc9, org.springframework.security.web.context.request.async.WebAsyncManagerIntegrationFilter@2d3eb1ea, org.springframework.security.web.context.SecurityContextHolderFilter@3a239dac, org.springframework.security.web.header.HeaderWriterFilter@3b046e64, org.springframework.security.web.authentication.logout.LogoutFilter@17dbca0a, org.example.filter.JwtAuthenticationFilter@6a5dd083, org.example.filter.RequestLogFilter@62735b13, org.springframework.security.web.authentication.UsernamePasswordAuthenticationFilter@228958a, org.springframework.security.web.savedrequest.RequestCacheAwareFilter@2573b149, org.springframework.security.web.servletapi.SecurityContextHolderAwareRequestFilter@56fa0ef, org.springframework.security.web.authentication.AnonymousAuthenticationFilter@78508e6b, org.springframework.security.web.session.SessionManagementFilter@7bd694a5, org.springframework.security.web.access.ExceptionTranslationFilter@81dfdee, org.springframework.security.web.access.intercept.AuthorizationFilter@c29b0dc]
2026-06-15 18:55:33.968  WARN 9448 --- [main] (system) ocalVariableTableParameterNameDiscoverer : Using deprecated '-debug' fallback for parameter name resolution. Compile the affected code with '-parameters' instead or avoid its introspection: org.springframework.amqp.rabbit.core.RabbitAdmin
2026-06-15 18:55:34.012  INFO 9448 --- [main] (system) o.s.b.w.embedded.tomcat.TomcatWebServer  : Tomcat started on port(s): 8080 (http) with context path ''
2026-06-15 18:55:34.015  INFO 9448 --- [main] (system) o.s.a.r.c.CachingConnectionFactory       : Attempting to connect to: [localhost:5672]
2026-06-15 18:55:34.049  INFO 9448 --- [main] (system) o.s.a.r.c.CachingConnectionFactory       : Created new connection: rabbitConnectionFactory#218df7d6:0/SimpleConnection@19c24321 [delegate=amqp://guest@127.0.0.1:5672/, localPort=51160]
2026-06-15 18:55:34.087  INFO 9448 --- [main] (system) o.example.MyProjectBackendApplication    : Started MyProjectBackendApplication in 3.486 seconds (process running for 4.012)
2026-06-15 18:56:05.292  INFO 9448 --- [org.springframework.amqp.rabbit.RabbitListenerEndpointContainer#0-2] (system) o.s.a.r.l.SimpleMessageListenerContainer : Waiting for workers to finish.
2026-06-15 18:56:06.124  INFO 9448 --- [org.springframework.amqp.rabbit.RabbitListenerEndpointContainer#0-2] (system) o.s.a.r.l.SimpleMessageListenerContainer : Successfully waited for workers to finish.
2026-06-15 18:56:09.511  INFO 20268 --- [main] (system) o.example.MyProjectBackendApplication    : Starting MyProjectBackendApplication using Java 17.0.8 with PID 20268 (C:\Users\14302\IdeaProjects\my-project\my-project-backend\target\classes started by 14302 in C:\Users\14302\IdeaProjects\my-project)
2026-06-15 18:56:09.513  INFO 20268 --- [main] (system) o.example.MyProjectBackendApplication    : The following 1 profile is active: "dev"
2026-06-15 18:56:10.212  INFO 20268 --- [main] (system) .s.d.r.c.RepositoryConfigurationDelegate : Multiple Spring Data modules found, entering strict repository configuration mode
2026-06-15 18:56:10.214  INFO 20268 --- [main] (system) .s.d.r.c.RepositoryConfigurationDelegate : Bootstrapping Spring Data Redis repositories in DEFAULT mode.
2026-06-15 18:56:10.236  INFO 20268 --- [main] (system) .s.d.r.c.RepositoryConfigurationDelegate : Finished Spring Data repository scanning in 9 ms. Found 0 Redis repository interfaces.
2026-06-15 18:56:10.709  INFO 20268 --- [main] (system) o.s.b.w.embedded.tomcat.TomcatWebServer  : Tomcat initialized with port(s): 8080 (http)
2026-06-15 18:56:10.716  INFO 20268 --- [main] (system) o.apache.catalina.core.StandardService   : Starting service [Tomcat]
2026-06-15 18:56:10.716  INFO 20268 --- [main] (system) o.apache.catalina.core.StandardEngine    : Starting Servlet engine: [Apache Tomcat/10.1.11]
2026-06-15 18:56:10.796  INFO 20268 --- [main] (system) o.a.c.c.C.[Tomcat].[localhost].[/]       : Initializing Spring embedded WebApplicationContext
2026-06-15 18:56:10.797  INFO 20268 --- [main] (system) w.s.c.ServletWebServerApplicationContext : Root WebApplicationContext: initialization completed in 1248 ms
2026-06-15 18:56:11.413  INFO 20268 --- [main] (system) org.example.config.MinioConfiguration    : Init minio client...
2026-06-15 18:56:11.799  INFO 20268 --- [main] (system) o.s.s.web.DefaultSecurityFilterChain     : Will secure any request with [org.springframework.security.web.session.DisableEncodeUrlFilter@7cd3860, org.springframework.security.web.context.request.async.WebAsyncManagerIntegrationFilter@44f23927, org.springframework.security.web.context.SecurityContextHolderFilter@7bd694a5, org.springframework.security.web.header.HeaderWriterFilter@6aa9a93b, org.springframework.security.web.authentication.logout.LogoutFilter@5b2ff4df, org.example.filter.JwtAuthenticationFilter@305b43ca, org.example.filter.RequestLogFilter@6e00837f, org.springframework.security.web.authentication.UsernamePasswordAuthenticationFilter@7b8fcdf2, org.springframework.security.web.savedrequest.RequestCacheAwareFilter@3921135e, org.springframework.security.web.servletapi.SecurityContextHolderAwareRequestFilter@1479ed5a, org.springframework.security.web.authentication.AnonymousAuthenticationFilter@59cde35, org.springframework.security.web.session.SessionManagementFilter@14b9df65, org.springframework.security.web.access.ExceptionTranslationFilter@18209303, org.springframework.security.web.access.intercept.AuthorizationFilter@dd07be8]
2026-06-15 18:56:12.086  WARN 20268 --- [main] (system) ocalVariableTableParameterNameDiscoverer : Using deprecated '-debug' fallback for parameter name resolution. Compile the affected code with '-parameters' instead or avoid its introspection: org.springframework.amqp.rabbit.core.RabbitAdmin
2026-06-15 18:56:12.136  INFO 20268 --- [main] (system) o.s.b.w.embedded.tomcat.TomcatWebServer  : Tomcat started on port(s): 8080 (http) with context path ''
2026-06-15 18:56:12.139  INFO 20268 --- [main] (system) o.s.a.r.c.CachingConnectionFactory       : Attempting to connect to: [localhost:5672]
2026-06-15 18:56:12.174  INFO 20268 --- [main] (system) o.s.a.r.c.CachingConnectionFactory       : Created new connection: rabbitConnectionFactory#a5e8260:0/SimpleConnection@33563147 [delegate=amqp://guest@127.0.0.1:5672/, localPort=57960]
2026-06-15 18:56:12.215  INFO 20268 --- [main] (system) o.example.MyProjectBackendApplication    : Started MyProjectBackendApplication in 3.166 seconds (process running for 3.613)
2026-06-15 18:56:25.368  INFO 20268 --- [http-nio-8080-exec-1] (system) o.a.c.c.C.[Tomcat].[localhost].[/]       : Initializing Spring DispatcherServlet 'dispatcherServlet'
2026-06-15 18:56:25.369  INFO 20268 --- [http-nio-8080-exec-1] (system) o.s.web.servlet.DispatcherServlet        : Initializing Servlet 'dispatcherServlet'
2026-06-15 18:56:25.372  INFO 20268 --- [http-nio-8080-exec-1] (system) o.s.web.servlet.DispatcherServlet        : Completed initialization in 3 ms
2026-06-15 18:56:25.895  INFO 20268 --- [http-nio-8080-exec-1] (379303811103199232) org.example.filter.RequestLogFilter      : 请求URL: "/api/user/info" (OPTIONS) | 远程IP地址: 0:0:0:0:0:0:0:1 │ 身份: 未验证 | 请求参数列表: {}
2026-06-15 18:56:26.052  INFO 20268 --- [http-nio-8080-exec-1] (379303811103199232) org.example.filter.RequestLogFilter      : 请求处理耗时: 159ms | 响应结果: {"code":401,"data":null,"message":"Full authentication is required to access this resource"}
2026-06-15 18:56:26.133  INFO 20268 --- [http-nio-8080-exec-2] (379303812109832192) org.example.filter.RequestLogFilter      : 请求URL: "/api/user/info" (GET) | 远程IP地址: 0:0:0:0:0:0:0:1 │ 身份: admin (UID: 3) | 角色: [ROLE_user] | 请求参数列表: {}
2026-06-15 18:56:26.660  INFO 20268 --- [http-nio-8080-exec-2] (379303812109832192) com.zaxxer.hikari.HikariDataSource       : HikariPool-1 - Starting...
2026-06-15 18:56:27.029  INFO 20268 --- [http-nio-8080-exec-2] (379303812109832192) com.zaxxer.hikari.pool.HikariPool        : HikariPool-1 - Added connection com.mysql.cj.jdbc.ConnectionImpl@2ae32629
2026-06-15 18:56:27.032  INFO 20268 --- [http-nio-8080-exec-2] (379303812109832192) com.zaxxer.hikari.HikariDataSource       : HikariPool-1 - Start completed.
2026-06-15 18:56:27.081 ERROR 20268 --- [http-nio-8080-exec-2] (379303812109832192) o.a.c.c.C.[.[.[/].[dispatcherServlet]    : Servlet.service() for servlet [dispatcherServlet] in context with path [] threw exception [Request processing failed: java.lang.NullPointerException: Cannot invoke "org.example.entity.dto.Account.asViewObject(java.lang.Class)" because "account" is null] with root cause

java.lang.NullPointerException: Cannot invoke "org.example.entity.dto.Account.asViewObject(java.lang.Class)" because "account" is null
	at org.example.controller.AccountController.info(AccountController.java:42)
	at java.base/jdk.internal.reflect.NativeMethodAccessorImpl.invoke0(Native Method)
	at java.base/jdk.internal.reflect.NativeMethodAccessorImpl.invoke(NativeMethodAccessorImpl.java:77)
	at java.base/jdk.internal.reflect.DelegatingMethodAccessorImpl.invoke(DelegatingMethodAccessorImpl.java:43)
	at java.base/java.lang.reflect.Method.invoke(Method.java:568)
	at org.springframework.web.method.support.InvocableHandlerMethod.doInvoke(InvocableHandlerMethod.java:205)
	at org.springframework.web.method.support.InvocableHandlerMethod.invokeForRequest(InvocableHandlerMethod.java:150)
	at org.springframework.web.servlet.mvc.method.annotation.ServletInvocableHandlerMethod.invokeAndHandle(ServletInvocableHandlerMethod.java:118)
	at org.springframework.web.servlet.mvc.method.annotation.RequestMappingHandlerAdapter.invokeHandlerMethod(RequestMappingHandlerAdapter.java:884)
	at org.springframework.web.servlet.mvc.method.annotation.RequestMappingHandlerAdapter.handleInternal(RequestMappingHandlerAdapter.java:797)
	at org.springframework.web.servlet.mvc.method.AbstractHandlerMethodAdapter.handle(AbstractHandlerMethodAdapter.java:87)
	at org.springframework.web.servlet.DispatcherServlet.doDispatch(DispatcherServlet.java:1081)
	at org.springframework.web.servlet.DispatcherServlet.doService(DispatcherServlet.java:974)
	at org.springframework.web.servlet.FrameworkServlet.processRequest(FrameworkServlet.java:1011)
	at org.springframework.web.servlet.FrameworkServlet.doGet(FrameworkServlet.java:903)
	at jakarta.servlet.http.HttpServlet.service(HttpServlet.java:564)
	at org.springframework.web.servlet.FrameworkServlet.service(FrameworkServlet.java:885)
	at jakarta.servlet.http.HttpServlet.service(HttpServlet.java:658)
	at org.apache.catalina.core.ApplicationFilterChain.internalDoFilter(ApplicationFilterChain.java:205)
	at org.apache.catalina.core.ApplicationFilterChain.doFilter(ApplicationFilterChain.java:149)
	at org.apache.tomcat.websocket.server.WsFilter.doFilter(WsFilter.java:51)
	at org.apache.catalina.core.ApplicationFilterChain.internalDoFilter(ApplicationFilterChain.java:174)
	at org.apache.catalina.core.ApplicationFilterChain.doFilter(ApplicationFilterChain.java:149)
	at org.springframework.web.filter.OncePerRequestFilter.doFilter(OncePerRequestFilter.java:110)
	at org.apache.catalina.core.ApplicationFilterChain.internalDoFilter(ApplicationFilterChain.java:174)
	at org.apache.catalina.core.ApplicationFilterChain.doFilter(ApplicationFilterChain.java:149)
	at org.springframework.web.filter.OncePerRequestFilter.doFilter(OncePerRequestFilter.java:110)
	at org.apache.catalina.core.ApplicationFilterChain.internalDoFilter(ApplicationFilterChain.java:174)
	at org.apache.catalina.core.ApplicationFilterChain.doFilter(ApplicationFilterChain.java:149)
	at org.springframework.security.web.FilterChainProxy.lambda$doFilterInternal$3(FilterChainProxy.java:231)
	at org.springframework.security.web.FilterChainProxy$VirtualFilterChain.doFilter(FilterChainProxy.java:365)
	at org.springframework.security.web.access.intercept.AuthorizationFilter.doFilter(AuthorizationFilter.java:100)
	at org.springframework.security.web.FilterChainProxy$VirtualFilterChain.doFilter(FilterChainProxy.java:374)
	at org.springframework.security.web.access.ExceptionTranslationFilter.doFilter(ExceptionTranslationFilter.java:126)
	at org.springframework.security.web.access.ExceptionTranslationFilter.doFilter(ExceptionTranslationFilter.java:120)
	at org.springframework.security.web.FilterChainProxy$VirtualFilterChain.doFilter(FilterChainProxy.java:374)
	at org.springframework.security.web.session.SessionManagementFilter.doFilter(SessionManagementFilter.java:131)
	at org.springframework.security.web.session.SessionManagementFilter.doFilter(SessionManagementFilter.java:85)
	at org.springframework.security.web.FilterChainProxy$VirtualFilterChain.doFilter(FilterChainProxy.java:374)
	at org.springframework.security.web.authentication.AnonymousAuthenticationFilter.doFilter(AnonymousAuthenticationFilter.java:100)
	at org.springframework.security.web.FilterChainProxy$VirtualFilterChain.doFilter(FilterChainProxy.java:374)
	at org.springframework.security.web.servletapi.SecurityContextHolderAwareRequestFilter.doFilter(SecurityContextHolderAwareRequestFilter.java:179)
	at org.springframework.security.web.FilterChainProxy$VirtualFilterChain.doFilter(FilterChainProxy.java:374)
	at org.springframework.security.web.savedrequest.RequestCacheAwareFilter.doFilter(RequestCacheAwareFilter.java:63)
	at org.springframework.security.web.FilterChainProxy$VirtualFilterChain.doFilter(FilterChainProxy.java:374)
	at org.springframework.security.web.authentication.AbstractAuthenticationProcessingFilter.doFilter(AbstractAuthenticationProcessingFilter.java:227)
	at org.springframework.security.web.authentication.AbstractAuthenticationProcessingFilter.doFilter(AbstractAuthenticationProcessingFilter.java:221)
	at org.springframework.security.web.FilterChainProxy$VirtualFilterChain.doFilter(FilterChainProxy.java:374)
	at org.example.filter.RequestLogFilter.doFilterInternal(RequestLogFilter.java:43)
	at org.springframework.web.filter.OncePerRequestFilter.doFilter(OncePerRequestFilter.java:116)
	at org.springframework.security.web.FilterChainProxy$VirtualFilterChain.doFilter(FilterChainProxy.java:374)
	at org.example.filter.JwtAuthenticationFilter.doFilterInternal(JwtAuthenticationFilter.java:45)
	at org.springframework.web.filter.OncePerRequestFilter.doFilter(OncePerRequestFilter.java:116)
	at org.springframework.security.web.FilterChainProxy$VirtualFilterChain.doFilter(FilterChainProxy.java:374)
	at org.springframework.security.web.authentication.logout.LogoutFilter.doFilter(LogoutFilter.java:107)
	at org.springframework.security.web.authentication.logout.LogoutFilter.doFilter(LogoutFilter.java:93)
	at org.springframework.security.web.FilterChainProxy$VirtualFilterChain.doFilter(FilterChainProxy.java:374)
	at org.springframework.security.web.header.HeaderWriterFilter.doHeadersAfter(HeaderWriterFilter.java:90)
	at org.springframework.security.web.header.HeaderWriterFilter.doFilterInternal(HeaderWriterFilter.java:75)
	at org.springframework.web.filter.OncePerRequestFilter.doFilter(OncePerRequestFilter.java:116)
	at org.springframework.security.web.FilterChainProxy$VirtualFilterChain.doFilter(FilterChainProxy.java:374)
	at org.springframework.security.web.context.SecurityContextHolderFilter.doFilter(SecurityContextHolderFilter.java:82)
	at org.springframework.security.web.context.SecurityContextHolderFilter.doFilter(SecurityContextHolderFilter.java:69)
	at org.springframework.security.web.FilterChainProxy$VirtualFilterChain.doFilter(FilterChainProxy.java:374)
	at org.springframework.security.web.context.request.async.WebAsyncManagerIntegrationFilter.doFilterInternal(WebAsyncManagerIntegrationFilter.java:62)
	at org.springframework.web.filter.OncePerRequestFilter.doFilter(OncePerRequestFilter.java:116)
	at org.springframework.security.web.FilterChainProxy$VirtualFilterChain.doFilter(FilterChainProxy.java:374)
	at org.springframework.security.web.session.DisableEncodeUrlFilter.doFilterInternal(DisableEncodeUrlFilter.java:42)
	at org.springframework.web.filter.OncePerRequestFilter.doFilter(OncePerRequestFilter.java:116)
	at org.springframework.security.web.FilterChainProxy$VirtualFilterChain.doFilter(FilterChainProxy.java:374)
	at org.springframework.security.web.FilterChainProxy.doFilterInternal(FilterChainProxy.java:233)
	at org.springframework.security.web.FilterChainProxy.doFilter(FilterChainProxy.java:191)
	at org.springframework.web.filter.DelegatingFilterProxy.invokeDelegate(DelegatingFilterProxy.java:352)
	at org.springframework.web.filter.DelegatingFilterProxy.doFilter(DelegatingFilterProxy.java:268)
	at org.apache.catalina.core.ApplicationFilterChain.internalDoFilter(ApplicationFilterChain.java:174)
	at org.apache.catalina.core.ApplicationFilterChain.doFilter(ApplicationFilterChain.java:149)
	at org.example.filter.FlowLimitFilter.doFilter(FlowLimitFilter.java:34)
	at jakarta.servlet.http.HttpFilter.doFilter(HttpFilter.java:53)
	at org.apache.catalina.core.ApplicationFilterChain.internalDoFilter(ApplicationFilterChain.java:174)
	at org.apache.catalina.core.ApplicationFilterChain.doFilter(ApplicationFilterChain.java:149)
	at org.example.filter.CrossFilter.doFilter(CrossFilter.java:23)
	at jakarta.servlet.http.HttpFilter.doFilter(HttpFilter.java:53)
	at org.apache.catalina.core.ApplicationFilterChain.internalDoFilter(ApplicationFilterChain.java:174)
	at org.apache.catalina.core.ApplicationFilterChain.doFilter(ApplicationFilterChain.java:149)
	at org.springframework.web.filter.RequestContextFilter.doFilterInternal(RequestContextFilter.java:100)
	at org.springframework.web.filter.OncePerRequestFilter.doFilter(OncePerRequestFilter.java:116)
	at org.apache.catalina.core.ApplicationFilterChain.internalDoFilter(ApplicationFilterChain.java:174)
	at org.apache.catalina.core.ApplicationFilterChain.doFilter(ApplicationFilterChain.java:149)
	at org.springframework.web.filter.FormContentFilter.doFilterInternal(FormContentFilter.java:93)
	at org.springframework.web.filter.OncePerRequestFilter.doFilter(OncePerRequestFilter.java:116)
	at org.apache.catalina.core.ApplicationFilterChain.internalDoFilter(ApplicationFilterChain.java:174)
	at org.apache.catalina.core.ApplicationFilterChain.doFilter(ApplicationFilterChain.java:149)
	at org.springframework.web.filter.CharacterEncodingFilter.doFilterInternal(CharacterEncodingFilter.java:201)
	at org.springframework.web.filter.OncePerRequestFilter.doFilter(OncePerRequestFilter.java:116)
	at org.apache.catalina.core.ApplicationFilterChain.internalDoFilter(ApplicationFilterChain.java:174)
	at org.apache.catalina.core.ApplicationFilterChain.doFilter(ApplicationFilterChain.java:149)
	at org.apache.catalina.core.StandardWrapperValve.invoke(StandardWrapperValve.java:166)
	at org.apache.catalina.core.StandardContextValve.invoke(StandardContextValve.java:90)
	at org.apache.catalina.authenticator.AuthenticatorBase.invoke(AuthenticatorBase.java:482)
	at org.apache.catalina.core.StandardHostValve.invoke(StandardHostValve.java:115)
	at org.apache.catalina.valves.ErrorReportValve.invoke(ErrorReportValve.java:93)
	at org.apache.catalina.core.StandardEngineValve.invoke(StandardEngineValve.java:74)
	at org.apache.catalina.connector.CoyoteAdapter.service(CoyoteAdapter.java:341)
	at org.apache.coyote.http11.Http11Processor.service(Http11Processor.java:391)
	at org.apache.coyote.AbstractProcessorLight.process(AbstractProcessorLight.java:63)
	at org.apache.coyote.AbstractProtocol$ConnectionHandler.process(AbstractProtocol.java:894)
	at org.apache.tomcat.util.net.NioEndpoint$SocketProcessor.doRun(NioEndpoint.java:1740)
	at org.apache.tomcat.util.net.SocketProcessorBase.run(SocketProcessorBase.java:52)
	at org.apache.tomcat.util.threads.ThreadPoolExecutor.runWorker(ThreadPoolExecutor.java:1191)
	at org.apache.tomcat.util.threads.ThreadPoolExecutor$Worker.run(ThreadPoolExecutor.java:659)
	at org.apache.tomcat.util.threads.TaskThread$WrappingRunnable.run(TaskThread.java:61)
	at java.base/java.lang.Thread.run(Thread.java:833)

2026-06-15 18:56:28.249  INFO 20268 --- [http-nio-8080-exec-3] (379303820984979456) org.example.filter.RequestLogFilter      : 请求URL: "/api/user/info" (GET) | 远程IP地址: 0:0:0:0:0:0:0:1 │ 身份: admin (UID: 3) | 角色: [ROLE_user] | 请求参数列表: {}
2026-06-15 18:56:28.254 ERROR 20268 --- [http-nio-8080-exec-3] (379303820984979456) o.a.c.c.C.[.[.[/].[dispatcherServlet]    : Servlet.service() for servlet [dispatcherServlet] in context with path [] threw exception [Request processing failed: java.lang.NullPointerException: Cannot invoke "org.example.entity.dto.Account.asViewObject(java.lang.Class)" because "account" is null] with root cause

java.lang.NullPointerException: Cannot invoke "org.example.entity.dto.Account.asViewObject(java.lang.Class)" because "account" is null
	at org.example.controller.AccountController.info(AccountController.java:42)
	at java.base/jdk.internal.reflect.NativeMethodAccessorImpl.invoke0(Native Method)
	at java.base/jdk.internal.reflect.NativeMethodAccessorImpl.invoke(NativeMethodAccessorImpl.java:77)
	at java.base/jdk.internal.reflect.DelegatingMethodAccessorImpl.invoke(DelegatingMethodAccessorImpl.java:43)
	at java.base/java.lang.reflect.Method.invoke(Method.java:568)
	at org.springframework.web.method.support.InvocableHandlerMethod.doInvoke(InvocableHandlerMethod.java:205)
	at org.springframework.web.method.support.InvocableHandlerMethod.invokeForRequest(InvocableHandlerMethod.java:150)
	at org.springframework.web.servlet.mvc.method.annotation.ServletInvocableHandlerMethod.invokeAndHandle(ServletInvocableHandlerMethod.java:118)
	at org.springframework.web.servlet.mvc.method.annotation.RequestMappingHandlerAdapter.invokeHandlerMethod(RequestMappingHandlerAdapter.java:884)
	at org.springframework.web.servlet.mvc.method.annotation.RequestMappingHandlerAdapter.handleInternal(RequestMappingHandlerAdapter.java:797)
	at org.springframework.web.servlet.mvc.method.AbstractHandlerMethodAdapter.handle(AbstractHandlerMethodAdapter.java:87)
	at org.springframework.web.servlet.DispatcherServlet.doDispatch(DispatcherServlet.java:1081)
	at org.springframework.web.servlet.DispatcherServlet.doService(DispatcherServlet.java:974)
	at org.springframework.web.servlet.FrameworkServlet.processRequest(FrameworkServlet.java:1011)
	at org.springframework.web.servlet.FrameworkServlet.doGet(FrameworkServlet.java:903)
	at jakarta.servlet.http.HttpServlet.service(HttpServlet.java:564)
	at org.springframework.web.servlet.FrameworkServlet.service(FrameworkServlet.java:885)
	at jakarta.servlet.http.HttpServlet.service(HttpServlet.java:658)
	at org.apache.catalina.core.ApplicationFilterChain.internalDoFilter(ApplicationFilterChain.java:205)
	at org.apache.catalina.core.ApplicationFilterChain.doFilter(ApplicationFilterChain.java:149)
	at org.apache.tomcat.websocket.server.WsFilter.doFilter(WsFilter.java:51)
	at org.apache.catalina.core.ApplicationFilterChain.internalDoFilter(ApplicationFilterChain.java:174)
	at org.apache.catalina.core.ApplicationFilterChain.doFilter(ApplicationFilterChain.java:149)
	at org.springframework.web.filter.OncePerRequestFilter.doFilter(OncePerRequestFilter.java:110)
	at org.apache.catalina.core.ApplicationFilterChain.internalDoFilter(ApplicationFilterChain.java:174)
	at org.apache.catalina.core.ApplicationFilterChain.doFilter(ApplicationFilterChain.java:149)
	at org.springframework.web.filter.OncePerRequestFilter.doFilter(OncePerRequestFilter.java:110)
	at org.apache.catalina.core.ApplicationFilterChain.internalDoFilter(ApplicationFilterChain.java:174)
	at org.apache.catalina.core.ApplicationFilterChain.doFilter(ApplicationFilterChain.java:149)
	at org.springframework.security.web.FilterChainProxy.lambda$doFilterInternal$3(FilterChainProxy.java:231)
	at org.springframework.security.web.FilterChainProxy$VirtualFilterChain.doFilter(FilterChainProxy.java:365)
	at org.springframework.security.web.access.intercept.AuthorizationFilter.doFilter(AuthorizationFilter.java:100)
	at org.springframework.security.web.FilterChainProxy$VirtualFilterChain.doFilter(FilterChainProxy.java:374)
	at org.springframework.security.web.access.ExceptionTranslationFilter.doFilter(ExceptionTranslationFilter.java:126)
	at org.springframework.security.web.access.ExceptionTranslationFilter.doFilter(ExceptionTranslationFilter.java:120)
	at org.springframework.security.web.FilterChainProxy$VirtualFilterChain.doFilter(FilterChainProxy.java:374)
	at org.springframework.security.web.session.SessionManagementFilter.doFilter(SessionManagementFilter.java:131)
	at org.springframework.security.web.session.SessionManagementFilter.doFilter(SessionManagementFilter.java:85)
	at org.springframework.security.web.FilterChainProxy$VirtualFilterChain.doFilter(FilterChainProxy.java:374)
	at org.springframework.security.web.authentication.AnonymousAuthenticationFilter.doFilter(AnonymousAuthenticationFilter.java:100)
	at org.springframework.security.web.FilterChainProxy$VirtualFilterChain.doFilter(FilterChainProxy.java:374)
	at org.springframework.security.web.servletapi.SecurityContextHolderAwareRequestFilter.doFilter(SecurityContextHolderAwareRequestFilter.java:179)
	at org.springframework.security.web.FilterChainProxy$VirtualFilterChain.doFilter(FilterChainProxy.java:374)
	at org.springframework.security.web.savedrequest.RequestCacheAwareFilter.doFilter(RequestCacheAwareFilter.java:63)
	at org.springframework.security.web.FilterChainProxy$VirtualFilterChain.doFilter(FilterChainProxy.java:374)
	at org.springframework.security.web.authentication.AbstractAuthenticationProcessingFilter.doFilter(AbstractAuthenticationProcessingFilter.java:227)
	at org.springframework.security.web.authentication.AbstractAuthenticationProcessingFilter.doFilter(AbstractAuthenticationProcessingFilter.java:221)
	at org.springframework.security.web.FilterChainProxy$VirtualFilterChain.doFilter(FilterChainProxy.java:374)
	at org.example.filter.RequestLogFilter.doFilterInternal(RequestLogFilter.java:43)
	at org.springframework.web.filter.OncePerRequestFilter.doFilter(OncePerRequestFilter.java:116)
	at org.springframework.security.web.FilterChainProxy$VirtualFilterChain.doFilter(FilterChainProxy.java:374)
	at org.example.filter.JwtAuthenticationFilter.doFilterInternal(JwtAuthenticationFilter.java:45)
	at org.springframework.web.filter.OncePerRequestFilter.doFilter(OncePerRequestFilter.java:116)
	at org.springframework.security.web.FilterChainProxy$VirtualFilterChain.doFilter(FilterChainProxy.java:374)
	at org.springframework.security.web.authentication.logout.LogoutFilter.doFilter(LogoutFilter.java:107)
	at org.springframework.security.web.authentication.logout.LogoutFilter.doFilter(LogoutFilter.java:93)
	at org.springframework.security.web.FilterChainProxy$VirtualFilterChain.doFilter(FilterChainProxy.java:374)
	at org.springframework.security.web.header.HeaderWriterFilter.doHeadersAfter(HeaderWriterFilter.java:90)
	at org.springframework.security.web.header.HeaderWriterFilter.doFilterInternal(HeaderWriterFilter.java:75)
	at org.springframework.web.filter.OncePerRequestFilter.doFilter(OncePerRequestFilter.java:116)
	at org.springframework.security.web.FilterChainProxy$VirtualFilterChain.doFilter(FilterChainProxy.java:374)
	at org.springframework.security.web.context.SecurityContextHolderFilter.doFilter(SecurityContextHolderFilter.java:82)
	at org.springframework.security.web.context.SecurityContextHolderFilter.doFilter(SecurityContextHolderFilter.java:69)
	at org.springframework.security.web.FilterChainProxy$VirtualFilterChain.doFilter(FilterChainProxy.java:374)
	at org.springframework.security.web.context.request.async.WebAsyncManagerIntegrationFilter.doFilterInternal(WebAsyncManagerIntegrationFilter.java:62)
	at org.springframework.web.filter.OncePerRequestFilter.doFilter(OncePerRequestFilter.java:116)
	at org.springframework.security.web.FilterChainProxy$VirtualFilterChain.doFilter(FilterChainProxy.java:374)
	at org.springframework.security.web.session.DisableEncodeUrlFilter.doFilterInternal(DisableEncodeUrlFilter.java:42)
	at org.springframework.web.filter.OncePerRequestFilter.doFilter(OncePerRequestFilter.java:116)
	at org.springframework.security.web.FilterChainProxy$VirtualFilterChain.doFilter(FilterChainProxy.java:374)
	at org.springframework.security.web.FilterChainProxy.doFilterInternal(FilterChainProxy.java:233)
	at org.springframework.security.web.FilterChainProxy.doFilter(FilterChainProxy.java:191)
	at org.springframework.web.filter.DelegatingFilterProxy.invokeDelegate(DelegatingFilterProxy.java:352)
	at org.springframework.web.filter.DelegatingFilterProxy.doFilter(DelegatingFilterProxy.java:268)
	at org.apache.catalina.core.ApplicationFilterChain.internalDoFilter(ApplicationFilterChain.java:174)
	at org.apache.catalina.core.ApplicationFilterChain.doFilter(ApplicationFilterChain.java:149)
	at org.example.filter.FlowLimitFilter.doFilter(FlowLimitFilter.java:34)
	at jakarta.servlet.http.HttpFilter.doFilter(HttpFilter.java:53)
	at org.apache.catalina.core.ApplicationFilterChain.internalDoFilter(ApplicationFilterChain.java:174)
	at org.apache.catalina.core.ApplicationFilterChain.doFilter(ApplicationFilterChain.java:149)
	at org.example.filter.CrossFilter.doFilter(CrossFilter.java:23)
	at jakarta.servlet.http.HttpFilter.doFilter(HttpFilter.java:53)
	at org.apache.catalina.core.ApplicationFilterChain.internalDoFilter(ApplicationFilterChain.java:174)
	at org.apache.catalina.core.ApplicationFilterChain.doFilter(ApplicationFilterChain.java:149)
	at org.springframework.web.filter.RequestContextFilter.doFilterInternal(RequestContextFilter.java:100)
	at org.springframework.web.filter.OncePerRequestFilter.doFilter(OncePerRequestFilter.java:116)
	at org.apache.catalina.core.ApplicationFilterChain.internalDoFilter(ApplicationFilterChain.java:174)
	at org.apache.catalina.core.ApplicationFilterChain.doFilter(ApplicationFilterChain.java:149)
	at org.springframework.web.filter.FormContentFilter.doFilterInternal(FormContentFilter.java:93)
	at org.springframework.web.filter.OncePerRequestFilter.doFilter(OncePerRequestFilter.java:116)
	at org.apache.catalina.core.ApplicationFilterChain.internalDoFilter(ApplicationFilterChain.java:174)
	at org.apache.catalina.core.ApplicationFilterChain.doFilter(ApplicationFilterChain.java:149)
	at org.springframework.web.filter.CharacterEncodingFilter.doFilterInternal(CharacterEncodingFilter.java:201)
	at org.springframework.web.filter.OncePerRequestFilter.doFilter(OncePerRequestFilter.java:116)
	at org.apache.catalina.core.ApplicationFilterChain.internalDoFilter(ApplicationFilterChain.java:174)
	at org.apache.catalina.core.ApplicationFilterChain.doFilter(ApplicationFilterChain.java:149)
	at org.apache.catalina.core.StandardWrapperValve.invoke(StandardWrapperValve.java:166)
	at org.apache.catalina.core.StandardContextValve.invoke(StandardContextValve.java:90)
	at org.apache.catalina.authenticator.AuthenticatorBase.invoke(AuthenticatorBase.java:482)
	at org.apache.catalina.core.StandardHostValve.invoke(StandardHostValve.java:115)
	at org.apache.catalina.valves.ErrorReportValve.invoke(ErrorReportValve.java:93)
	at org.apache.catalina.core.StandardEngineValve.invoke(StandardEngineValve.java:74)
	at org.apache.catalina.connector.CoyoteAdapter.service(CoyoteAdapter.java:341)
	at org.apache.coyote.http11.Http11Processor.service(Http11Processor.java:391)
	at org.apache.coyote.AbstractProcessorLight.process(AbstractProcessorLight.java:63)
	at org.apache.coyote.AbstractProtocol$ConnectionHandler.process(AbstractProtocol.java:894)
	at org.apache.tomcat.util.net.NioEndpoint$SocketProcessor.doRun(NioEndpoint.java:1740)
	at org.apache.tomcat.util.net.SocketProcessorBase.run(SocketProcessorBase.java:52)
	at org.apache.tomcat.util.threads.ThreadPoolExecutor.runWorker(ThreadPoolExecutor.java:1191)
	at org.apache.tomcat.util.threads.ThreadPoolExecutor$Worker.run(ThreadPoolExecutor.java:659)
	at org.apache.tomcat.util.threads.TaskThread$WrappingRunnable.run(TaskThread.java:61)
	at java.base/java.lang.Thread.run(Thread.java:833)

2026-06-15 18:56:32.718  INFO 20268 --- [http-nio-8080-exec-4] (379303839729324032) org.example.filter.RequestLogFilter      : 请求URL: "/api/user/info" (OPTIONS) | 远程IP地址: 0:0:0:0:0:0:0:1 │ 身份: 未验证 | 请求参数列表: {}
2026-06-15 18:56:32.719  INFO 20268 --- [http-nio-8080-exec-4] (379303839729324032) org.example.filter.RequestLogFilter      : 请求处理耗时: 1ms | 响应结果: {"code":401,"data":null,"message":"Full authentication is required to access this resource"}
2026-06-15 18:56:32.726  INFO 20268 --- [http-nio-8080-exec-7] (379303839762878464) org.example.filter.RequestLogFilter      : 请求URL: "/api/user/info" (GET) | 远程IP地址: 0:0:0:0:0:0:0:1 │ 身份: admin (UID: 3) | 角色: [ROLE_user] | 请求参数列表: {}
2026-06-15 18:56:32.731 ERROR 20268 --- [http-nio-8080-exec-7] (379303839762878464) o.a.c.c.C.[.[.[/].[dispatcherServlet]    : Servlet.service() for servlet [dispatcherServlet] in context with path [] threw exception [Request processing failed: java.lang.NullPointerException: Cannot invoke "org.example.entity.dto.Account.asViewObject(java.lang.Class)" because "account" is null] with root cause

java.lang.NullPointerException: Cannot invoke "org.example.entity.dto.Account.asViewObject(java.lang.Class)" because "account" is null
	at org.example.controller.AccountController.info(AccountController.java:42)
	at java.base/jdk.internal.reflect.NativeMethodAccessorImpl.invoke0(Native Method)
	at java.base/jdk.internal.reflect.NativeMethodAccessorImpl.invoke(NativeMethodAccessorImpl.java:77)
	at java.base/jdk.internal.reflect.DelegatingMethodAccessorImpl.invoke(DelegatingMethodAccessorImpl.java:43)
	at java.base/java.lang.reflect.Method.invoke(Method.java:568)
	at org.springframework.web.method.support.InvocableHandlerMethod.doInvoke(InvocableHandlerMethod.java:205)
	at org.springframework.web.method.support.InvocableHandlerMethod.invokeForRequest(InvocableHandlerMethod.java:150)
	at org.springframework.web.servlet.mvc.method.annotation.ServletInvocableHandlerMethod.invokeAndHandle(ServletInvocableHandlerMethod.java:118)
	at org.springframework.web.servlet.mvc.method.annotation.RequestMappingHandlerAdapter.invokeHandlerMethod(RequestMappingHandlerAdapter.java:884)
	at org.springframework.web.servlet.mvc.method.annotation.RequestMappingHandlerAdapter.handleInternal(RequestMappingHandlerAdapter.java:797)
	at org.springframework.web.servlet.mvc.method.AbstractHandlerMethodAdapter.handle(AbstractHandlerMethodAdapter.java:87)
	at org.springframework.web.servlet.DispatcherServlet.doDispatch(DispatcherServlet.java:1081)
	at org.springframework.web.servlet.DispatcherServlet.doService(DispatcherServlet.java:974)
	at org.springframework.web.servlet.FrameworkServlet.processRequest(FrameworkServlet.java:1011)
	at org.springframework.web.servlet.FrameworkServlet.doGet(FrameworkServlet.java:903)
	at jakarta.servlet.http.HttpServlet.service(HttpServlet.java:564)
	at org.springframework.web.servlet.FrameworkServlet.service(FrameworkServlet.java:885)
	at jakarta.servlet.http.HttpServlet.service(HttpServlet.java:658)
	at org.apache.catalina.core.ApplicationFilterChain.internalDoFilter(ApplicationFilterChain.java:205)
	at org.apache.catalina.core.ApplicationFilterChain.doFilter(ApplicationFilterChain.java:149)
	at org.apache.tomcat.websocket.server.WsFilter.doFilter(WsFilter.java:51)
	at org.apache.catalina.core.ApplicationFilterChain.internalDoFilter(ApplicationFilterChain.java:174)
	at org.apache.catalina.core.ApplicationFilterChain.doFilter(ApplicationFilterChain.java:149)
	at org.springframework.web.filter.OncePerRequestFilter.doFilter(OncePerRequestFilter.java:110)
	at org.apache.catalina.core.ApplicationFilterChain.internalDoFilter(ApplicationFilterChain.java:174)
	at org.apache.catalina.core.ApplicationFilterChain.doFilter(ApplicationFilterChain.java:149)
	at org.springframework.web.filter.OncePerRequestFilter.doFilter(OncePerRequestFilter.java:110)
	at org.apache.catalina.core.ApplicationFilterChain.internalDoFilter(ApplicationFilterChain.java:174)
	at org.apache.catalina.core.ApplicationFilterChain.doFilter(ApplicationFilterChain.java:149)
	at org.springframework.security.web.FilterChainProxy.lambda$doFilterInternal$3(FilterChainProxy.java:231)
	at org.springframework.security.web.FilterChainProxy$VirtualFilterChain.doFilter(FilterChainProxy.java:365)
	at org.springframework.security.web.access.intercept.AuthorizationFilter.doFilter(AuthorizationFilter.java:100)
	at org.springframework.security.web.FilterChainProxy$VirtualFilterChain.doFilter(FilterChainProxy.java:374)
	at org.springframework.security.web.access.ExceptionTranslationFilter.doFilter(ExceptionTranslationFilter.java:126)
	at org.springframework.security.web.access.ExceptionTranslationFilter.doFilter(ExceptionTranslationFilter.java:120)
	at org.springframework.security.web.FilterChainProxy$VirtualFilterChain.doFilter(FilterChainProxy.java:374)
	at org.springframework.security.web.session.SessionManagementFilter.doFilter(SessionManagementFilter.java:131)
	at org.springframework.security.web.session.SessionManagementFilter.doFilter(SessionManagementFilter.java:85)
	at org.springframework.security.web.FilterChainProxy$VirtualFilterChain.doFilter(FilterChainProxy.java:374)
	at org.springframework.security.web.authentication.AnonymousAuthenticationFilter.doFilter(AnonymousAuthenticationFilter.java:100)
	at org.springframework.security.web.FilterChainProxy$VirtualFilterChain.doFilter(FilterChainProxy.java:374)
	at org.springframework.security.web.servletapi.SecurityContextHolderAwareRequestFilter.doFilter(SecurityContextHolderAwareRequestFilter.java:179)
	at org.springframework.security.web.FilterChainProxy$VirtualFilterChain.doFilter(FilterChainProxy.java:374)
	at org.springframework.security.web.savedrequest.RequestCacheAwareFilter.doFilter(RequestCacheAwareFilter.java:63)
	at org.springframework.security.web.FilterChainProxy$VirtualFilterChain.doFilter(FilterChainProxy.java:374)
	at org.springframework.security.web.authentication.AbstractAuthenticationProcessingFilter.doFilter(AbstractAuthenticationProcessingFilter.java:227)
	at org.springframework.security.web.authentication.AbstractAuthenticationProcessingFilter.doFilter(AbstractAuthenticationProcessingFilter.java:221)
	at org.springframework.security.web.FilterChainProxy$VirtualFilterChain.doFilter(FilterChainProxy.java:374)
	at org.example.filter.RequestLogFilter.doFilterInternal(RequestLogFilter.java:43)
	at org.springframework.web.filter.OncePerRequestFilter.doFilter(OncePerRequestFilter.java:116)
	at org.springframework.security.web.FilterChainProxy$VirtualFilterChain.doFilter(FilterChainProxy.java:374)
	at org.example.filter.JwtAuthenticationFilter.doFilterInternal(JwtAuthenticationFilter.java:45)
	at org.springframework.web.filter.OncePerRequestFilter.doFilter(OncePerRequestFilter.java:116)
	at org.springframework.security.web.FilterChainProxy$VirtualFilterChain.doFilter(FilterChainProxy.java:374)
	at org.springframework.security.web.authentication.logout.LogoutFilter.doFilter(LogoutFilter.java:107)
	at org.springframework.security.web.authentication.logout.LogoutFilter.doFilter(LogoutFilter.java:93)
	at org.springframework.security.web.FilterChainProxy$VirtualFilterChain.doFilter(FilterChainProxy.java:374)
	at org.springframework.security.web.header.HeaderWriterFilter.doHeadersAfter(HeaderWriterFilter.java:90)
	at org.springframework.security.web.header.HeaderWriterFilter.doFilterInternal(HeaderWriterFilter.java:75)
	at org.springframework.web.filter.OncePerRequestFilter.doFilter(OncePerRequestFilter.java:116)
	at org.springframework.security.web.FilterChainProxy$VirtualFilterChain.doFilter(FilterChainProxy.java:374)
	at org.springframework.security.web.context.SecurityContextHolderFilter.doFilter(SecurityContextHolderFilter.java:82)
	at org.springframework.security.web.context.SecurityContextHolderFilter.doFilter(SecurityContextHolderFilter.java:69)
	at org.springframework.security.web.FilterChainProxy$VirtualFilterChain.doFilter(FilterChainProxy.java:374)
	at org.springframework.security.web.context.request.async.WebAsyncManagerIntegrationFilter.doFilterInternal(WebAsyncManagerIntegrationFilter.java:62)
	at org.springframework.web.filter.OncePerRequestFilter.doFilter(OncePerRequestFilter.java:116)
	at org.springframework.security.web.FilterChainProxy$VirtualFilterChain.doFilter(FilterChainProxy.java:374)
	at org.springframework.security.web.session.DisableEncodeUrlFilter.doFilterInternal(DisableEncodeUrlFilter.java:42)
	at org.springframework.web.filter.OncePerRequestFilter.doFilter(OncePerRequestFilter.java:116)
	at org.springframework.security.web.FilterChainProxy$VirtualFilterChain.doFilter(FilterChainProxy.java:374)
	at org.springframework.security.web.FilterChainProxy.doFilterInternal(FilterChainProxy.java:233)
	at org.springframework.security.web.FilterChainProxy.doFilter(FilterChainProxy.java:191)
	at org.springframework.web.filter.DelegatingFilterProxy.invokeDelegate(DelegatingFilterProxy.java:352)
	at org.springframework.web.filter.DelegatingFilterProxy.doFilter(DelegatingFilterProxy.java:268)
	at org.apache.catalina.core.ApplicationFilterChain.internalDoFilter(ApplicationFilterChain.java:174)
	at org.apache.catalina.core.ApplicationFilterChain.doFilter(ApplicationFilterChain.java:149)
	at org.example.filter.FlowLimitFilter.doFilter(FlowLimitFilter.java:34)
	at jakarta.servlet.http.HttpFilter.doFilter(HttpFilter.java:53)
	at org.apache.catalina.core.ApplicationFilterChain.internalDoFilter(ApplicationFilterChain.java:174)
	at org.apache.catalina.core.ApplicationFilterChain.doFilter(ApplicationFilterChain.java:149)
	at org.example.filter.CrossFilter.doFilter(CrossFilter.java:23)
	at jakarta.servlet.http.HttpFilter.doFilter(HttpFilter.java:53)
	at org.apache.catalina.core.ApplicationFilterChain.internalDoFilter(ApplicationFilterChain.java:174)
	at org.apache.catalina.core.ApplicationFilterChain.doFilter(ApplicationFilterChain.java:149)
	at org.springframework.web.filter.RequestContextFilter.doFilterInternal(RequestContextFilter.java:100)
	at org.springframework.web.filter.OncePerRequestFilter.doFilter(OncePerRequestFilter.java:116)
	at org.apache.catalina.core.ApplicationFilterChain.internalDoFilter(ApplicationFilterChain.java:174)
	at org.apache.catalina.core.ApplicationFilterChain.doFilter(ApplicationFilterChain.java:149)
	at org.springframework.web.filter.FormContentFilter.doFilterInternal(FormContentFilter.java:93)
	at org.springframework.web.filter.OncePerRequestFilter.doFilter(OncePerRequestFilter.java:116)
	at org.apache.catalina.core.ApplicationFilterChain.internalDoFilter(ApplicationFilterChain.java:174)
	at org.apache.catalina.core.ApplicationFilterChain.doFilter(ApplicationFilterChain.java:149)
	at org.springframework.web.filter.CharacterEncodingFilter.doFilterInternal(CharacterEncodingFilter.java:201)
	at org.springframework.web.filter.OncePerRequestFilter.doFilter(OncePerRequestFilter.java:116)
	at org.apache.catalina.core.ApplicationFilterChain.internalDoFilter(ApplicationFilterChain.java:174)
	at org.apache.catalina.core.ApplicationFilterChain.doFilter(ApplicationFilterChain.java:149)
	at org.apache.catalina.core.StandardWrapperValve.invoke(StandardWrapperValve.java:166)
	at org.apache.catalina.core.StandardContextValve.invoke(StandardContextValve.java:90)
	at org.apache.catalina.authenticator.AuthenticatorBase.invoke(AuthenticatorBase.java:482)
	at org.apache.catalina.core.StandardHostValve.invoke(StandardHostValve.java:115)
	at org.apache.catalina.valves.ErrorReportValve.invoke(ErrorReportValve.java:93)
	at org.apache.catalina.core.StandardEngineValve.invoke(StandardEngineValve.java:74)
	at org.apache.catalina.connector.CoyoteAdapter.service(CoyoteAdapter.java:341)
	at org.apache.coyote.http11.Http11Processor.service(Http11Processor.java:391)
	at org.apache.coyote.AbstractProcessorLight.process(AbstractProcessorLight.java:63)
	at org.apache.coyote.AbstractProtocol$ConnectionHandler.process(AbstractProtocol.java:894)
	at org.apache.tomcat.util.net.NioEndpoint$SocketProcessor.doRun(NioEndpoint.java:1740)
	at org.apache.tomcat.util.net.SocketProcessorBase.run(SocketProcessorBase.java:52)
	at org.apache.tomcat.util.threads.ThreadPoolExecutor.runWorker(ThreadPoolExecutor.java:1191)
	at org.apache.tomcat.util.threads.ThreadPoolExecutor$Worker.run(ThreadPoolExecutor.java:659)
	at org.apache.tomcat.util.threads.TaskThread$WrappingRunnable.run(TaskThread.java:61)
	at java.base/java.lang.Thread.run(Thread.java:833)

2026-06-15 18:57:21.791  INFO 20268 --- [http-nio-8080-exec-10] (379304045556404224) org.example.filter.RequestLogFilter      : 请求URL: "/api/user/info" (OPTIONS) | 远程IP地址: 0:0:0:0:0:0:0:1 │ 身份: 未验证 | 请求参数列表: {}
2026-06-15 18:57:21.793  INFO 20268 --- [http-nio-8080-exec-10] (379304045556404224) org.example.filter.RequestLogFilter      : 请求处理耗时: 2ms | 响应结果: {"code":401,"data":null,"message":"Full authentication is required to access this resource"}
2026-06-15 18:57:21.802  INFO 20268 --- [http-nio-8080-exec-5] (379304045602541568) org.example.filter.RequestLogFilter      : 请求URL: "/api/user/info" (GET) | 远程IP地址: 0:0:0:0:0:0:0:1 │ 身份: admin (UID: 3) | 角色: [ROLE_user] | 请求参数列表: {}
2026-06-15 18:57:21.813 ERROR 20268 --- [http-nio-8080-exec-5] (379304045602541568) o.a.c.c.C.[.[.[/].[dispatcherServlet]    : Servlet.service() for servlet [dispatcherServlet] in context with path [] threw exception [Request processing failed: java.lang.NullPointerException: Cannot invoke "org.example.entity.dto.Account.asViewObject(java.lang.Class)" because "account" is null] with root cause

java.lang.NullPointerException: Cannot invoke "org.example.entity.dto.Account.asViewObject(java.lang.Class)" because "account" is null
	at org.example.controller.AccountController.info(AccountController.java:42)
	at java.base/jdk.internal.reflect.NativeMethodAccessorImpl.invoke0(Native Method)
	at java.base/jdk.internal.reflect.NativeMethodAccessorImpl.invoke(NativeMethodAccessorImpl.java:77)
	at java.base/jdk.internal.reflect.DelegatingMethodAccessorImpl.invoke(DelegatingMethodAccessorImpl.java:43)
	at java.base/java.lang.reflect.Method.invoke(Method.java:568)
	at org.springframework.web.method.support.InvocableHandlerMethod.doInvoke(InvocableHandlerMethod.java:205)
	at org.springframework.web.method.support.InvocableHandlerMethod.invokeForRequest(InvocableHandlerMethod.java:150)
	at org.springframework.web.servlet.mvc.method.annotation.ServletInvocableHandlerMethod.invokeAndHandle(ServletInvocableHandlerMethod.java:118)
	at org.springframework.web.servlet.mvc.method.annotation.RequestMappingHandlerAdapter.invokeHandlerMethod(RequestMappingHandlerAdapter.java:884)
	at org.springframework.web.servlet.mvc.method.annotation.RequestMappingHandlerAdapter.handleInternal(RequestMappingHandlerAdapter.java:797)
	at org.springframework.web.servlet.mvc.method.AbstractHandlerMethodAdapter.handle(AbstractHandlerMethodAdapter.java:87)
	at org.springframework.web.servlet.DispatcherServlet.doDispatch(DispatcherServlet.java:1081)
	at org.springframework.web.servlet.DispatcherServlet.doService(DispatcherServlet.java:974)
	at org.springframework.web.servlet.FrameworkServlet.processRequest(FrameworkServlet.java:1011)
	at org.springframework.web.servlet.FrameworkServlet.doGet(FrameworkServlet.java:903)
	at jakarta.servlet.http.HttpServlet.service(HttpServlet.java:564)
	at org.springframework.web.servlet.FrameworkServlet.service(FrameworkServlet.java:885)
	at jakarta.servlet.http.HttpServlet.service(HttpServlet.java:658)
	at org.apache.catalina.core.ApplicationFilterChain.internalDoFilter(ApplicationFilterChain.java:205)
	at org.apache.catalina.core.ApplicationFilterChain.doFilter(ApplicationFilterChain.java:149)
	at org.apache.tomcat.websocket.server.WsFilter.doFilter(WsFilter.java:51)
	at org.apache.catalina.core.ApplicationFilterChain.internalDoFilter(ApplicationFilterChain.java:174)
	at org.apache.catalina.core.ApplicationFilterChain.doFilter(ApplicationFilterChain.java:149)
	at org.springframework.web.filter.OncePerRequestFilter.doFilter(OncePerRequestFilter.java:110)
	at org.apache.catalina.core.ApplicationFilterChain.internalDoFilter(ApplicationFilterChain.java:174)
	at org.apache.catalina.core.ApplicationFilterChain.doFilter(ApplicationFilterChain.java:149)
	at org.springframework.web.filter.OncePerRequestFilter.doFilter(OncePerRequestFilter.java:110)
	at org.apache.catalina.core.ApplicationFilterChain.internalDoFilter(ApplicationFilterChain.java:174)
	at org.apache.catalina.core.ApplicationFilterChain.doFilter(ApplicationFilterChain.java:149)
	at org.springframework.security.web.FilterChainProxy.lambda$doFilterInternal$3(FilterChainProxy.java:231)
	at org.springframework.security.web.FilterChainProxy$VirtualFilterChain.doFilter(FilterChainProxy.java:365)
	at org.springframework.security.web.access.intercept.AuthorizationFilter.doFilter(AuthorizationFilter.java:100)
	at org.springframework.security.web.FilterChainProxy$VirtualFilterChain.doFilter(FilterChainProxy.java:374)
	at org.springframework.security.web.access.ExceptionTranslationFilter.doFilter(ExceptionTranslationFilter.java:126)
	at org.springframework.security.web.access.ExceptionTranslationFilter.doFilter(ExceptionTranslationFilter.java:120)
	at org.springframework.security.web.FilterChainProxy$VirtualFilterChain.doFilter(FilterChainProxy.java:374)
	at org.springframework.security.web.session.SessionManagementFilter.doFilter(SessionManagementFilter.java:131)
	at org.springframework.security.web.session.SessionManagementFilter.doFilter(SessionManagementFilter.java:85)
	at org.springframework.security.web.FilterChainProxy$VirtualFilterChain.doFilter(FilterChainProxy.java:374)
	at org.springframework.security.web.authentication.AnonymousAuthenticationFilter.doFilter(AnonymousAuthenticationFilter.java:100)
	at org.springframework.security.web.FilterChainProxy$VirtualFilterChain.doFilter(FilterChainProxy.java:374)
	at org.springframework.security.web.servletapi.SecurityContextHolderAwareRequestFilter.doFilter(SecurityContextHolderAwareRequestFilter.java:179)
	at org.springframework.security.web.FilterChainProxy$VirtualFilterChain.doFilter(FilterChainProxy.java:374)
	at org.springframework.security.web.savedrequest.RequestCacheAwareFilter.doFilter(RequestCacheAwareFilter.java:63)
	at org.springframework.security.web.FilterChainProxy$VirtualFilterChain.doFilter(FilterChainProxy.java:374)
	at org.springframework.security.web.authentication.AbstractAuthenticationProcessingFilter.doFilter(AbstractAuthenticationProcessingFilter.java:227)
	at org.springframework.security.web.authentication.AbstractAuthenticationProcessingFilter.doFilter(AbstractAuthenticationProcessingFilter.java:221)
	at org.springframework.security.web.FilterChainProxy$VirtualFilterChain.doFilter(FilterChainProxy.java:374)
	at org.example.filter.RequestLogFilter.doFilterInternal(RequestLogFilter.java:43)
	at org.springframework.web.filter.OncePerRequestFilter.doFilter(OncePerRequestFilter.java:116)
	at org.springframework.security.web.FilterChainProxy$VirtualFilterChain.doFilter(FilterChainProxy.java:374)
	at org.example.filter.JwtAuthenticationFilter.doFilterInternal(JwtAuthenticationFilter.java:45)
	at org.springframework.web.filter.OncePerRequestFilter.doFilter(OncePerRequestFilter.java:116)
	at org.springframework.security.web.FilterChainProxy$VirtualFilterChain.doFilter(FilterChainProxy.java:374)
	at org.springframework.security.web.authentication.logout.LogoutFilter.doFilter(LogoutFilter.java:107)
	at org.springframework.security.web.authentication.logout.LogoutFilter.doFilter(LogoutFilter.java:93)
	at org.springframework.security.web.FilterChainProxy$VirtualFilterChain.doFilter(FilterChainProxy.java:374)
	at org.springframework.security.web.header.HeaderWriterFilter.doHeadersAfter(HeaderWriterFilter.java:90)
	at org.springframework.security.web.header.HeaderWriterFilter.doFilterInternal(HeaderWriterFilter.java:75)
	at org.springframework.web.filter.OncePerRequestFilter.doFilter(OncePerRequestFilter.java:116)
	at org.springframework.security.web.FilterChainProxy$VirtualFilterChain.doFilter(FilterChainProxy.java:374)
	at org.springframework.security.web.context.SecurityContextHolderFilter.doFilter(SecurityContextHolderFilter.java:82)
	at org.springframework.security.web.context.SecurityContextHolderFilter.doFilter(SecurityContextHolderFilter.java:69)
	at org.springframework.security.web.FilterChainProxy$VirtualFilterChain.doFilter(FilterChainProxy.java:374)
	at org.springframework.security.web.context.request.async.WebAsyncManagerIntegrationFilter.doFilterInternal(WebAsyncManagerIntegrationFilter.java:62)
	at org.springframework.web.filter.OncePerRequestFilter.doFilter(OncePerRequestFilter.java:116)
	at org.springframework.security.web.FilterChainProxy$VirtualFilterChain.doFilter(FilterChainProxy.java:374)
	at org.springframework.security.web.session.DisableEncodeUrlFilter.doFilterInternal(DisableEncodeUrlFilter.java:42)
	at org.springframework.web.filter.OncePerRequestFilter.doFilter(OncePerRequestFilter.java:116)
	at org.springframework.security.web.FilterChainProxy$VirtualFilterChain.doFilter(FilterChainProxy.java:374)
	at org.springframework.security.web.FilterChainProxy.doFilterInternal(FilterChainProxy.java:233)
	at org.springframework.security.web.FilterChainProxy.doFilter(FilterChainProxy.java:191)
	at org.springframework.web.filter.DelegatingFilterProxy.invokeDelegate(DelegatingFilterProxy.java:352)
	at org.springframework.web.filter.DelegatingFilterProxy.doFilter(DelegatingFilterProxy.java:268)
	at org.apache.catalina.core.ApplicationFilterChain.internalDoFilter(ApplicationFilterChain.java:174)
	at org.apache.catalina.core.ApplicationFilterChain.doFilter(ApplicationFilterChain.java:149)
	at org.example.filter.FlowLimitFilter.doFilter(FlowLimitFilter.java:34)
	at jakarta.servlet.http.HttpFilter.doFilter(HttpFilter.java:53)
	at org.apache.catalina.core.ApplicationFilterChain.internalDoFilter(ApplicationFilterChain.java:174)
	at org.apache.catalina.core.ApplicationFilterChain.doFilter(ApplicationFilterChain.java:149)
	at org.example.filter.CrossFilter.doFilter(CrossFilter.java:23)
	at jakarta.servlet.http.HttpFilter.doFilter(HttpFilter.java:53)
	at org.apache.catalina.core.ApplicationFilterChain.internalDoFilter(ApplicationFilterChain.java:174)
	at org.apache.catalina.core.ApplicationFilterChain.doFilter(ApplicationFilterChain.java:149)
	at org.springframework.web.filter.RequestContextFilter.doFilterInternal(RequestContextFilter.java:100)
	at org.springframework.web.filter.OncePerRequestFilter.doFilter(OncePerRequestFilter.java:116)
	at org.apache.catalina.core.ApplicationFilterChain.internalDoFilter(ApplicationFilterChain.java:174)
	at org.apache.catalina.core.ApplicationFilterChain.doFilter(ApplicationFilterChain.java:149)
	at org.springframework.web.filter.FormContentFilter.doFilterInternal(FormContentFilter.java:93)
	at org.springframework.web.filter.OncePerRequestFilter.doFilter(OncePerRequestFilter.java:116)
	at org.apache.catalina.core.ApplicationFilterChain.internalDoFilter(ApplicationFilterChain.java:174)
	at org.apache.catalina.core.ApplicationFilterChain.doFilter(ApplicationFilterChain.java:149)
	at org.springframework.web.filter.CharacterEncodingFilter.doFilterInternal(CharacterEncodingFilter.java:201)
	at org.springframework.web.filter.OncePerRequestFilter.doFilter(OncePerRequestFilter.java:116)
	at org.apache.catalina.core.ApplicationFilterChain.internalDoFilter(ApplicationFilterChain.java:174)
	at org.apache.catalina.core.ApplicationFilterChain.doFilter(ApplicationFilterChain.java:149)
	at org.apache.catalina.core.StandardWrapperValve.invoke(StandardWrapperValve.java:166)
	at org.apache.catalina.core.StandardContextValve.invoke(StandardContextValve.java:90)
	at org.apache.catalina.authenticator.AuthenticatorBase.invoke(AuthenticatorBase.java:482)
	at org.apache.catalina.core.StandardHostValve.invoke(StandardHostValve.java:115)
	at org.apache.catalina.valves.ErrorReportValve.invoke(ErrorReportValve.java:93)
	at org.apache.catalina.core.StandardEngineValve.invoke(StandardEngineValve.java:74)
	at org.apache.catalina.connector.CoyoteAdapter.service(CoyoteAdapter.java:341)
	at org.apache.coyote.http11.Http11Processor.service(Http11Processor.java:391)
	at org.apache.coyote.AbstractProcessorLight.process(AbstractProcessorLight.java:63)
	at org.apache.coyote.AbstractProtocol$ConnectionHandler.process(AbstractProtocol.java:894)
	at org.apache.tomcat.util.net.NioEndpoint$SocketProcessor.doRun(NioEndpoint.java:1740)
	at org.apache.tomcat.util.net.SocketProcessorBase.run(SocketProcessorBase.java:52)
	at org.apache.tomcat.util.threads.ThreadPoolExecutor.runWorker(ThreadPoolExecutor.java:1191)
	at org.apache.tomcat.util.threads.ThreadPoolExecutor$Worker.run(ThreadPoolExecutor.java:659)
	at org.apache.tomcat.util.threads.TaskThread$WrappingRunnable.run(TaskThread.java:61)
	at java.base/java.lang.Thread.run(Thread.java:833)

2026-06-15 19:02:44.455  INFO 20268 --- [org.springframework.amqp.rabbit.RabbitListenerEndpointContainer#0-2] (system) o.s.a.r.l.SimpleMessageListenerContainer : Waiting for workers to finish.
2026-06-15 19:02:44.857  INFO 20268 --- [org.springframework.amqp.rabbit.RabbitListenerEndpointContainer#0-2] (system) o.s.a.r.l.SimpleMessageListenerContainer : Successfully waited for workers to finish.
2026-06-15 19:02:44.880  INFO 20268 --- [SpringApplicationShutdownHook] (system) com.zaxxer.hikari.HikariDataSource       : HikariPool-1 - Shutdown initiated...
2026-06-15 19:02:44.887  INFO 20268 --- [SpringApplicationShutdownHook] (system) com.zaxxer.hikari.HikariDataSource       : HikariPool-1 - Shutdown completed.
2026-06-15 19:02:48.210  INFO 21844 --- [main] (system) o.example.MyProjectBackendApplication    : Starting MyProjectBackendApplication using Java 17.0.8 with PID 21844 (C:\Users\14302\IdeaProjects\my-project\my-project-backend\target\classes started by 14302 in C:\Users\14302\IdeaProjects\my-project)
2026-06-15 19:02:48.212  INFO 21844 --- [main] (system) o.example.MyProjectBackendApplication    : The following 1 profile is active: "dev"
2026-06-15 19:02:48.863  INFO 21844 --- [main] (system) .s.d.r.c.RepositoryConfigurationDelegate : Multiple Spring Data modules found, entering strict repository configuration mode
2026-06-15 19:02:48.865  INFO 21844 --- [main] (system) .s.d.r.c.RepositoryConfigurationDelegate : Bootstrapping Spring Data Redis repositories in DEFAULT mode.
2026-06-15 19:02:48.888  INFO 21844 --- [main] (system) .s.d.r.c.RepositoryConfigurationDelegate : Finished Spring Data repository scanning in 11 ms. Found 0 Redis repository interfaces.
2026-06-15 19:02:49.349  INFO 21844 --- [main] (system) o.s.b.w.embedded.tomcat.TomcatWebServer  : Tomcat initialized with port(s): 8080 (http)
2026-06-15 19:02:49.355  INFO 21844 --- [main] (system) o.apache.catalina.core.StandardService   : Starting service [Tomcat]
2026-06-15 19:02:49.356  INFO 21844 --- [main] (system) o.apache.catalina.core.StandardEngine    : Starting Servlet engine: [Apache Tomcat/10.1.11]
2026-06-15 19:02:49.449  INFO 21844 --- [main] (system) o.a.c.c.C.[Tomcat].[localhost].[/]       : Initializing Spring embedded WebApplicationContext
2026-06-15 19:02:49.450  INFO 21844 --- [main] (system) w.s.c.ServletWebServerApplicationContext : Root WebApplicationContext: initialization completed in 1199 ms
2026-06-15 19:02:50.141  INFO 21844 --- [main] (system) org.example.config.MinioConfiguration    : Init minio client...
2026-06-15 19:02:50.534  INFO 21844 --- [main] (system) o.s.s.web.DefaultSecurityFilterChain     : Will secure any request with [org.springframework.security.web.session.DisableEncodeUrlFilter@5d00b469, org.springframework.security.web.context.request.async.WebAsyncManagerIntegrationFilter@dd07be8, org.springframework.security.web.context.SecurityContextHolderFilter@57df09a7, org.springframework.security.web.header.HeaderWriterFilter@744fb110, org.springframework.security.web.authentication.logout.LogoutFilter@f439e0f, org.example.filter.JwtAuthenticationFilter@3fef1e6b, org.example.filter.RequestLogFilter@93ce24d, org.springframework.security.web.authentication.UsernamePasswordAuthenticationFilter@33765d22, org.springframework.security.web.savedrequest.RequestCacheAwareFilter@81dfdee, org.springframework.security.web.servletapi.SecurityContextHolderAwareRequestFilter@7bd694a5, org.springframework.security.web.authentication.AnonymousAuthenticationFilter@7b8fcdf2, org.springframework.security.web.session.SessionManagementFilter@7474196, org.springframework.security.web.access.ExceptionTranslationFilter@5bba9949, org.springframework.security.web.access.intercept.AuthorizationFilter@17dbca0a]
2026-06-15 19:02:50.766  WARN 21844 --- [main] (system) ocalVariableTableParameterNameDiscoverer : Using deprecated '-debug' fallback for parameter name resolution. Compile the affected code with '-parameters' instead or avoid its introspection: org.springframework.amqp.rabbit.core.RabbitAdmin
2026-06-15 19:02:50.815  INFO 21844 --- [main] (system) o.s.b.w.embedded.tomcat.TomcatWebServer  : Tomcat started on port(s): 8080 (http) with context path ''
2026-06-15 19:02:50.818  INFO 21844 --- [main] (system) o.s.a.r.c.CachingConnectionFactory       : Attempting to connect to: [localhost:5672]
2026-06-15 19:02:50.852  INFO 21844 --- [main] (system) o.s.a.r.c.CachingConnectionFactory       : Created new connection: rabbitConnectionFactory#1182d1df:0/SimpleConnection@61d61b0e [delegate=amqp://guest@127.0.0.1:5672/, localPort=64217]
2026-06-15 19:02:50.887  INFO 21844 --- [main] (system) o.example.MyProjectBackendApplication    : Started MyProjectBackendApplication in 3.12 seconds (process running for 3.607)
2026-06-15 19:02:56.860  INFO 21844 --- [http-nio-8080-exec-1] (system) o.a.c.c.C.[Tomcat].[localhost].[/]       : Initializing Spring DispatcherServlet 'dispatcherServlet'
2026-06-15 19:02:56.860  INFO 21844 --- [http-nio-8080-exec-1] (system) o.s.web.servlet.DispatcherServlet        : Initializing Servlet 'dispatcherServlet'
2026-06-15 19:02:56.862  INFO 21844 --- [http-nio-8080-exec-1] (system) o.s.web.servlet.DispatcherServlet        : Completed initialization in 2 ms
2026-06-15 19:02:57.476  INFO 21844 --- [http-nio-8080-exec-1] (379305453508759552) org.example.filter.RequestLogFilter      : 请求URL: "/api/user/info" (OPTIONS) | 远程IP地址: 0:0:0:0:0:0:0:1 │ 身份: 未验证 | 请求参数列表: {}
2026-06-15 19:02:57.666  INFO 21844 --- [http-nio-8080-exec-1] (379305453508759552) org.example.filter.RequestLogFilter      : 请求处理耗时: 193ms | 响应结果: {"code":401,"data":null,"message":"Full authentication is required to access this resource"}
2026-06-15 19:02:57.747 ERROR 21844 --- [http-nio-8080-exec-4] (system) o.a.c.c.C.[.[.[/].[dispatcherServlet]    : Servlet.service() for servlet [dispatcherServlet] in context with path [] threw exception

java.lang.NumberFormatException: For input string: "da9b5979-a808-4ce3-ae43-3c25382a36f6"
	at java.base/java.lang.NumberFormatException.forInputString(NumberFormatException.java:67)
	at java.base/java.lang.Integer.parseInt(Integer.java:668)
	at java.base/java.lang.Integer.parseInt(Integer.java:786)
	at org.example.filter.JwtAuthenticationFilter.doFilterInternal(JwtAuthenticationFilter.java:43)
	at org.springframework.web.filter.OncePerRequestFilter.doFilter(OncePerRequestFilter.java:116)
	at org.springframework.security.web.FilterChainProxy$VirtualFilterChain.doFilter(FilterChainProxy.java:374)
	at org.springframework.security.web.authentication.logout.LogoutFilter.doFilter(LogoutFilter.java:107)
	at org.springframework.security.web.authentication.logout.LogoutFilter.doFilter(LogoutFilter.java:93)
	at org.springframework.security.web.FilterChainProxy$VirtualFilterChain.doFilter(FilterChainProxy.java:374)
	at org.springframework.security.web.header.HeaderWriterFilter.doHeadersAfter(HeaderWriterFilter.java:90)
	at org.springframework.security.web.header.HeaderWriterFilter.doFilterInternal(HeaderWriterFilter.java:75)
	at org.springframework.web.filter.OncePerRequestFilter.doFilter(OncePerRequestFilter.java:116)
	at org.springframework.security.web.FilterChainProxy$VirtualFilterChain.doFilter(FilterChainProxy.java:374)
	at org.springframework.security.web.context.SecurityContextHolderFilter.doFilter(SecurityContextHolderFilter.java:82)
	at org.springframework.security.web.context.SecurityContextHolderFilter.doFilter(SecurityContextHolderFilter.java:69)
	at org.springframework.security.web.FilterChainProxy$VirtualFilterChain.doFilter(FilterChainProxy.java:374)
	at org.springframework.security.web.context.request.async.WebAsyncManagerIntegrationFilter.doFilterInternal(WebAsyncManagerIntegrationFilter.java:62)
	at org.springframework.web.filter.OncePerRequestFilter.doFilter(OncePerRequestFilter.java:116)
	at org.springframework.security.web.FilterChainProxy$VirtualFilterChain.doFilter(FilterChainProxy.java:374)
	at org.springframework.security.web.session.DisableEncodeUrlFilter.doFilterInternal(DisableEncodeUrlFilter.java:42)
	at org.springframework.web.filter.OncePerRequestFilter.doFilter(OncePerRequestFilter.java:116)
	at org.springframework.security.web.FilterChainProxy$VirtualFilterChain.doFilter(FilterChainProxy.java:374)
	at org.springframework.security.web.FilterChainProxy.doFilterInternal(FilterChainProxy.java:233)
	at org.springframework.security.web.FilterChainProxy.doFilter(FilterChainProxy.java:191)
	at org.springframework.web.filter.DelegatingFilterProxy.invokeDelegate(DelegatingFilterProxy.java:352)
	at org.springframework.web.filter.DelegatingFilterProxy.doFilter(DelegatingFilterProxy.java:268)
	at org.apache.catalina.core.ApplicationFilterChain.internalDoFilter(ApplicationFilterChain.java:174)
	at org.apache.catalina.core.ApplicationFilterChain.doFilter(ApplicationFilterChain.java:149)
	at org.example.filter.FlowLimitFilter.doFilter(FlowLimitFilter.java:34)
	at jakarta.servlet.http.HttpFilter.doFilter(HttpFilter.java:53)
	at org.apache.catalina.core.ApplicationFilterChain.internalDoFilter(ApplicationFilterChain.java:174)
	at org.apache.catalina.core.ApplicationFilterChain.doFilter(ApplicationFilterChain.java:149)
	at org.example.filter.CrossFilter.doFilter(CrossFilter.java:23)
	at jakarta.servlet.http.HttpFilter.doFilter(HttpFilter.java:53)
	at org.apache.catalina.core.ApplicationFilterChain.internalDoFilter(ApplicationFilterChain.java:174)
	at org.apache.catalina.core.ApplicationFilterChain.doFilter(ApplicationFilterChain.java:149)
	at org.springframework.web.filter.RequestContextFilter.doFilterInternal(RequestContextFilter.java:100)
	at org.springframework.web.filter.OncePerRequestFilter.doFilter(OncePerRequestFilter.java:116)
	at org.apache.catalina.core.ApplicationFilterChain.internalDoFilter(ApplicationFilterChain.java:174)
	at org.apache.catalina.core.ApplicationFilterChain.doFilter(ApplicationFilterChain.java:149)
	at org.springframework.web.filter.FormContentFilter.doFilterInternal(FormContentFilter.java:93)
	at org.springframework.web.filter.OncePerRequestFilter.doFilter(OncePerRequestFilter.java:116)
	at org.apache.catalina.core.ApplicationFilterChain.internalDoFilter(ApplicationFilterChain.java:174)
	at org.apache.catalina.core.ApplicationFilterChain.doFilter(ApplicationFilterChain.java:149)
	at org.springframework.web.filter.CharacterEncodingFilter.doFilterInternal(CharacterEncodingFilter.java:201)
	at org.springframework.web.filter.OncePerRequestFilter.doFilter(OncePerRequestFilter.java:116)
	at org.apache.catalina.core.ApplicationFilterChain.internalDoFilter(ApplicationFilterChain.java:174)
	at org.apache.catalina.core.ApplicationFilterChain.doFilter(ApplicationFilterChain.java:149)
	at org.apache.catalina.core.StandardWrapperValve.invoke(StandardWrapperValve.java:166)
	at org.apache.catalina.core.StandardContextValve.invoke(StandardContextValve.java:90)
	at org.apache.catalina.authenticator.AuthenticatorBase.invoke(AuthenticatorBase.java:482)
	at org.apache.catalina.core.StandardHostValve.invoke(StandardHostValve.java:115)
	at org.apache.catalina.valves.ErrorReportValve.invoke(ErrorReportValve.java:93)
	at org.apache.catalina.core.StandardEngineValve.invoke(StandardEngineValve.java:74)
	at org.apache.catalina.connector.CoyoteAdapter.service(CoyoteAdapter.java:341)
	at org.apache.coyote.http11.Http11Processor.service(Http11Processor.java:391)
	at org.apache.coyote.AbstractProcessorLight.process(AbstractProcessorLight.java:63)
	at org.apache.coyote.AbstractProtocol$ConnectionHandler.process(AbstractProtocol.java:894)
	at org.apache.tomcat.util.net.NioEndpoint$SocketProcessor.doRun(NioEndpoint.java:1740)
	at org.apache.tomcat.util.net.SocketProcessorBase.run(SocketProcessorBase.java:52)
	at org.apache.tomcat.util.threads.ThreadPoolExecutor.runWorker(ThreadPoolExecutor.java:1191)
	at org.apache.tomcat.util.threads.ThreadPoolExecutor$Worker.run(ThreadPoolExecutor.java:659)
	at org.apache.tomcat.util.threads.TaskThread$WrappingRunnable.run(TaskThread.java:61)
	at java.base/java.lang.Thread.run(Thread.java:833)

2026-06-15 19:07:51.454  INFO 21844 --- [org.springframework.amqp.rabbit.RabbitListenerEndpointContainer#0-2] (system) o.s.a.r.l.SimpleMessageListenerContainer : Waiting for workers to finish.
2026-06-15 19:07:52.270  INFO 21844 --- [org.springframework.amqp.rabbit.RabbitListenerEndpointContainer#0-2] (system) o.s.a.r.l.SimpleMessageListenerContainer : Successfully waited for workers to finish.
2026-06-15 19:07:55.738  INFO 32040 --- [main] (system) o.example.MyProjectBackendApplication    : Starting MyProjectBackendApplication using Java 17.0.8 with PID 32040 (C:\Users\14302\IdeaProjects\my-project\my-project-backend\target\classes started by 14302 in C:\Users\14302\IdeaProjects\my-project)
2026-06-15 19:07:55.740  INFO 32040 --- [main] (system) o.example.MyProjectBackendApplication    : The following 1 profile is active: "dev"
2026-06-15 19:07:56.422  INFO 32040 --- [main] (system) .s.d.r.c.RepositoryConfigurationDelegate : Multiple Spring Data modules found, entering strict repository configuration mode
2026-06-15 19:07:56.424  INFO 32040 --- [main] (system) .s.d.r.c.RepositoryConfigurationDelegate : Bootstrapping Spring Data Redis repositories in DEFAULT mode.
2026-06-15 19:07:56.446  INFO 32040 --- [main] (system) .s.d.r.c.RepositoryConfigurationDelegate : Finished Spring Data repository scanning in 11 ms. Found 0 Redis repository interfaces.
2026-06-15 19:07:56.932  INFO 32040 --- [main] (system) o.s.b.w.embedded.tomcat.TomcatWebServer  : Tomcat initialized with port(s): 8080 (http)
2026-06-15 19:07:56.939  INFO 32040 --- [main] (system) o.apache.catalina.core.StandardService   : Starting service [Tomcat]
2026-06-15 19:07:56.939  INFO 32040 --- [main] (system) o.apache.catalina.core.StandardEngine    : Starting Servlet engine: [Apache Tomcat/10.1.11]
2026-06-15 19:07:57.019  INFO 32040 --- [main] (system) o.a.c.c.C.[Tomcat].[localhost].[/]       : Initializing Spring embedded WebApplicationContext
2026-06-15 19:07:57.020  INFO 32040 --- [main] (system) w.s.c.ServletWebServerApplicationContext : Root WebApplicationContext: initialization completed in 1242 ms
2026-06-15 19:07:57.644  INFO 32040 --- [main] (system) org.example.config.MinioConfiguration    : Init minio client...
2026-06-15 19:07:58.032  INFO 32040 --- [main] (system) o.s.s.web.DefaultSecurityFilterChain     : Will secure any request with [org.springframework.security.web.session.DisableEncodeUrlFilter@44f23927, org.springframework.security.web.context.request.async.WebAsyncManagerIntegrationFilter@59cde35, org.springframework.security.web.context.SecurityContextHolderFilter@21ce2e4d, org.springframework.security.web.header.HeaderWriterFilter@81dfdee, org.springframework.security.web.authentication.logout.LogoutFilter@23dff243, org.example.filter.JwtAuthenticationFilter@1884e671, org.example.filter.RequestLogFilter@1f60824e, org.springframework.security.web.authentication.UsernamePasswordAuthenticationFilter@54d2f5d3, org.springframework.security.web.savedrequest.RequestCacheAwareFilter@3a239dac, org.springframework.security.web.servletapi.SecurityContextHolderAwareRequestFilter@3211cc84, org.springframework.security.web.authentication.AnonymousAuthenticationFilter@43de9fc9, org.springframework.security.web.session.SessionManagementFilter@3b046e64, org.springframework.security.web.access.ExceptionTranslationFilter@57df09a7, org.springframework.security.web.access.intercept.AuthorizationFilter@7b8fcdf2]
2026-06-15 19:07:58.287  WARN 32040 --- [main] (system) ocalVariableTableParameterNameDiscoverer : Using deprecated '-debug' fallback for parameter name resolution. Compile the affected code with '-parameters' instead or avoid its introspection: org.springframework.amqp.rabbit.core.RabbitAdmin
2026-06-15 19:07:58.328  INFO 32040 --- [main] (system) o.s.b.w.embedded.tomcat.TomcatWebServer  : Tomcat started on port(s): 8080 (http) with context path ''
2026-06-15 19:07:58.331  INFO 32040 --- [main] (system) o.s.a.r.c.CachingConnectionFactory       : Attempting to connect to: [localhost:5672]
2026-06-15 19:07:58.365  INFO 32040 --- [main] (system) o.s.a.r.c.CachingConnectionFactory       : Created new connection: rabbitConnectionFactory#5a39e554:0/SimpleConnection@33239d72 [delegate=amqp://guest@127.0.0.1:5672/, localPort=51704]
2026-06-15 19:07:58.400  INFO 32040 --- [main] (system) o.example.MyProjectBackendApplication    : Started MyProjectBackendApplication in 3.116 seconds (process running for 3.598)
2026-06-15 19:08:02.338  INFO 32040 --- [http-nio-8080-exec-1] (system) o.a.c.c.C.[Tomcat].[localhost].[/]       : Initializing Spring DispatcherServlet 'dispatcherServlet'
2026-06-15 19:08:02.339  INFO 32040 --- [http-nio-8080-exec-1] (system) o.s.web.servlet.DispatcherServlet        : Initializing Servlet 'dispatcherServlet'
2026-06-15 19:08:02.340  INFO 32040 --- [http-nio-8080-exec-1] (system) o.s.web.servlet.DispatcherServlet        : Completed initialization in 1 ms
2026-06-15 19:08:02.927  INFO 32040 --- [http-nio-8080-exec-1] (379306734667304960) org.example.filter.RequestLogFilter      : 请求URL: "/api/user/info" (OPTIONS) | 远程IP地址: 0:0:0:0:0:0:0:1 │ 身份: 未验证 | 请求参数列表: {}
2026-06-15 19:08:03.112  INFO 32040 --- [http-nio-8080-exec-1] (379306734667304960) org.example.filter.RequestLogFilter      : 请求处理耗时: 187ms | 响应结果: {"code":401,"data":null,"message":"Full authentication is required to access this resource"}
2026-06-15 19:08:03.265  INFO 32040 --- [http-nio-8080-exec-2] (system) com.zaxxer.hikari.HikariDataSource       : HikariPool-1 - Starting...
2026-06-15 19:08:03.543  INFO 32040 --- [http-nio-8080-exec-2] (system) com.zaxxer.hikari.pool.HikariPool        : HikariPool-1 - Added connection com.mysql.cj.jdbc.ConnectionImpl@4c9efa0b
2026-06-15 19:08:03.546  INFO 32040 --- [http-nio-8080-exec-2] (system) com.zaxxer.hikari.HikariDataSource       : HikariPool-1 - Start completed.
2026-06-15 19:08:03.593  INFO 32040 --- [http-nio-8080-exec-2] (379306737464905728) org.example.filter.RequestLogFilter      : 请求URL: "/api/user/info" (GET) | 远程IP地址: 0:0:0:0:0:0:0:1 │ 身份: 未验证 | 请求参数列表: {}
2026-06-15 19:08:03.594  INFO 32040 --- [http-nio-8080-exec-2] (379306737464905728) org.example.filter.RequestLogFilter      : 请求处理耗时: 2ms | 响应结果: {"code":401,"data":null,"message":"Full authentication is required to access this resource"}
2026-06-15 19:08:03.600  INFO 32040 --- [http-nio-8080-exec-2] (379306737498460160) org.example.filter.RequestLogFilter      : 请求URL: "/api/user/info" (GET) | 远程IP地址: 0:0:0:0:0:0:0:1 │ 身份: admin (UID: 3) | 角色: [ROLE_user] | 请求参数列表: {}
2026-06-15 19:08:03.628 ERROR 32040 --- [http-nio-8080-exec-2] (379306737498460160) o.a.c.c.C.[.[.[/].[dispatcherServlet]    : Servlet.service() for servlet [dispatcherServlet] in context with path [] threw exception [Request processing failed: java.lang.NullPointerException: Cannot invoke "org.example.entity.dto.Account.asViewObject(java.lang.Class)" because "account" is null] with root cause

java.lang.NullPointerException: Cannot invoke "org.example.entity.dto.Account.asViewObject(java.lang.Class)" because "account" is null
	at org.example.controller.AccountController.info(AccountController.java:42)
	at java.base/jdk.internal.reflect.NativeMethodAccessorImpl.invoke0(Native Method)
	at java.base/jdk.internal.reflect.NativeMethodAccessorImpl.invoke(NativeMethodAccessorImpl.java:77)
	at java.base/jdk.internal.reflect.DelegatingMethodAccessorImpl.invoke(DelegatingMethodAccessorImpl.java:43)
	at java.base/java.lang.reflect.Method.invoke(Method.java:568)
	at org.springframework.web.method.support.InvocableHandlerMethod.doInvoke(InvocableHandlerMethod.java:205)
	at org.springframework.web.method.support.InvocableHandlerMethod.invokeForRequest(InvocableHandlerMethod.java:150)
	at org.springframework.web.servlet.mvc.method.annotation.ServletInvocableHandlerMethod.invokeAndHandle(ServletInvocableHandlerMethod.java:118)
	at org.springframework.web.servlet.mvc.method.annotation.RequestMappingHandlerAdapter.invokeHandlerMethod(RequestMappingHandlerAdapter.java:884)
	at org.springframework.web.servlet.mvc.method.annotation.RequestMappingHandlerAdapter.handleInternal(RequestMappingHandlerAdapter.java:797)
	at org.springframework.web.servlet.mvc.method.AbstractHandlerMethodAdapter.handle(AbstractHandlerMethodAdapter.java:87)
	at org.springframework.web.servlet.DispatcherServlet.doDispatch(DispatcherServlet.java:1081)
	at org.springframework.web.servlet.DispatcherServlet.doService(DispatcherServlet.java:974)
	at org.springframework.web.servlet.FrameworkServlet.processRequest(FrameworkServlet.java:1011)
	at org.springframework.web.servlet.FrameworkServlet.doGet(FrameworkServlet.java:903)
	at jakarta.servlet.http.HttpServlet.service(HttpServlet.java:564)
	at org.springframework.web.servlet.FrameworkServlet.service(FrameworkServlet.java:885)
	at jakarta.servlet.http.HttpServlet.service(HttpServlet.java:658)
	at org.apache.catalina.core.ApplicationFilterChain.internalDoFilter(ApplicationFilterChain.java:205)
	at org.apache.catalina.core.ApplicationFilterChain.doFilter(ApplicationFilterChain.java:149)
	at org.apache.tomcat.websocket.server.WsFilter.doFilter(WsFilter.java:51)
	at org.apache.catalina.core.ApplicationFilterChain.internalDoFilter(ApplicationFilterChain.java:174)
	at org.apache.catalina.core.ApplicationFilterChain.doFilter(ApplicationFilterChain.java:149)
	at org.example.filter.RequestLogFilter.doFilterInternal(RequestLogFilter.java:43)
	at org.springframework.web.filter.OncePerRequestFilter.doFilter(OncePerRequestFilter.java:116)
	at org.apache.catalina.core.ApplicationFilterChain.internalDoFilter(ApplicationFilterChain.java:174)
	at org.apache.catalina.core.ApplicationFilterChain.doFilter(ApplicationFilterChain.java:149)
	at org.springframework.web.filter.OncePerRequestFilter.doFilter(OncePerRequestFilter.java:110)
	at org.apache.catalina.core.ApplicationFilterChain.internalDoFilter(ApplicationFilterChain.java:174)
	at org.apache.catalina.core.ApplicationFilterChain.doFilter(ApplicationFilterChain.java:149)
	at org.springframework.security.web.FilterChainProxy.lambda$doFilterInternal$3(FilterChainProxy.java:231)
	at org.springframework.security.web.FilterChainProxy$VirtualFilterChain.doFilter(FilterChainProxy.java:365)
	at org.example.filter.JwtAuthenticationFilter.doFilterInternal(JwtAuthenticationFilter.java:54)
	at org.springframework.web.filter.OncePerRequestFilter.doFilter(OncePerRequestFilter.java:116)
	at org.springframework.security.web.FilterChainProxy$VirtualFilterChain.doFilter(FilterChainProxy.java:374)
	at org.springframework.security.web.authentication.logout.LogoutFilter.doFilter(LogoutFilter.java:107)
	at org.springframework.security.web.authentication.logout.LogoutFilter.doFilter(LogoutFilter.java:93)
	at org.springframework.security.web.FilterChainProxy$VirtualFilterChain.doFilter(FilterChainProxy.java:374)
	at org.springframework.security.web.header.HeaderWriterFilter.doHeadersAfter(HeaderWriterFilter.java:90)
	at org.springframework.security.web.header.HeaderWriterFilter.doFilterInternal(HeaderWriterFilter.java:75)
	at org.springframework.web.filter.OncePerRequestFilter.doFilter(OncePerRequestFilter.java:116)
	at org.springframework.security.web.FilterChainProxy$VirtualFilterChain.doFilter(FilterChainProxy.java:374)
	at org.springframework.security.web.context.SecurityContextHolderFilter.doFilter(SecurityContextHolderFilter.java:82)
	at org.springframework.security.web.context.SecurityContextHolderFilter.doFilter(SecurityContextHolderFilter.java:69)
	at org.springframework.security.web.FilterChainProxy$VirtualFilterChain.doFilter(FilterChainProxy.java:374)
	at org.springframework.security.web.context.request.async.WebAsyncManagerIntegrationFilter.doFilterInternal(WebAsyncManagerIntegrationFilter.java:62)
	at org.springframework.web.filter.OncePerRequestFilter.doFilter(OncePerRequestFilter.java:116)
	at org.springframework.security.web.FilterChainProxy$VirtualFilterChain.doFilter(FilterChainProxy.java:374)
	at org.springframework.security.web.session.DisableEncodeUrlFilter.doFilterInternal(DisableEncodeUrlFilter.java:42)
	at org.springframework.web.filter.OncePerRequestFilter.doFilter(OncePerRequestFilter.java:116)
	at org.springframework.security.web.FilterChainProxy$VirtualFilterChain.doFilter(FilterChainProxy.java:374)
	at org.springframework.security.web.FilterChainProxy.doFilterInternal(FilterChainProxy.java:233)
	at org.springframework.security.web.FilterChainProxy.doFilter(FilterChainProxy.java:191)
	at org.springframework.web.filter.DelegatingFilterProxy.invokeDelegate(DelegatingFilterProxy.java:352)
	at org.springframework.web.filter.DelegatingFilterProxy.doFilter(DelegatingFilterProxy.java:268)
	at org.apache.catalina.core.ApplicationFilterChain.internalDoFilter(ApplicationFilterChain.java:174)
	at org.apache.catalina.core.ApplicationFilterChain.doFilter(ApplicationFilterChain.java:149)
	at org.example.filter.FlowLimitFilter.doFilter(FlowLimitFilter.java:34)
	at jakarta.servlet.http.HttpFilter.doFilter(HttpFilter.java:53)
	at org.apache.catalina.core.ApplicationFilterChain.internalDoFilter(ApplicationFilterChain.java:174)
	at org.apache.catalina.core.ApplicationFilterChain.doFilter(ApplicationFilterChain.java:149)
	at org.example.filter.CrossFilter.doFilter(CrossFilter.java:23)
	at jakarta.servlet.http.HttpFilter.doFilter(HttpFilter.java:53)
	at org.apache.catalina.core.ApplicationFilterChain.internalDoFilter(ApplicationFilterChain.java:174)
	at org.apache.catalina.core.ApplicationFilterChain.doFilter(ApplicationFilterChain.java:149)
	at org.springframework.web.filter.RequestContextFilter.doFilterInternal(RequestContextFilter.java:100)
	at org.springframework.web.filter.OncePerRequestFilter.doFilter(OncePerRequestFilter.java:116)
	at org.apache.catalina.core.ApplicationFilterChain.internalDoFilter(ApplicationFilterChain.java:174)
	at org.apache.catalina.core.ApplicationFilterChain.doFilter(ApplicationFilterChain.java:149)
	at org.springframework.web.filter.FormContentFilter.doFilterInternal(FormContentFilter.java:93)
	at org.springframework.web.filter.OncePerRequestFilter.doFilter(OncePerRequestFilter.java:116)
	at org.apache.catalina.core.ApplicationFilterChain.internalDoFilter(ApplicationFilterChain.java:174)
	at org.apache.catalina.core.ApplicationFilterChain.doFilter(ApplicationFilterChain.java:149)
	at org.springframework.web.filter.CharacterEncodingFilter.doFilterInternal(CharacterEncodingFilter.java:201)
	at org.springframework.web.filter.OncePerRequestFilter.doFilter(OncePerRequestFilter.java:116)
	at org.apache.catalina.core.ApplicationFilterChain.internalDoFilter(ApplicationFilterChain.java:174)
	at org.apache.catalina.core.ApplicationFilterChain.doFilter(ApplicationFilterChain.java:149)
	at org.apache.catalina.core.StandardWrapperValve.invoke(StandardWrapperValve.java:166)
	at org.apache.catalina.core.StandardContextValve.invoke(StandardContextValve.java:90)
	at org.apache.catalina.authenticator.AuthenticatorBase.invoke(AuthenticatorBase.java:482)
	at org.apache.catalina.core.StandardHostValve.invoke(StandardHostValve.java:115)
	at org.apache.catalina.valves.ErrorReportValve.invoke(ErrorReportValve.java:93)
	at org.apache.catalina.core.StandardEngineValve.invoke(StandardEngineValve.java:74)
	at org.apache.catalina.connector.CoyoteAdapter.service(CoyoteAdapter.java:341)
	at org.apache.coyote.http11.Http11Processor.service(Http11Processor.java:391)
	at org.apache.coyote.AbstractProcessorLight.process(AbstractProcessorLight.java:63)
	at org.apache.coyote.AbstractProtocol$ConnectionHandler.process(AbstractProtocol.java:894)
	at org.apache.tomcat.util.net.NioEndpoint$SocketProcessor.doRun(NioEndpoint.java:1740)
	at org.apache.tomcat.util.net.SocketProcessorBase.run(SocketProcessorBase.java:52)
	at org.apache.tomcat.util.threads.ThreadPoolExecutor.runWorker(ThreadPoolExecutor.java:1191)
	at org.apache.tomcat.util.threads.ThreadPoolExecutor$Worker.run(ThreadPoolExecutor.java:659)
	at org.apache.tomcat.util.threads.TaskThread$WrappingRunnable.run(TaskThread.java:61)
	at java.base/java.lang.Thread.run(Thread.java:833)

2026-06-15 19:11:22.070  INFO 32040 --- [org.springframework.amqp.rabbit.RabbitListenerEndpointContainer#0-2] (system) o.s.a.r.l.SimpleMessageListenerContainer : Waiting for workers to finish.
2026-06-15 19:11:22.682  INFO 32040 --- [org.springframework.amqp.rabbit.RabbitListenerEndpointContainer#0-2] (system) o.s.a.r.l.SimpleMessageListenerContainer : Successfully waited for workers to finish.
2026-06-15 19:11:22.702  INFO 32040 --- [SpringApplicationShutdownHook] (system) com.zaxxer.hikari.HikariDataSource       : HikariPool-1 - Shutdown initiated...
2026-06-15 19:11:22.710  INFO 32040 --- [SpringApplicationShutdownHook] (system) com.zaxxer.hikari.HikariDataSource       : HikariPool-1 - Shutdown completed.
2026-06-15 19:11:26.134  INFO 19344 --- [main] (system) o.example.MyProjectBackendApplication    : Starting MyProjectBackendApplication using Java 17.0.8 with PID 19344 (C:\Users\14302\IdeaProjects\my-project\my-project-backend\target\classes started by 14302 in C:\Users\14302\IdeaProjects\my-project)
2026-06-15 19:11:26.136  INFO 19344 --- [main] (system) o.example.MyProjectBackendApplication    : The following 1 profile is active: "dev"
2026-06-15 19:11:26.788  INFO 19344 --- [main] (system) .s.d.r.c.RepositoryConfigurationDelegate : Multiple Spring Data modules found, entering strict repository configuration mode
2026-06-15 19:11:26.790  INFO 19344 --- [main] (system) .s.d.r.c.RepositoryConfigurationDelegate : Bootstrapping Spring Data Redis repositories in DEFAULT mode.
2026-06-15 19:11:26.815  INFO 19344 --- [main] (system) .s.d.r.c.RepositoryConfigurationDelegate : Finished Spring Data repository scanning in 10 ms. Found 0 Redis repository interfaces.
2026-06-15 19:11:27.279  INFO 19344 --- [main] (system) o.s.b.w.embedded.tomcat.TomcatWebServer  : Tomcat initialized with port(s): 8080 (http)
2026-06-15 19:11:27.285  INFO 19344 --- [main] (system) o.apache.catalina.core.StandardService   : Starting service [Tomcat]
2026-06-15 19:11:27.286  INFO 19344 --- [main] (system) o.apache.catalina.core.StandardEngine    : Starting Servlet engine: [Apache Tomcat/10.1.11]
2026-06-15 19:11:27.376  INFO 19344 --- [main] (system) o.a.c.c.C.[Tomcat].[localhost].[/]       : Initializing Spring embedded WebApplicationContext
2026-06-15 19:11:27.377  INFO 19344 --- [main] (system) w.s.c.ServletWebServerApplicationContext : Root WebApplicationContext: initialization completed in 1202 ms
2026-06-15 19:11:28.065  INFO 19344 --- [main] (system) org.example.config.MinioConfiguration    : Init minio client...
2026-06-15 19:11:28.515  INFO 19344 --- [main] (system) o.s.s.web.DefaultSecurityFilterChain     : Will secure any request with [org.springframework.security.web.session.DisableEncodeUrlFilter@3c68e82, org.springframework.security.web.context.request.async.WebAsyncManagerIntegrationFilter@1e66bf2d, org.springframework.security.web.context.SecurityContextHolderFilter@52a74328, org.springframework.security.web.header.HeaderWriterFilter@3d2eb7fa, org.springframework.security.web.authentication.logout.LogoutFilter@228958a, org.example.filter.JwtAuthenticationFilter@6abe62bb, org.example.filter.RequestLogFilter@1c0e4262, org.springframework.security.web.authentication.UsernamePasswordAuthenticationFilter@87fc0fc, org.springframework.security.web.savedrequest.RequestCacheAwareFilter@220be130, org.springframework.security.web.servletapi.SecurityContextHolderAwareRequestFilter@f439e0f, org.springframework.security.web.authentication.AnonymousAuthenticationFilter@7112fa5, org.springframework.security.web.session.SessionManagementFilter@5e278e25, org.springframework.security.web.access.ExceptionTranslationFilter@1479ed5a, org.springframework.security.web.access.intercept.AuthorizationFilter@74a03bd5]
2026-06-15 19:11:28.798  WARN 19344 --- [main] (system) ocalVariableTableParameterNameDiscoverer : Using deprecated '-debug' fallback for parameter name resolution. Compile the affected code with '-parameters' instead or avoid its introspection: org.springframework.amqp.rabbit.core.RabbitAdmin
2026-06-15 19:11:28.843  INFO 19344 --- [main] (system) o.s.b.w.embedded.tomcat.TomcatWebServer  : Tomcat started on port(s): 8080 (http) with context path ''
2026-06-15 19:11:28.845  INFO 19344 --- [main] (system) o.s.a.r.c.CachingConnectionFactory       : Attempting to connect to: [localhost:5672]
2026-06-15 19:11:28.882  INFO 19344 --- [main] (system) o.s.a.r.c.CachingConnectionFactory       : Created new connection: rabbitConnectionFactory#2a7bc16b:0/SimpleConnection@39a9becc [delegate=amqp://guest@127.0.0.1:5672/, localPort=61710]
2026-06-15 19:11:28.921  INFO 19344 --- [main] (system) o.example.MyProjectBackendApplication    : Started MyProjectBackendApplication in 3.231 seconds (process running for 3.719)
2026-06-15 19:11:34.791  INFO 19344 --- [http-nio-8080-exec-1] (system) o.a.c.c.C.[Tomcat].[localhost].[/]       : Initializing Spring DispatcherServlet 'dispatcherServlet'
2026-06-15 19:11:34.791  INFO 19344 --- [http-nio-8080-exec-1] (system) o.s.web.servlet.DispatcherServlet        : Initializing Servlet 'dispatcherServlet'
2026-06-15 19:11:34.793  INFO 19344 --- [http-nio-8080-exec-1] (system) o.s.web.servlet.DispatcherServlet        : Completed initialization in 1 ms
2026-06-15 19:11:35.403  INFO 19344 --- [http-nio-8080-exec-1] (379307625856241664) org.example.filter.RequestLogFilter      : 请求URL: "/api/user/info" (OPTIONS) | 远程IP地址: 0:0:0:0:0:0:0:1 │ 身份: 未验证 | 请求参数列表: {}
2026-06-15 19:11:35.592  INFO 19344 --- [http-nio-8080-exec-1] (379307625856241664) org.example.filter.RequestLogFilter      : 请求处理耗时: 191ms | 响应结果: {"code":401,"data":null,"message":"Full authentication is required to access this resource"}
2026-06-15 19:11:35.740  INFO 19344 --- [http-nio-8080-exec-4] (system) com.zaxxer.hikari.HikariDataSource       : HikariPool-1 - Starting...
2026-06-15 19:11:36.031  INFO 19344 --- [http-nio-8080-exec-4] (system) com.zaxxer.hikari.pool.HikariPool        : HikariPool-1 - Added connection com.mysql.cj.jdbc.ConnectionImpl@50cfaaee
2026-06-15 19:11:36.034  INFO 19344 --- [http-nio-8080-exec-4] (system) com.zaxxer.hikari.HikariDataSource       : HikariPool-1 - Start completed.
2026-06-15 19:11:36.083  INFO 19344 --- [http-nio-8080-exec-4] (379307628716756992) org.example.filter.RequestLogFilter      : 请求URL: "/api/user/info" (GET) | 远程IP地址: 0:0:0:0:0:0:0:1 │ 身份: 未验证 | 请求参数列表: {}
2026-06-15 19:11:36.085  INFO 19344 --- [http-nio-8080-exec-4] (379307628716756992) org.example.filter.RequestLogFilter      : 请求处理耗时: 2ms | 响应结果: {"code":401,"data":null,"message":"Full authentication is required to access this resource"}
2026-06-15 19:11:52.011  INFO 19344 --- [http-nio-8080-exec-6] (379307695523631104) org.example.filter.RequestLogFilter      : 请求URL: "/api/user/info" (OPTIONS) | 远程IP地址: 0:0:0:0:0:0:0:1 │ 身份: 未验证 | 请求参数列表: {}
2026-06-15 19:11:52.013  INFO 19344 --- [http-nio-8080-exec-6] (379307695523631104) org.example.filter.RequestLogFilter      : 请求处理耗时: 2ms | 响应结果: {"code":401,"data":null,"message":"Full authentication is required to access this resource"}
2026-06-15 19:11:52.023  INFO 19344 --- [http-nio-8080-exec-2] (379307695573962752) org.example.filter.RequestLogFilter      : 请求URL: "/api/user/info" (GET) | 远程IP地址: 0:0:0:0:0:0:0:1 │ 身份: 未验证 | 请求参数列表: {}
2026-06-15 19:11:52.024  INFO 19344 --- [http-nio-8080-exec-2] (379307695573962752) org.example.filter.RequestLogFilter      : 请求处理耗时: 1ms | 响应结果: {"code":401,"data":null,"message":"Full authentication is required to access this resource"}
2026-06-15 19:21:58.701  INFO 19344 --- [http-nio-8080-exec-5] (379310240165924864) org.example.filter.RequestLogFilter      : 请求URL: "/api/user/info" (OPTIONS) | 远程IP地址: 0:0:0:0:0:0:0:1 │ 身份: 未验证 | 请求参数列表: {}
2026-06-15 19:21:58.703  INFO 19344 --- [http-nio-8080-exec-5] (379310240165924864) org.example.filter.RequestLogFilter      : 请求处理耗时: 2ms | 响应结果: {"code":401,"data":null,"message":"Full authentication is required to access this resource"}
2026-06-15 19:21:58.715  INFO 19344 --- [http-nio-8080-exec-3] (379310240224645120) org.example.filter.RequestLogFilter      : 请求URL: "/api/user/info" (GET) | 远程IP地址: 0:0:0:0:0:0:0:1 │ 身份: 未验证 | 请求参数列表: {}
2026-06-15 19:21:58.717  INFO 19344 --- [http-nio-8080-exec-3] (379310240224645120) org.example.filter.RequestLogFilter      : 请求处理耗时: 1ms | 响应结果: {"code":401,"data":null,"message":"Full authentication is required to access this resource"}
2026-06-15 19:23:33.864  INFO 19344 --- [http-nio-8080-exec-9] (379310639308476416) org.example.filter.RequestLogFilter      : 请求URL: "/api/user/info" (OPTIONS) | 远程IP地址: 0:0:0:0:0:0:0:1 │ 身份: 未验证 | 请求参数列表: {}
2026-06-15 19:23:33.868  INFO 19344 --- [http-nio-8080-exec-9] (379310639308476416) org.example.filter.RequestLogFilter      : 请求处理耗时: 4ms | 响应结果: {"code":401,"data":null,"message":"Full authentication is required to access this resource"}
2026-06-15 19:23:33.883  INFO 19344 --- [http-nio-8080-exec-10] (379310639388168192) org.example.filter.RequestLogFilter      : 请求URL: "/api/user/info" (GET) | 远程IP地址: 0:0:0:0:0:0:0:1 │ 身份: 未验证 | 请求参数列表: {}
2026-06-15 19:23:33.885  INFO 19344 --- [http-nio-8080-exec-10] (379310639388168192) org.example.filter.RequestLogFilter      : 请求处理耗时: 2ms | 响应结果: {"code":401,"data":null,"message":"Full authentication is required to access this resource"}
2026-06-15 19:26:06.814  INFO 19344 --- [org.springframework.amqp.rabbit.RabbitListenerEndpointContainer#0-2] (system) o.s.a.r.l.SimpleMessageListenerContainer : Waiting for workers to finish.
2026-06-15 19:26:07.148  INFO 19344 --- [org.springframework.amqp.rabbit.RabbitListenerEndpointContainer#0-2] (system) o.s.a.r.l.SimpleMessageListenerContainer : Successfully waited for workers to finish.
2026-06-15 19:26:07.187  INFO 19344 --- [SpringApplicationShutdownHook] (system) com.zaxxer.hikari.HikariDataSource       : HikariPool-1 - Shutdown initiated...
2026-06-15 19:26:07.198  INFO 19344 --- [SpringApplicationShutdownHook] (system) com.zaxxer.hikari.HikariDataSource       : HikariPool-1 - Shutdown completed.
2026-06-15 19:26:10.993  INFO 10040 --- [main] (system) o.example.MyProjectBackendApplication    : Starting MyProjectBackendApplication using Java 17.0.8 with PID 10040 (C:\Users\14302\IdeaProjects\my-project\my-project-backend\target\classes started by 14302 in C:\Users\14302\IdeaProjects\my-project)
2026-06-15 19:26:10.995  INFO 10040 --- [main] (system) o.example.MyProjectBackendApplication    : The following 1 profile is active: "dev"
2026-06-15 19:26:11.685  INFO 10040 --- [main] (system) .s.d.r.c.RepositoryConfigurationDelegate : Multiple Spring Data modules found, entering strict repository configuration mode
2026-06-15 19:26:11.688  INFO 10040 --- [main] (system) .s.d.r.c.RepositoryConfigurationDelegate : Bootstrapping Spring Data Redis repositories in DEFAULT mode.
2026-06-15 19:26:11.710  INFO 10040 --- [main] (system) .s.d.r.c.RepositoryConfigurationDelegate : Finished Spring Data repository scanning in 9 ms. Found 0 Redis repository interfaces.
2026-06-15 19:26:12.198  INFO 10040 --- [main] (system) o.s.b.w.embedded.tomcat.TomcatWebServer  : Tomcat initialized with port(s): 8080 (http)
2026-06-15 19:26:12.204  INFO 10040 --- [main] (system) o.apache.catalina.core.StandardService   : Starting service [Tomcat]
2026-06-15 19:26:12.205  INFO 10040 --- [main] (system) o.apache.catalina.core.StandardEngine    : Starting Servlet engine: [Apache Tomcat/10.1.11]
2026-06-15 19:26:12.284  INFO 10040 --- [main] (system) o.a.c.c.C.[Tomcat].[localhost].[/]       : Initializing Spring embedded WebApplicationContext
2026-06-15 19:26:12.285  INFO 10040 --- [main] (system) w.s.c.ServletWebServerApplicationContext : Root WebApplicationContext: initialization completed in 1249 ms
2026-06-15 19:26:12.941  INFO 10040 --- [main] (system) org.example.config.MinioConfiguration    : Init minio client...
2026-06-15 19:26:13.339  INFO 10040 --- [main] (system) o.s.s.web.DefaultSecurityFilterChain     : Will secure any request with [org.springframework.security.web.session.DisableEncodeUrlFilter@6f67ece5, org.springframework.security.web.context.request.async.WebAsyncManagerIntegrationFilter@155c7eae, org.springframework.security.web.context.SecurityContextHolderFilter@7474196, org.springframework.security.web.header.HeaderWriterFilter@57e57dc5, org.springframework.security.web.authentication.logout.LogoutFilter@379b4e86, org.example.filter.JwtAuthenticationFilter@4e7eba9f, org.example.filter.RequestLogFilter@7c8f047a, org.springframework.security.web.authentication.UsernamePasswordAuthenticationFilter@23dff243, org.springframework.security.web.savedrequest.RequestCacheAwareFilter@18209303, org.springframework.security.web.servletapi.SecurityContextHolderAwareRequestFilter@14b9df65, org.springframework.security.web.authentication.AnonymousAuthenticationFilter@5c9e6d95, org.springframework.security.web.session.SessionManagementFilter@147059f8, org.springframework.security.web.access.ExceptionTranslationFilter@43719e98, org.springframework.security.web.access.intercept.AuthorizationFilter@5b2ff4df]
2026-06-15 19:26:13.582  WARN 10040 --- [main] (system) ocalVariableTableParameterNameDiscoverer : Using deprecated '-debug' fallback for parameter name resolution. Compile the affected code with '-parameters' instead or avoid its introspection: org.springframework.amqp.rabbit.core.RabbitAdmin
2026-06-15 19:26:13.627  INFO 10040 --- [main] (system) o.s.b.w.embedded.tomcat.TomcatWebServer  : Tomcat started on port(s): 8080 (http) with context path ''
2026-06-15 19:26:13.630  INFO 10040 --- [main] (system) o.s.a.r.c.CachingConnectionFactory       : Attempting to connect to: [localhost:5672]
2026-06-15 19:26:13.676  INFO 10040 --- [main] (system) o.s.a.r.c.CachingConnectionFactory       : Created new connection: rabbitConnectionFactory#29c1249a:0/SimpleConnection@2979c6ef [delegate=amqp://guest@127.0.0.1:5672/, localPort=62178]
2026-06-15 19:26:13.715  INFO 10040 --- [main] (system) o.example.MyProjectBackendApplication    : Started MyProjectBackendApplication in 3.203 seconds (process running for 3.719)
2026-06-15 19:26:16.637  INFO 10040 --- [http-nio-8080-exec-1] (system) o.a.c.c.C.[Tomcat].[localhost].[/]       : Initializing Spring DispatcherServlet 'dispatcherServlet'
2026-06-15 19:26:16.637  INFO 10040 --- [http-nio-8080-exec-1] (system) o.s.web.servlet.DispatcherServlet        : Initializing Servlet 'dispatcherServlet'
2026-06-15 19:26:16.638  INFO 10040 --- [http-nio-8080-exec-1] (system) o.s.web.servlet.DispatcherServlet        : Completed initialization in 1 ms
2026-06-15 19:26:17.175  INFO 10040 --- [http-nio-8080-exec-1] (379311324271874048) org.example.filter.RequestLogFilter      : 请求URL: "/api/user/info" (OPTIONS) | 远程IP地址: 0:0:0:0:0:0:0:1 │ 身份: 未验证 | 请求参数列表: {}
2026-06-15 19:26:17.349  INFO 10040 --- [http-nio-8080-exec-1] (379311324271874048) org.example.filter.RequestLogFilter      : 请求处理耗时: 177ms | 响应结果: {"code":401,"data":null,"message":"Full authentication is required to access this resource"}
2026-06-15 19:26:17.497  INFO 10040 --- [http-nio-8080-exec-2] (system) com.zaxxer.hikari.HikariDataSource       : HikariPool-1 - Starting...
2026-06-15 19:26:17.769  INFO 10040 --- [http-nio-8080-exec-2] (system) com.zaxxer.hikari.pool.HikariPool        : HikariPool-1 - Added connection com.mysql.cj.jdbc.ConnectionImpl@45bf8730
2026-06-15 19:26:17.771  INFO 10040 --- [http-nio-8080-exec-2] (system) com.zaxxer.hikari.HikariDataSource       : HikariPool-1 - Start completed.
2026-06-15 19:26:31.445  INFO 10040 --- [http-nio-8080-exec-3] (379311384137175040) org.example.filter.RequestLogFilter      : 请求URL: "/api/user/info" (OPTIONS) | 远程IP地址: 0:0:0:0:0:0:0:1 │ 身份: 未验证 | 请求参数列表: {}
2026-06-15 19:26:31.447  INFO 10040 --- [http-nio-8080-exec-3] (379311384137175040) org.example.filter.RequestLogFilter      : 请求处理耗时: 2ms | 响应结果: {"code":401,"data":null,"message":"Full authentication is required to access this resource"}
2026-06-15 19:27:03.453  INFO 10040 --- [http-nio-8080-exec-6] (379311518388457472) org.example.filter.RequestLogFilter      : 请求URL: "/api/user/info" (OPTIONS) | 远程IP地址: 0:0:0:0:0:0:0:1 │ 身份: 未验证 | 请求参数列表: {}
2026-06-15 19:27:03.459  INFO 10040 --- [http-nio-8080-exec-6] (379311518388457472) org.example.filter.RequestLogFilter      : 请求处理耗时: 6ms | 响应结果: {"code":401,"data":null,"message":"Full authentication is required to access this resource"}
2026-06-15 19:28:20.698  INFO 10040 --- [http-nio-8080-exec-9] (379311842377469952) org.example.filter.RequestLogFilter      : 请求URL: "/api/user/info" (OPTIONS) | 远程IP地址: 0:0:0:0:0:0:0:1 │ 身份: 未验证 | 请求参数列表: {}
2026-06-15 19:28:20.699  INFO 10040 --- [http-nio-8080-exec-9] (379311842377469952) org.example.filter.RequestLogFilter      : 请求处理耗时: 1ms | 响应结果: {"code":401,"data":null,"message":"Full authentication is required to access this resource"}
2026-06-15 21:22:20.013  INFO 10040 --- [http-nio-8080-exec-2] (379340528543731712) org.example.filter.RequestLogFilter      : 请求URL: "/api/user/info" (OPTIONS) | 远程IP地址: 0:0:0:0:0:0:0:1 │ 身份: 未验证 | 请求参数列表: {}
2026-06-15 21:22:20.024  INFO 10040 --- [http-nio-8080-exec-2] (379340528543731712) org.example.filter.RequestLogFilter      : 请求处理耗时: 10ms | 响应结果: {"code":401,"data":null,"message":"Full authentication is required to access this resource"}
2026-06-15 21:22:56.224  INFO 10040 --- [org.springframework.amqp.rabbit.RabbitListenerEndpointContainer#0-2] (system) o.s.a.r.l.SimpleMessageListenerContainer : Waiting for workers to finish.
2026-06-15 21:22:56.775  INFO 10040 --- [org.springframework.amqp.rabbit.RabbitListenerEndpointContainer#0-2] (system) o.s.a.r.l.SimpleMessageListenerContainer : Successfully waited for workers to finish.
2026-06-15 21:22:56.819  INFO 10040 --- [SpringApplicationShutdownHook] (system) com.zaxxer.hikari.HikariDataSource       : HikariPool-1 - Shutdown initiated...
2026-06-15 21:22:56.825  INFO 10040 --- [SpringApplicationShutdownHook] (system) com.zaxxer.hikari.HikariDataSource       : HikariPool-1 - Shutdown completed.
2026-06-15 21:23:07.471  INFO 1336 --- [main] (system) o.example.MyProjectBackendApplication    : Starting MyProjectBackendApplication using Java 17.0.8 with PID 1336 (C:\Users\14302\IdeaProjects\my-project\my-project-backend\target\classes started by 14302 in C:\Users\14302\IdeaProjects\my-project)
2026-06-15 21:23:07.474  INFO 1336 --- [main] (system) o.example.MyProjectBackendApplication    : The following 1 profile is active: "dev"
2026-06-15 21:23:08.228  INFO 1336 --- [main] (system) .s.d.r.c.RepositoryConfigurationDelegate : Multiple Spring Data modules found, entering strict repository configuration mode
2026-06-15 21:23:08.230  INFO 1336 --- [main] (system) .s.d.r.c.RepositoryConfigurationDelegate : Bootstrapping Spring Data Redis repositories in DEFAULT mode.
2026-06-15 21:23:08.253  INFO 1336 --- [main] (system) .s.d.r.c.RepositoryConfigurationDelegate : Finished Spring Data repository scanning in 11 ms. Found 0 Redis repository interfaces.
2026-06-15 21:23:08.801  INFO 1336 --- [main] (system) o.s.b.w.embedded.tomcat.TomcatWebServer  : Tomcat initialized with port(s): 8080 (http)
2026-06-15 21:23:08.810  INFO 1336 --- [main] (system) o.apache.catalina.core.StandardService   : Starting service [Tomcat]
2026-06-15 21:23:08.810  INFO 1336 --- [main] (system) o.apache.catalina.core.StandardEngine    : Starting Servlet engine: [Apache Tomcat/10.1.11]
2026-06-15 21:23:08.899  INFO 1336 --- [main] (system) o.a.c.c.C.[Tomcat].[localhost].[/]       : Initializing Spring embedded WebApplicationContext
2026-06-15 21:23:08.899  INFO 1336 --- [main] (system) w.s.c.ServletWebServerApplicationContext : Root WebApplicationContext: initialization completed in 1386 ms
2026-06-15 21:23:09.656  INFO 1336 --- [main] (system) org.example.config.MinioConfiguration    : Init minio client...
2026-06-15 21:23:10.068  INFO 1336 --- [main] (system) o.s.s.web.DefaultSecurityFilterChain     : Will secure any request with [org.springframework.security.web.session.DisableEncodeUrlFilter@3c68e82, org.springframework.security.web.context.request.async.WebAsyncManagerIntegrationFilter@1e66bf2d, org.springframework.security.web.context.SecurityContextHolderFilter@52a74328, org.springframework.security.web.header.HeaderWriterFilter@3d2eb7fa, org.springframework.security.web.authentication.logout.LogoutFilter@228958a, org.example.filter.JwtAuthenticationFilter@6abe62bb, org.example.filter.RequestLogFilter@1c0e4262, org.springframework.security.web.authentication.UsernamePasswordAuthenticationFilter@87fc0fc, org.springframework.security.web.savedrequest.RequestCacheAwareFilter@220be130, org.springframework.security.web.servletapi.SecurityContextHolderAwareRequestFilter@f439e0f, org.springframework.security.web.authentication.AnonymousAuthenticationFilter@7112fa5, org.springframework.security.web.session.SessionManagementFilter@5e278e25, org.springframework.security.web.access.ExceptionTranslationFilter@1479ed5a, org.springframework.security.web.access.intercept.AuthorizationFilter@74a03bd5]
2026-06-15 21:23:10.320  WARN 1336 --- [main] (system) ocalVariableTableParameterNameDiscoverer : Using deprecated '-debug' fallback for parameter name resolution. Compile the affected code with '-parameters' instead or avoid its introspection: org.springframework.amqp.rabbit.core.RabbitAdmin
2026-06-15 21:23:10.365  INFO 1336 --- [main] (system) o.s.b.w.embedded.tomcat.TomcatWebServer  : Tomcat started on port(s): 8080 (http) with context path ''
2026-06-15 21:23:10.368  INFO 1336 --- [main] (system) o.s.a.r.c.CachingConnectionFactory       : Attempting to connect to: [localhost:5672]
2026-06-15 21:23:10.403  INFO 1336 --- [main] (system) o.s.a.r.c.CachingConnectionFactory       : Created new connection: rabbitConnectionFactory#2a7bc16b:0/SimpleConnection@39a9becc [delegate=amqp://guest@127.0.0.1:5672/, localPort=63160]
2026-06-15 21:23:10.439  INFO 1336 --- [main] (system) o.example.MyProjectBackendApplication    : Started MyProjectBackendApplication in 3.468 seconds (process running for 4.061)
2026-06-15 21:23:16.319  INFO 1336 --- [http-nio-8080-exec-1] (system) o.a.c.c.C.[Tomcat].[localhost].[/]       : Initializing Spring DispatcherServlet 'dispatcherServlet'
2026-06-15 21:23:16.320  INFO 1336 --- [http-nio-8080-exec-1] (system) o.s.web.servlet.DispatcherServlet        : Initializing Servlet 'dispatcherServlet'
2026-06-15 21:23:16.322  INFO 1336 --- [http-nio-8080-exec-1] (system) o.s.web.servlet.DispatcherServlet        : Completed initialization in 1 ms
2026-06-15 21:23:16.768  INFO 1336 --- [http-nio-8080-exec-1] (379340766578872320) org.example.filter.RequestLogFilter      : 请求URL: "/api/auth/login" (POST) | 远程IP地址: 0:0:0:0:0:0:0:1 │ 身份: 未验证 | 请求参数列表: {"username":"admin","password":"123456"}
2026-06-15 21:23:17.048  INFO 1336 --- [http-nio-8080-exec-1] (379340766578872320) com.zaxxer.hikari.HikariDataSource       : HikariPool-1 - Starting...
2026-06-15 21:23:17.844  INFO 1336 --- [http-nio-8080-exec-1] (379340766578872320) com.zaxxer.hikari.pool.HikariPool        : HikariPool-1 - Added connection com.mysql.cj.jdbc.ConnectionImpl@1bf5c970
2026-06-15 21:23:17.847  INFO 1336 --- [http-nio-8080-exec-1] (379340766578872320) com.zaxxer.hikari.HikariDataSource       : HikariPool-1 - Start completed.
2026-06-15 21:23:18.013  INFO 1336 --- [http-nio-8080-exec-1] (379340766578872320) org.example.filter.RequestLogFilter      : 请求处理耗时: 1247ms | 响应结果: {"code":401,"data":null,"message":"用户名或密码错误"}
2026-06-15 21:23:18.023  INFO 1336 --- [http-nio-8080-exec-2] (379340771855306752) org.example.filter.RequestLogFilter      : 请求URL: "/api/auth/login" (POST) | 远程IP地址: 0:0:0:0:0:0:0:1 │ 身份: 未验证 | 请求参数列表: {"username":"admin","password":"123456"}
2026-06-15 21:23:18.136  INFO 1336 --- [http-nio-8080-exec-2] (379340771855306752) org.example.filter.RequestLogFilter      : 请求处理耗时: 113ms | 响应结果: {"code":401,"data":null,"message":"用户名或密码错误"}
2026-06-15 21:23:21.881  INFO 1336 --- [http-nio-8080-exec-6] (379340788036931584) org.example.filter.RequestLogFilter      : 请求URL: "/api/auth/login" (POST) | 远程IP地址: 0:0:0:0:0:0:0:1 │ 身份: 未验证 | 请求参数列表: {"username":"admin","password":"123456"}
2026-06-15 21:23:21.977  INFO 1336 --- [http-nio-8080-exec-6] (379340788036931584) org.example.filter.RequestLogFilter      : 请求处理耗时: 96ms | 响应结果: {"code":401,"data":null,"message":"用户名或密码错误"}
2026-06-15 21:26:38.699  INFO 1336 --- [org.springframework.amqp.rabbit.RabbitListenerEndpointContainer#0-2] (system) o.s.a.r.l.SimpleMessageListenerContainer : Waiting for workers to finish.
2026-06-15 21:26:38.757  INFO 1336 --- [org.springframework.amqp.rabbit.RabbitListenerEndpointContainer#0-2] (system) o.s.a.r.l.SimpleMessageListenerContainer : Successfully waited for workers to finish.
2026-06-15 21:26:38.782  INFO 1336 --- [SpringApplicationShutdownHook] (system) com.zaxxer.hikari.HikariDataSource       : HikariPool-1 - Shutdown initiated...
2026-06-15 21:26:38.790  INFO 1336 --- [SpringApplicationShutdownHook] (system) com.zaxxer.hikari.HikariDataSource       : HikariPool-1 - Shutdown completed.
2026-06-15 21:26:42.502  INFO 6444 --- [main] (system) o.example.MyProjectBackendApplication    : Starting MyProjectBackendApplication using Java 17.0.8 with PID 6444 (C:\Users\14302\IdeaProjects\my-project\my-project-backend\target\classes started by 14302 in C:\Users\14302\IdeaProjects\my-project)
2026-06-15 21:26:42.504  INFO 6444 --- [main] (system) o.example.MyProjectBackendApplication    : The following 1 profile is active: "dev"
2026-06-15 21:26:43.169  INFO 6444 --- [main] (system) .s.d.r.c.RepositoryConfigurationDelegate : Multiple Spring Data modules found, entering strict repository configuration mode
2026-06-15 21:26:43.172  INFO 6444 --- [main] (system) .s.d.r.c.RepositoryConfigurationDelegate : Bootstrapping Spring Data Redis repositories in DEFAULT mode.
2026-06-15 21:26:43.193  INFO 6444 --- [main] (system) .s.d.r.c.RepositoryConfigurationDelegate : Finished Spring Data repository scanning in 9 ms. Found 0 Redis repository interfaces.
2026-06-15 21:26:43.651  INFO 6444 --- [main] (system) o.s.b.w.embedded.tomcat.TomcatWebServer  : Tomcat initialized with port(s): 8080 (http)
2026-06-15 21:26:43.658  INFO 6444 --- [main] (system) o.apache.catalina.core.StandardService   : Starting service [Tomcat]
2026-06-15 21:26:43.658  INFO 6444 --- [main] (system) o.apache.catalina.core.StandardEngine    : Starting Servlet engine: [Apache Tomcat/10.1.11]
2026-06-15 21:26:43.741  INFO 6444 --- [main] (system) o.a.c.c.C.[Tomcat].[localhost].[/]       : Initializing Spring embedded WebApplicationContext
2026-06-15 21:26:43.741  INFO 6444 --- [main] (system) w.s.c.ServletWebServerApplicationContext : Root WebApplicationContext: initialization completed in 1197 ms
2026-06-15 21:26:44.364  INFO 6444 --- [main] (system) org.example.config.MinioConfiguration    : Init minio client...
2026-06-15 21:26:44.771  INFO 6444 --- [main] (system) o.s.s.web.DefaultSecurityFilterChain     : Will secure any request with [org.springframework.security.web.session.DisableEncodeUrlFilter@c335b9, org.springframework.security.web.context.request.async.WebAsyncManagerIntegrationFilter@75c8d8e7, org.springframework.security.web.context.SecurityContextHolderFilter@62ee1c89, org.springframework.security.web.header.HeaderWriterFilter@1479ed5a, org.springframework.security.web.authentication.logout.LogoutFilter@54d2f5d3, org.example.filter.JwtAuthenticationFilter@7cdc4070, org.example.filter.RequestLogFilter@545604a9, org.springframework.security.web.authentication.UsernamePasswordAuthenticationFilter@2cc97e47, org.springframework.security.web.savedrequest.RequestCacheAwareFilter@52a74328, org.springframework.security.web.servletapi.SecurityContextHolderAwareRequestFilter@5f4df55e, org.springframework.security.web.authentication.AnonymousAuthenticationFilter@3c68e82, org.springframework.security.web.session.SessionManagementFilter@3d2eb7fa, org.springframework.security.web.access.ExceptionTranslationFilter@759f45f1, org.springframework.security.web.access.intercept.AuthorizationFilter@1bde9a22]
2026-06-15 21:26:45.013  WARN 6444 --- [main] (system) ocalVariableTableParameterNameDiscoverer : Using deprecated '-debug' fallback for parameter name resolution. Compile the affected code with '-parameters' instead or avoid its introspection: org.springframework.amqp.rabbit.core.RabbitAdmin
2026-06-15 21:26:45.056  INFO 6444 --- [main] (system) o.s.b.w.embedded.tomcat.TomcatWebServer  : Tomcat started on port(s): 8080 (http) with context path ''
2026-06-15 21:26:45.059  INFO 6444 --- [main] (system) o.s.a.r.c.CachingConnectionFactory       : Attempting to connect to: [localhost:5672]
2026-06-15 21:26:45.091  INFO 6444 --- [main] (system) o.s.a.r.c.CachingConnectionFactory       : Created new connection: rabbitConnectionFactory#1186374c:0/SimpleConnection@d960561 [delegate=amqp://guest@127.0.0.1:5672/, localPort=65481]
2026-06-15 21:26:45.124  INFO 6444 --- [main] (system) o.example.MyProjectBackendApplication    : Started MyProjectBackendApplication in 3.056 seconds (process running for 3.563)
2026-06-15 21:26:59.004  INFO 6444 --- [http-nio-8080-exec-1] (system) o.a.c.c.C.[Tomcat].[localhost].[/]       : Initializing Spring DispatcherServlet 'dispatcherServlet'
2026-06-15 21:26:59.005  INFO 6444 --- [http-nio-8080-exec-1] (system) o.s.web.servlet.DispatcherServlet        : Initializing Servlet 'dispatcherServlet'
2026-06-15 21:26:59.007  INFO 6444 --- [http-nio-8080-exec-1] (system) o.s.web.servlet.DispatcherServlet        : Completed initialization in 2 ms
2026-06-15 21:26:59.481  INFO 6444 --- [http-nio-8080-exec-1] (379341700709093376) org.example.filter.RequestLogFilter      : 请求URL: "/api/auth/ask-code" (GET) | 远程IP地址: 0:0:0:0:0:0:0:1 │ 身份: 未验证 | 请求参数列表: {"email":"1430220206@qq.com","type":"register"}
2026-06-15 21:26:59.823  INFO 6444 --- [http-nio-8080-exec-1] (379341700709093376) org.example.filter.RequestLogFilter      : 请求处理耗时: 344ms | 响应结果: {"code":200,"data":null,"message":"请求成功"}
2026-06-15 21:27:08.765  INFO 6444 --- [http-nio-8080-exec-7] (379341739657400320) org.example.filter.RequestLogFilter      : 请求URL: "/api/auth/register" (OPTIONS) | 远程IP地址: 0:0:0:0:0:0:0:1 │ 身份: 未验证 | 请求参数列表: {}
2026-06-15 21:27:08.804  INFO 6444 --- [http-nio-8080-exec-7] (379341739657400320) org.example.filter.RequestLogFilter      : 请求处理耗时: 39ms | 响应结果: 
2026-06-15 21:27:08.827  INFO 6444 --- [http-nio-8080-exec-3] (379341739913252864) org.example.filter.RequestLogFilter      : 请求URL: "/api/auth/register" (POST) | 远程IP地址: 0:0:0:0:0:0:0:1 │ 身份: 未验证 | 请求参数列表: {}
2026-06-15 21:27:09.222  INFO 6444 --- [http-nio-8080-exec-3] (379341739913252864) com.zaxxer.hikari.HikariDataSource       : HikariPool-1 - Starting...
2026-06-15 21:27:09.649  INFO 6444 --- [http-nio-8080-exec-3] (379341739913252864) com.zaxxer.hikari.pool.HikariPool        : HikariPool-1 - Added connection com.mysql.cj.jdbc.ConnectionImpl@3b60d6e8
2026-06-15 21:27:09.655  INFO 6444 --- [http-nio-8080-exec-3] (379341739913252864) com.zaxxer.hikari.HikariDataSource       : HikariPool-1 - Start completed.
2026-06-15 21:27:10.043  INFO 6444 --- [http-nio-8080-exec-3] (379341739913252864) org.example.filter.RequestLogFilter      : 请求处理耗时: 1217ms | 响应结果: {"code":200,"data":null,"message":"请求成功"}
2026-06-15 21:27:12.773  INFO 6444 --- [http-nio-8080-exec-5] (379341756468170752) org.example.filter.RequestLogFilter      : 请求URL: "/api/auth/login" (POST) | 远程IP地址: 0:0:0:0:0:0:0:1 │ 身份: 未验证 | 请求参数列表: {"username":"admin","password":"123456"}
2026-06-15 21:27:12.994  INFO 6444 --- [http-nio-8080-exec-5] (379341756468170752) org.example.filter.RequestLogFilter      : 请求处理耗时: 221ms | 响应结果: {"code":200,"data":{"expireTime":"2026-06-18 21:27:12.962","role":"user","token":"eyJ0eXAiOiJKV1QiLCJhbGciOiJIUzI1NiJ9.eyJuYW1lIjoiYWRtaW4iLCJpZCI6NCwiZXhwIjoxNzgxNzg5MjMyLCJpYXQiOjE3ODE1MzAwMzIsImp0aSI6ImE4ZDk1MTdlLTAyY2ItNGZlYy05MjRlLTAxYmY0YWE2YWNmZiIsImF1dGhvcml0aWVzIjpbIlJPTEVfdXNlciJdfQ.2oXeWzoZJqgR_u78a4_VhXYJ72hmySVIRxU0OxHV3KA","username":"admin"},"message":"请求成功"}
2026-06-15 21:27:13.039  INFO 6444 --- [http-nio-8080-exec-6] (379341757583855616) org.example.filter.RequestLogFilter      : 请求URL: "/api/user/info" (OPTIONS) | 远程IP地址: 0:0:0:0:0:0:0:1 │ 身份: 未验证 | 请求参数列表: {}
2026-06-15 21:27:13.043  INFO 6444 --- [http-nio-8080-exec-6] (379341757583855616) org.example.filter.RequestLogFilter      : 请求处理耗时: 4ms | 响应结果: {"code":401,"data":null,"message":"Full authentication is required to access this resource"}
2026-06-15 21:27:13.082  INFO 6444 --- [http-nio-8080-exec-4] (379341757764210688) org.example.filter.RequestLogFilter      : 请求URL: "/api/user/info" (GET) | 远程IP地址: 0:0:0:0:0:0:0:1 │ 身份: admin (UID: 4) | 角色: [ROLE_user] | 请求参数列表: {}
2026-06-15 21:27:13.093  INFO 6444 --- [http-nio-8080-exec-4] (379341757764210688) org.example.filter.RequestLogFilter      : 请求处理耗时: 11ms | 响应结果: {"code":200,"data":{"username":"admin","email":"1430220206@qq.com","role":"user","avatar":null,"registerTime":"2026-06-15T13:27:10.000+00:00"},"message":"请求成功"}
2026-06-15 21:27:14.736  INFO 6444 --- [http-nio-8080-exec-9] (379341764701589504) org.example.filter.RequestLogFilter      : 请求URL: "/api/user/details" (OPTIONS) | 远程IP地址: 0:0:0:0:0:0:0:1 │ 身份: 未验证 | 请求参数列表: {}
2026-06-15 21:27:14.738  INFO 6444 --- [http-nio-8080-exec-9] (379341764701589504) org.example.filter.RequestLogFilter      : 请求处理耗时: 2ms | 响应结果: {"code":401,"data":null,"message":"Full authentication is required to access this resource"}
2026-06-15 21:27:14.749  INFO 6444 --- [http-nio-8080-exec-9] (379341764756115456) org.example.filter.RequestLogFilter      : 请求URL: "/api/user/details" (GET) | 远程IP地址: 0:0:0:0:0:0:0:1 │ 身份: admin (UID: 4) | 角色: [ROLE_user] | 请求参数列表: {}
2026-06-15 21:27:14.756  INFO 6444 --- [http-nio-8080-exec-9] (379341764756115456) org.example.filter.RequestLogFilter      : 请求处理耗时: 7ms | 响应结果: {"code":200,"data":{"gender":0,"phone":null,"qq":null,"wx":null,"desc":null},"message":"请求成功"}
2026-06-15 21:27:16.012  INFO 6444 --- [http-nio-8080-exec-10] (379341770053521408) org.example.filter.RequestLogFilter      : 请求URL: "/api/user/privacy" (OPTIONS) | 远程IP地址: 0:0:0:0:0:0:0:1 │ 身份: 未验证 | 请求参数列表: {}
2026-06-15 21:27:16.014  INFO 6444 --- [http-nio-8080-exec-10] (379341770053521408) org.example.filter.RequestLogFilter      : 请求处理耗时: 2ms | 响应结果: {"code":401,"data":null,"message":"Full authentication is required to access this resource"}
2026-06-15 21:27:16.025  INFO 6444 --- [http-nio-8080-exec-8] (379341770108047360) org.example.filter.RequestLogFilter      : 请求URL: "/api/user/privacy" (GET) | 远程IP地址: 0:0:0:0:0:0:0:1 │ 身份: admin (UID: 4) | 角色: [ROLE_user] | 请求参数列表: {}
2026-06-15 21:27:16.032  INFO 6444 --- [http-nio-8080-exec-8] (379341770108047360) org.example.filter.RequestLogFilter      : 请求处理耗时: 7ms | 响应结果: {"code":200,"data":{"phone":true,"email":true,"wx":true,"qq":true,"gender":true},"message":"请求成功"}
2026-06-15 21:27:16.838  INFO 6444 --- [http-nio-8080-exec-1] (379341773518016512) org.example.filter.RequestLogFilter      : 请求URL: "/api/user/details" (GET) | 远程IP地址: 0:0:0:0:0:0:0:1 │ 身份: admin (UID: 4) | 角色: [ROLE_user] | 请求参数列表: {}
2026-06-15 21:27:16.842  INFO 6444 --- [http-nio-8080-exec-1] (379341773518016512) org.example.filter.RequestLogFilter      : 请求处理耗时: 4ms | 响应结果: {"code":200,"data":{"gender":0,"phone":null,"qq":null,"wx":null,"desc":null},"message":"请求成功"}
2026-06-15 21:30:36.245  INFO 6444 --- [http-nio-8080-exec-7] (379342609891594240) org.example.filter.RequestLogFilter      : 请求URL: "/api/user/info" (OPTIONS) | 远程IP地址: 0:0:0:0:0:0:0:1 │ 身份: 未验证 | 请求参数列表: {}
2026-06-15 21:30:36.247  INFO 6444 --- [http-nio-8080-exec-7] (379342609891594240) org.example.filter.RequestLogFilter      : 请求处理耗时: 2ms | 响应结果: {"code":401,"data":null,"message":"Full authentication is required to access this resource"}
2026-06-15 21:30:36.256  INFO 6444 --- [http-nio-8080-exec-3] (379342609937731584) org.example.filter.RequestLogFilter      : 请求URL: "/api/user/info" (GET) | 远程IP地址: 0:0:0:0:0:0:0:1 │ 身份: admin (UID: 4) | 角色: [ROLE_user] | 请求参数列表: {}
2026-06-15 21:30:36.260  INFO 6444 --- [http-nio-8080-exec-3] (379342609937731584) org.example.filter.RequestLogFilter      : 请求处理耗时: 4ms | 响应结果: {"code":200,"data":{"username":"admin","email":"1430220206@qq.com","role":"user","avatar":null,"registerTime":"2026-06-15T13:27:10.000+00:00"},"message":"请求成功"}
2026-06-15 21:30:36.308  INFO 6444 --- [http-nio-8080-exec-5] (379342610155835392) org.example.filter.RequestLogFilter      : 请求URL: "/api/user/details" (OPTIONS) | 远程IP地址: 0:0:0:0:0:0:0:1 │ 身份: 未验证 | 请求参数列表: {}
2026-06-15 21:30:36.310  INFO 6444 --- [http-nio-8080-exec-5] (379342610155835392) org.example.filter.RequestLogFilter      : 请求处理耗时: 2ms | 响应结果: {"code":401,"data":null,"message":"Full authentication is required to access this resource"}
2026-06-15 21:30:36.319  INFO 6444 --- [http-nio-8080-exec-6] (379342610201972736) org.example.filter.RequestLogFilter      : 请求URL: "/api/user/details" (GET) | 远程IP地址: 0:0:0:0:0:0:0:1 │ 身份: admin (UID: 4) | 角色: [ROLE_user] | 请求参数列表: {}
2026-06-15 21:30:36.323  INFO 6444 --- [http-nio-8080-exec-6] (379342610201972736) org.example.filter.RequestLogFilter      : 请求处理耗时: 4ms | 响应结果: {"code":200,"data":{"gender":0,"phone":"18764567279","qq":"1430220206","wx":"Furina","desc":"晨雾漫过荒坡碎草轻摇浮尘乱舞流云散漫掠过矮枝碎石错落随风打转细影飘忽漫向远空零星草木随风轻晃虚影游走四处飘散啊阿斯顿阿斯顿阿德阿斯顿阿斯顿反帝反封建"},"message":"请求成功"}
2026-06-15 21:30:39.287  INFO 6444 --- [http-nio-8080-exec-4] (379342622650667008) org.example.filter.RequestLogFilter      : 请求URL: "/api/user/privacy" (OPTIONS) | 远程IP地址: 0:0:0:0:0:0:0:1 │ 身份: 未验证 | 请求参数列表: {}
2026-06-15 21:30:39.289  INFO 6444 --- [http-nio-8080-exec-4] (379342622650667008) org.example.filter.RequestLogFilter      : 请求处理耗时: 2ms | 响应结果: {"code":401,"data":null,"message":"Full authentication is required to access this resource"}
2026-06-15 21:30:39.299  INFO 6444 --- [http-nio-8080-exec-9] (379342622700998656) org.example.filter.RequestLogFilter      : 请求URL: "/api/user/privacy" (GET) | 远程IP地址: 0:0:0:0:0:0:0:1 │ 身份: admin (UID: 4) | 角色: [ROLE_user] | 请求参数列表: {}
2026-06-15 21:30:39.303  INFO 6444 --- [http-nio-8080-exec-9] (379342622700998656) org.example.filter.RequestLogFilter      : 请求处理耗时: 4ms | 响应结果: {"code":200,"data":{"phone":true,"email":true,"wx":true,"qq":true,"gender":true},"message":"请求成功"}
2026-06-15 21:30:41.969  INFO 6444 --- [http-nio-8080-exec-10] (379342633899790336) org.example.filter.RequestLogFilter      : 请求URL: "/api/user/save-privacy" (OPTIONS) | 远程IP地址: 0:0:0:0:0:0:0:1 │ 身份: 未验证 | 请求参数列表: {}
2026-06-15 21:30:41.970  INFO 6444 --- [http-nio-8080-exec-10] (379342633899790336) org.example.filter.RequestLogFilter      : 请求处理耗时: 1ms | 响应结果: {"code":401,"data":null,"message":"Full authentication is required to access this resource"}
2026-06-15 21:30:41.980  INFO 6444 --- [http-nio-8080-exec-8] (379342633945927680) org.example.filter.RequestLogFilter      : 请求URL: "/api/user/save-privacy" (POST) | 远程IP地址: 0:0:0:0:0:0:0:1 │ 身份: admin (UID: 4) | 角色: [ROLE_user] | 请求参数列表: {}
2026-06-15 21:30:42.009  INFO 6444 --- [http-nio-8080-exec-8] (379342633945927680) org.example.filter.RequestLogFilter      : 请求处理耗时: 29ms | 响应结果: {"code":200,"data":null,"message":"请求成功"}
2026-06-15 21:30:42.671  INFO 6444 --- [http-nio-8080-exec-1] (379342636844191744) org.example.filter.RequestLogFilter      : 请求URL: "/api/user/save-privacy" (POST) | 远程IP地址: 0:0:0:0:0:0:0:1 │ 身份: admin (UID: 4) | 角色: [ROLE_user] | 请求参数列表: {}
2026-06-15 21:30:42.681  INFO 6444 --- [http-nio-8080-exec-1] (379342636844191744) org.example.filter.RequestLogFilter      : 请求处理耗时: 10ms | 响应结果: {"code":200,"data":null,"message":"请求成功"}
2026-06-15 21:30:43.302  INFO 6444 --- [http-nio-8080-exec-2] (379342639490797568) org.example.filter.RequestLogFilter      : 请求URL: "/api/user/save-privacy" (POST) | 远程IP地址: 0:0:0:0:0:0:0:1 │ 身份: admin (UID: 4) | 角色: [ROLE_user] | 请求参数列表: {}
2026-06-15 21:30:43.313  INFO 6444 --- [http-nio-8080-exec-2] (379342639490797568) org.example.filter.RequestLogFilter      : 请求处理耗时: 11ms | 响应结果: {"code":200,"data":null,"message":"请求成功"}
2026-06-15 21:30:43.780  INFO 6444 --- [http-nio-8080-exec-7] (379342641495674880) org.example.filter.RequestLogFilter      : 请求URL: "/api/user/save-privacy" (POST) | 远程IP地址: 0:0:0:0:0:0:0:1 │ 身份: admin (UID: 4) | 角色: [ROLE_user] | 请求参数列表: {}
2026-06-15 21:30:43.793  INFO 6444 --- [http-nio-8080-exec-7] (379342641495674880) org.example.filter.RequestLogFilter      : 请求处理耗时: 13ms | 响应结果: {"code":200,"data":null,"message":"请求成功"}
2026-06-15 21:30:44.210  INFO 6444 --- [http-nio-8080-exec-3] (379342643299225600) org.example.filter.RequestLogFilter      : 请求URL: "/api/user/save-privacy" (POST) | 远程IP地址: 0:0:0:0:0:0:0:1 │ 身份: admin (UID: 4) | 角色: [ROLE_user] | 请求参数列表: {}
2026-06-15 21:30:44.220  INFO 6444 --- [http-nio-8080-exec-3] (379342643299225600) org.example.filter.RequestLogFilter      : 请求处理耗时: 10ms | 响应结果: {"code":200,"data":null,"message":"请求成功"}
2026-06-15 21:31:33.612  INFO 6444 --- [http-nio-8080-exec-4] (379342850506231808) org.example.filter.RequestLogFilter      : 请求URL: "/api/user/info" (OPTIONS) | 远程IP地址: 0:0:0:0:0:0:0:1 │ 身份: 未验证 | 请求参数列表: {}
2026-06-15 21:31:33.613  INFO 6444 --- [http-nio-8080-exec-4] (379342850506231808) org.example.filter.RequestLogFilter      : 请求处理耗时: 1ms | 响应结果: {"code":401,"data":null,"message":"Full authentication is required to access this resource"}
2026-06-15 21:31:33.622  INFO 6444 --- [http-nio-8080-exec-9] (379342850548174848) org.example.filter.RequestLogFilter      : 请求URL: "/api/user/info" (GET) | 远程IP地址: 0:0:0:0:0:0:0:1 │ 身份: admin (UID: 4) | 角色: [ROLE_user] | 请求参数列表: {}
2026-06-15 21:31:33.627  INFO 6444 --- [http-nio-8080-exec-9] (379342850548174848) org.example.filter.RequestLogFilter      : 请求处理耗时: 5ms | 响应结果: {"code":200,"data":{"username":"admin","email":"1430220206@qq.com","role":"user","avatar":null,"registerTime":"2026-06-15T13:27:10.000+00:00"},"message":"请求成功"}
2026-06-15 21:31:33.678  INFO 6444 --- [http-nio-8080-exec-10] (379342850783055872) org.example.filter.RequestLogFilter      : 请求URL: "/api/user/privacy" (OPTIONS) | 远程IP地址: 0:0:0:0:0:0:0:1 │ 身份: 未验证 | 请求参数列表: {}
2026-06-15 21:31:33.679  INFO 6444 --- [http-nio-8080-exec-10] (379342850783055872) org.example.filter.RequestLogFilter      : 请求处理耗时: 1ms | 响应结果: {"code":401,"data":null,"message":"Full authentication is required to access this resource"}
2026-06-15 21:31:33.686  INFO 6444 --- [http-nio-8080-exec-8] (379342850816610304) org.example.filter.RequestLogFilter      : 请求URL: "/api/user/privacy" (GET) | 远程IP地址: 0:0:0:0:0:0:0:1 │ 身份: admin (UID: 4) | 角色: [ROLE_user] | 请求参数列表: {}
2026-06-15 21:31:33.690  INFO 6444 --- [http-nio-8080-exec-8] (379342850816610304) org.example.filter.RequestLogFilter      : 请求处理耗时: 4ms | 响应结果: {"code":200,"data":{"phone":false,"email":false,"wx":false,"qq":false,"gender":false},"message":"请求成功"}
2026-06-15 21:31:48.737  INFO 6444 --- [http-nio-8080-exec-2] (379342913945079808) org.example.filter.RequestLogFilter      : 请求URL: "/api/user/info" (OPTIONS) | 远程IP地址: 0:0:0:0:0:0:0:1 │ 身份: 未验证 | 请求参数列表: {}
2026-06-15 21:31:48.740  INFO 6444 --- [http-nio-8080-exec-2] (379342913945079808) org.example.filter.RequestLogFilter      : 请求处理耗时: 3ms | 响应结果: {"code":401,"data":null,"message":"Full authentication is required to access this resource"}
2026-06-15 21:31:48.751  INFO 6444 --- [http-nio-8080-exec-2] (379342914003800064) org.example.filter.RequestLogFilter      : 请求URL: "/api/user/info" (GET) | 远程IP地址: 0:0:0:0:0:0:0:1 │ 身份: admin (UID: 4) | 角色: [ROLE_user] | 请求参数列表: {}
2026-06-15 21:31:48.756  INFO 6444 --- [http-nio-8080-exec-2] (379342914003800064) org.example.filter.RequestLogFilter      : 请求处理耗时: 4ms | 响应结果: {"code":200,"data":{"username":"admin","email":"1430220206@qq.com","role":"user","avatar":null,"registerTime":"2026-06-15T13:27:10.000+00:00"},"message":"请求成功"}
2026-06-15 21:31:48.792  INFO 6444 --- [http-nio-8080-exec-7] (379342914175766528) org.example.filter.RequestLogFilter      : 请求URL: "/api/user/privacy" (OPTIONS) | 远程IP地址: 0:0:0:0:0:0:0:1 │ 身份: 未验证 | 请求参数列表: {}
2026-06-15 21:31:48.793  INFO 6444 --- [http-nio-8080-exec-7] (379342914175766528) org.example.filter.RequestLogFilter      : 请求处理耗时: 1ms | 响应结果: {"code":401,"data":null,"message":"Full authentication is required to access this resource"}
2026-06-15 21:31:48.802  INFO 6444 --- [http-nio-8080-exec-3] (379342914217709568) org.example.filter.RequestLogFilter      : 请求URL: "/api/user/privacy" (GET) | 远程IP地址: 0:0:0:0:0:0:0:1 │ 身份: admin (UID: 4) | 角色: [ROLE_user] | 请求参数列表: {}
2026-06-15 21:31:48.806  INFO 6444 --- [http-nio-8080-exec-3] (379342914217709568) org.example.filter.RequestLogFilter      : 请求处理耗时: 4ms | 响应结果: {"code":200,"data":{"phone":false,"email":false,"wx":false,"qq":false,"gender":false},"message":"请求成功"}
2026-06-15 21:31:49.772  INFO 6444 --- [http-nio-8080-exec-5] (379342918286184448) org.example.filter.RequestLogFilter      : 请求URL: "/api/user/info" (GET) | 远程IP地址: 0:0:0:0:0:0:0:1 │ 身份: admin (UID: 4) | 角色: [ROLE_user] | 请求参数列表: {}
2026-06-15 21:31:49.776  INFO 6444 --- [http-nio-8080-exec-5] (379342918286184448) org.example.filter.RequestLogFilter      : 请求处理耗时: 4ms | 响应结果: {"code":200,"data":{"username":"admin","email":"1430220206@qq.com","role":"user","avatar":null,"registerTime":"2026-06-15T13:27:10.000+00:00"},"message":"请求成功"}
2026-06-15 21:31:49.811  INFO 6444 --- [http-nio-8080-exec-6] (379342918449762304) org.example.filter.RequestLogFilter      : 请求URL: "/api/user/privacy" (GET) | 远程IP地址: 0:0:0:0:0:0:0:1 │ 身份: admin (UID: 4) | 角色: [ROLE_user] | 请求参数列表: {}
2026-06-15 21:31:49.815  INFO 6444 --- [http-nio-8080-exec-6] (379342918449762304) org.example.filter.RequestLogFilter      : 请求处理耗时: 4ms | 响应结果: {"code":200,"data":{"phone":false,"email":false,"wx":false,"qq":false,"gender":false},"message":"请求成功"}
2026-06-15 21:31:51.254  INFO 6444 --- [http-nio-8080-exec-4] (379342924502142976) org.example.filter.RequestLogFilter      : 请求URL: "/api/user/details" (OPTIONS) | 远程IP地址: 0:0:0:0:0:0:0:1 │ 身份: 未验证 | 请求参数列表: {}
2026-06-15 21:31:51.255  INFO 6444 --- [http-nio-8080-exec-4] (379342924502142976) org.example.filter.RequestLogFilter      : 请求处理耗时: 1ms | 响应结果: {"code":401,"data":null,"message":"Full authentication is required to access this resource"}
2026-06-15 21:31:51.265  INFO 6444 --- [http-nio-8080-exec-9] (379342924548280320) org.example.filter.RequestLogFilter      : 请求URL: "/api/user/details" (GET) | 远程IP地址: 0:0:0:0:0:0:0:1 │ 身份: admin (UID: 4) | 角色: [ROLE_user] | 请求参数列表: {}
2026-06-15 21:31:51.268  INFO 6444 --- [http-nio-8080-exec-9] (379342924548280320) org.example.filter.RequestLogFilter      : 请求处理耗时: 3ms | 响应结果: {"code":200,"data":{"gender":0,"phone":"18764567279","qq":"1430220206","wx":"Furina","desc":"晨雾漫过荒坡碎草轻摇浮尘乱舞流云散漫掠过矮枝碎石错落随风打转细影飘忽漫向远空零星草木随风轻晃虚影游走四处飘散啊阿斯顿阿斯顿阿德阿斯顿阿斯顿反帝反封建"},"message":"请求成功"}
2026-06-15 21:31:54.275  INFO 6444 --- [http-nio-8080-exec-10] (379342937173135360) org.example.filter.RequestLogFilter      : 请求URL: "/api/user/save-details" (OPTIONS) | 远程IP地址: 0:0:0:0:0:0:0:1 │ 身份: 未验证 | 请求参数列表: {}
2026-06-15 21:31:54.276  INFO 6444 --- [http-nio-8080-exec-10] (379342937173135360) org.example.filter.RequestLogFilter      : 请求处理耗时: 1ms | 响应结果: {"code":401,"data":null,"message":"Full authentication is required to access this resource"}
2026-06-15 21:31:54.285  INFO 6444 --- [http-nio-8080-exec-8] (379342937215078400) org.example.filter.RequestLogFilter      : 请求URL: "/api/user/save-details" (POST) | 远程IP地址: 0:0:0:0:0:0:0:1 │ 身份: admin (UID: 4) | 角色: [ROLE_user] | 请求参数列表: {}
2026-06-15 21:31:54.314  INFO 6444 --- [http-nio-8080-exec-8] (379342937215078400) org.example.filter.RequestLogFilter      : 请求处理耗时: 29ms | 响应结果: {"code":200,"data":null,"message":"请求成功"}
2026-06-15 21:31:58.574  INFO 6444 --- [http-nio-8080-exec-1] (379342955204448256) org.example.filter.RequestLogFilter      : 请求URL: "/api/auth/logout" (OPTIONS) | 远程IP地址: 0:0:0:0:0:0:0:1 │ 身份: 未验证 | 请求参数列表: {}
2026-06-15 21:31:58.579  INFO 6444 --- [http-nio-8080-exec-1] (379342955204448256) org.example.filter.RequestLogFilter      : 请求处理耗时: 5ms | 响应结果: 
2026-06-15 21:32:16.136  INFO 6444 --- [http-nio-8080-exec-7] (379343028860620800) org.example.filter.RequestLogFilter      : 请求URL: "/api/auth/login" (POST) | 远程IP地址: 0:0:0:0:0:0:0:1 │ 身份: 未验证 | 请求参数列表: {"username":"1430220206@qq.com","password":"123456"}
2026-06-15 21:32:16.226  INFO 6444 --- [http-nio-8080-exec-7] (379343028860620800) org.example.filter.RequestLogFilter      : 请求处理耗时: 91ms | 响应结果: {"code":200,"data":{"expireTime":"2026-06-18 21:32:16.226","role":"user","token":"eyJ0eXAiOiJKV1QiLCJhbGciOiJIUzI1NiJ9.eyJuYW1lIjoiYWRtaW4iLCJpZCI6NCwiZXhwIjoxNzgxNzg5NTM2LCJpYXQiOjE3ODE1MzAzMzYsImp0aSI6ImY1YzIyYjgyLTQyMzgtNGE3Ni1hMzMwLTU5NDJmZWE5N2NlYyIsImF1dGhvcml0aWVzIjpbIlJPTEVfdXNlciJdfQ.gRAaVJqp96IukyCVF2M7QXvWYgdsdldMPmzWiQ_evHs","username":"admin"},"message":"请求成功"}
2026-06-15 21:32:16.236  INFO 6444 --- [http-nio-8080-exec-3] (379343029284245504) org.example.filter.RequestLogFilter      : 请求URL: "/api/user/info" (OPTIONS) | 远程IP地址: 0:0:0:0:0:0:0:1 │ 身份: 未验证 | 请求参数列表: {}
2026-06-15 21:32:16.240  INFO 6444 --- [http-nio-8080-exec-3] (379343029284245504) org.example.filter.RequestLogFilter      : 请求处理耗时: 4ms | 响应结果: {"code":401,"data":null,"message":"Full authentication is required to access this resource"}
2026-06-15 21:32:16.248  INFO 6444 --- [http-nio-8080-exec-5] (379343029334577152) org.example.filter.RequestLogFilter      : 请求URL: "/api/user/info" (GET) | 远程IP地址: 0:0:0:0:0:0:0:1 │ 身份: admin (UID: 4) | 角色: [ROLE_user] | 请求参数列表: {}
2026-06-15 21:32:16.253  INFO 6444 --- [http-nio-8080-exec-5] (379343029334577152) org.example.filter.RequestLogFilter      : 请求处理耗时: 5ms | 响应结果: {"code":200,"data":{"username":"admin","email":"1430220206@qq.com","role":"user","avatar":null,"registerTime":"2026-06-15T13:27:10.000+00:00"},"message":"请求成功"}
2026-06-15 21:32:26.257  INFO 6444 --- [http-nio-8080-exec-9] (379343071315365888) org.example.filter.RequestLogFilter      : 请求URL: "/api/user/details" (OPTIONS) | 远程IP地址: 0:0:0:0:0:0:0:1 │ 身份: 未验证 | 请求参数列表: {}
2026-06-15 21:32:26.259  INFO 6444 --- [http-nio-8080-exec-9] (379343071315365888) org.example.filter.RequestLogFilter      : 请求处理耗时: 2ms | 响应结果: {"code":401,"data":null,"message":"Full authentication is required to access this resource"}
2026-06-15 21:32:26.268  INFO 6444 --- [http-nio-8080-exec-10] (379343071361503232) org.example.filter.RequestLogFilter      : 请求URL: "/api/user/details" (GET) | 远程IP地址: 0:0:0:0:0:0:0:1 │ 身份: admin (UID: 4) | 角色: [ROLE_user] | 请求参数列表: {}
2026-06-15 21:32:26.272  INFO 6444 --- [http-nio-8080-exec-10] (379343071361503232) org.example.filter.RequestLogFilter      : 请求处理耗时: 4ms | 响应结果: {"code":200,"data":{"gender":0,"phone":"18764567279","qq":"1430220206","wx":"Furina","desc":"晨雾漫过荒坡碎草轻摇浮尘乱舞流云散漫掠过矮枝碎石错落随风打转细影飘忽漫向远空零星草木随风轻晃虚影游走四处飘散啊阿斯顿阿斯顿阿德阿斯顿阿斯顿反帝反封建"},"message":"请求成功"}
2026-06-15 21:34:13.190  INFO 6444 --- [http-nio-8080-exec-1] (379343519824875520) org.example.filter.RequestLogFilter      : 请求URL: "/api/user/info" (OPTIONS) | 远程IP地址: 0:0:0:0:0:0:0:1 │ 身份: 未验证 | 请求参数列表: {}
2026-06-15 21:34:13.191  INFO 6444 --- [http-nio-8080-exec-1] (379343519824875520) org.example.filter.RequestLogFilter      : 请求处理耗时: 1ms | 响应结果: {"code":401,"data":null,"message":"Full authentication is required to access this resource"}
2026-06-15 21:34:13.200  INFO 6444 --- [http-nio-8080-exec-2] (379343519866818560) org.example.filter.RequestLogFilter      : 请求URL: "/api/user/info" (GET) | 远程IP地址: 0:0:0:0:0:0:0:1 │ 身份: admin (UID: 4) | 角色: [ROLE_user] | 请求参数列表: {}
2026-06-15 21:34:13.205  INFO 6444 --- [http-nio-8080-exec-2] (379343519866818560) org.example.filter.RequestLogFilter      : 请求处理耗时: 5ms | 响应结果: {"code":200,"data":{"username":"admin","email":"1430220206@qq.com","role":"user","avatar":null,"registerTime":"2026-06-15T13:27:10.000+00:00"},"message":"请求成功"}
2026-06-15 21:34:13.277  INFO 6444 --- [http-nio-8080-exec-7] (379343520189779968) org.example.filter.RequestLogFilter      : 请求URL: "/api/user/details" (OPTIONS) | 远程IP地址: 0:0:0:0:0:0:0:1 │ 身份: 未验证 | 请求参数列表: {}
2026-06-15 21:34:13.278  INFO 6444 --- [http-nio-8080-exec-7] (379343520189779968) org.example.filter.RequestLogFilter      : 请求处理耗时: 1ms | 响应结果: {"code":401,"data":null,"message":"Full authentication is required to access this resource"}
2026-06-15 21:34:13.285  INFO 6444 --- [http-nio-8080-exec-3] (379343520223334400) org.example.filter.RequestLogFilter      : 请求URL: "/api/user/details" (GET) | 远程IP地址: 0:0:0:0:0:0:0:1 │ 身份: admin (UID: 4) | 角色: [ROLE_user] | 请求参数列表: {}
2026-06-15 21:34:13.287  INFO 6444 --- [http-nio-8080-exec-3] (379343520223334400) org.example.filter.RequestLogFilter      : 请求处理耗时: 2ms | 响应结果: {"code":200,"data":{"gender":0,"phone":"18764567279","qq":"1430220206","wx":"Furina","desc":"晨雾漫过荒坡碎草轻摇浮尘乱舞流云散漫掠过矮枝碎石错落随风打转细影飘忽漫向远空零星草木随风轻晃虚影游走四处飘散啊阿斯顿阿斯顿阿德阿斯顿阿斯顿反帝反封建"},"message":"请求成功"}
2026-06-15 21:34:43.163  INFO 6444 --- [http-nio-8080-exec-4] (379343645540749312) org.example.filter.RequestLogFilter      : 请求URL: "/api/user/info" (OPTIONS) | 远程IP地址: 0:0:0:0:0:0:0:1 │ 身份: 未验证 | 请求参数列表: {}
2026-06-15 21:34:43.164  INFO 6444 --- [http-nio-8080-exec-4] (379343645540749312) org.example.filter.RequestLogFilter      : 请求处理耗时: 1ms | 响应结果: {"code":401,"data":null,"message":"Full authentication is required to access this resource"}
2026-06-15 21:34:43.173  INFO 6444 --- [http-nio-8080-exec-6] (379343645582692352) org.example.filter.RequestLogFilter      : 请求URL: "/api/user/info" (GET) | 远程IP地址: 0:0:0:0:0:0:0:1 │ 身份: admin (UID: 4) | 角色: [ROLE_user] | 请求参数列表: {}
2026-06-15 21:34:43.178  INFO 6444 --- [http-nio-8080-exec-6] (379343645582692352) org.example.filter.RequestLogFilter      : 请求处理耗时: 5ms | 响应结果: {"code":200,"data":{"username":"admin","email":"1430220206@qq.com","role":"user","avatar":null,"registerTime":"2026-06-15T13:27:10.000+00:00"},"message":"请求成功"}
2026-06-15 21:34:43.231  INFO 6444 --- [http-nio-8080-exec-9] (379343645825961984) org.example.filter.RequestLogFilter      : 请求URL: "/api/user/details" (OPTIONS) | 远程IP地址: 0:0:0:0:0:0:0:1 │ 身份: 未验证 | 请求参数列表: {}
2026-06-15 21:34:43.232  INFO 6444 --- [http-nio-8080-exec-9] (379343645825961984) org.example.filter.RequestLogFilter      : 请求处理耗时: 1ms | 响应结果: {"code":401,"data":null,"message":"Full authentication is required to access this resource"}
2026-06-15 21:34:43.245  INFO 6444 --- [http-nio-8080-exec-10] (379343645884682240) org.example.filter.RequestLogFilter      : 请求URL: "/api/user/details" (GET) | 远程IP地址: 0:0:0:0:0:0:0:1 │ 身份: admin (UID: 4) | 角色: [ROLE_user] | 请求参数列表: {}
2026-06-15 21:34:43.249  INFO 6444 --- [http-nio-8080-exec-10] (379343645884682240) org.example.filter.RequestLogFilter      : 请求处理耗时: 4ms | 响应结果: {"code":200,"data":{"gender":0,"phone":"18764567279","qq":"1430220206","wx":"Furina","desc":"晨雾漫过荒坡碎草轻摇浮尘乱舞流云散漫掠过矮枝碎石错落随风打转细影飘忽漫向远空零星草木随风轻晃虚影游走四处飘散啊阿斯顿阿斯顿阿德阿斯顿阿斯顿反帝反封建"},"message":"请求成功"}
2026-06-15 21:37:36.168  INFO 6444 --- [http-nio-8080-exec-1] (379344371176312832) org.example.filter.RequestLogFilter      : 请求URL: "/api/user/info" (OPTIONS) | 远程IP地址: 0:0:0:0:0:0:0:1 │ 身份: 未验证 | 请求参数列表: {}
2026-06-15 21:37:36.170  INFO 6444 --- [http-nio-8080-exec-1] (379344371176312832) org.example.filter.RequestLogFilter      : 请求处理耗时: 2ms | 响应结果: {"code":401,"data":null,"message":"Full authentication is required to access this resource"}
2026-06-15 21:37:36.177  INFO 6444 --- [http-nio-8080-exec-2] (379344371214061568) org.example.filter.RequestLogFilter      : 请求URL: "/api/user/info" (GET) | 远程IP地址: 0:0:0:0:0:0:0:1 │ 身份: admin (UID: 4) | 角色: [ROLE_user] | 请求参数列表: {}
2026-06-15 21:37:36.180  INFO 6444 --- [http-nio-8080-exec-2] (379344371214061568) org.example.filter.RequestLogFilter      : 请求处理耗时: 3ms | 响应结果: {"code":200,"data":{"username":"admin","email":"1430220206@qq.com","role":"user","avatar":null,"registerTime":"2026-06-15T13:27:10.000+00:00"},"message":"请求成功"}
2026-06-15 21:37:36.257  INFO 6444 --- [http-nio-8080-exec-7] (379344371549605888) org.example.filter.RequestLogFilter      : 请求URL: "/api/user/details" (OPTIONS) | 远程IP地址: 0:0:0:0:0:0:0:1 │ 身份: 未验证 | 请求参数列表: {}
2026-06-15 21:37:36.259  INFO 6444 --- [http-nio-8080-exec-7] (379344371549605888) org.example.filter.RequestLogFilter      : 请求处理耗时: 2ms | 响应结果: {"code":401,"data":null,"message":"Full authentication is required to access this resource"}
2026-06-15 21:37:36.265  INFO 6444 --- [http-nio-8080-exec-3] (379344371583160320) org.example.filter.RequestLogFilter      : 请求URL: "/api/user/details" (GET) | 远程IP地址: 0:0:0:0:0:0:0:1 │ 身份: admin (UID: 4) | 角色: [ROLE_user] | 请求参数列表: {}
2026-06-15 21:37:36.267  INFO 6444 --- [http-nio-8080-exec-3] (379344371583160320) org.example.filter.RequestLogFilter      : 请求处理耗时: 2ms | 响应结果: {"code":200,"data":{"gender":0,"phone":"18764567279","qq":"1430220206","wx":"Furina","desc":"晨雾漫过荒坡碎草轻摇浮尘乱舞流云散漫掠过矮枝碎石错落随风打转细影飘忽漫向远空零星草木随风轻晃虚影游走四处飘散啊阿斯顿阿斯顿阿德阿斯顿阿斯顿反帝反封建"},"message":"请求成功"}
2026-06-15 21:41:04.939  INFO 6444 --- [http-nio-8080-exec-4] (379345246825353216) org.example.filter.RequestLogFilter      : 请求URL: "/api/user/info" (OPTIONS) | 远程IP地址: 0:0:0:0:0:0:0:1 │ 身份: 未验证 | 请求参数列表: {}
2026-06-15 21:41:04.942  INFO 6444 --- [http-nio-8080-exec-4] (379345246825353216) org.example.filter.RequestLogFilter      : 请求处理耗时: 2ms | 响应结果: {"code":401,"data":null,"message":"Full authentication is required to access this resource"}
2026-06-15 21:41:04.953  INFO 6444 --- [http-nio-8080-exec-6] (379345246884073472) org.example.filter.RequestLogFilter      : 请求URL: "/api/user/info" (GET) | 远程IP地址: 0:0:0:0:0:0:0:1 │ 身份: admin (UID: 4) | 角色: [ROLE_user] | 请求参数列表: {}
2026-06-15 21:41:04.957  INFO 6444 --- [http-nio-8080-exec-6] (379345246884073472) org.example.filter.RequestLogFilter      : 请求处理耗时: 4ms | 响应结果: {"code":200,"data":{"username":"admin","email":"1430220206@qq.com","role":"user","avatar":null,"registerTime":"2026-06-15T13:27:10.000+00:00"},"message":"请求成功"}
2026-06-15 21:41:05.045  INFO 6444 --- [http-nio-8080-exec-9] (379345247269949440) org.example.filter.RequestLogFilter      : 请求URL: "/api/user/details" (OPTIONS) | 远程IP地址: 0:0:0:0:0:0:0:1 │ 身份: 未验证 | 请求参数列表: {}
2026-06-15 21:41:05.046  INFO 6444 --- [http-nio-8080-exec-9] (379345247269949440) org.example.filter.RequestLogFilter      : 请求处理耗时: 1ms | 响应结果: {"code":401,"data":null,"message":"Full authentication is required to access this resource"}
2026-06-15 21:41:05.057  INFO 6444 --- [http-nio-8080-exec-10] (379345247320281088) org.example.filter.RequestLogFilter      : 请求URL: "/api/user/details" (GET) | 远程IP地址: 0:0:0:0:0:0:0:1 │ 身份: admin (UID: 4) | 角色: [ROLE_user] | 请求参数列表: {}
2026-06-15 21:41:05.065  INFO 6444 --- [http-nio-8080-exec-10] (379345247320281088) org.example.filter.RequestLogFilter      : 请求处理耗时: 8ms | 响应结果: {"code":200,"data":{"gender":0,"phone":"18764567279","qq":"1430220206","wx":"Furina","desc":"晨雾漫过荒坡碎草轻摇浮尘乱舞流云散漫掠过矮枝碎石错落随风打转细影飘忽漫向远空零星草木随风轻晃虚影游走四处飘散啊阿斯顿阿斯顿阿德阿斯顿阿斯顿反帝反封建"},"message":"请求成功"}
2026-06-15 21:43:04.910  INFO 6444 --- [http-nio-8080-exec-1] (379345750020198400) org.example.filter.RequestLogFilter      : 请求URL: "/api/user/info" (OPTIONS) | 远程IP地址: 0:0:0:0:0:0:0:1 │ 身份: 未验证 | 请求参数列表: {}
2026-06-15 21:43:04.912  INFO 6444 --- [http-nio-8080-exec-1] (379345750020198400) org.example.filter.RequestLogFilter      : 请求处理耗时: 2ms | 响应结果: {"code":401,"data":null,"message":"Full authentication is required to access this resource"}
2026-06-15 21:43:04.921  INFO 6444 --- [http-nio-8080-exec-2] (379345750066335744) org.example.filter.RequestLogFilter      : 请求URL: "/api/user/info" (GET) | 远程IP地址: 0:0:0:0:0:0:0:1 │ 身份: admin (UID: 4) | 角色: [ROLE_user] | 请求参数列表: {}
2026-06-15 21:43:04.926  INFO 6444 --- [http-nio-8080-exec-2] (379345750066335744) org.example.filter.RequestLogFilter      : 请求处理耗时: 5ms | 响应结果: {"code":200,"data":{"username":"admin","email":"1430220206@qq.com","role":"user","avatar":null,"registerTime":"2026-06-15T13:27:10.000+00:00"},"message":"请求成功"}
2026-06-15 21:43:05.074  INFO 6444 --- [http-nio-8080-exec-7] (379345750708064256) org.example.filter.RequestLogFilter      : 请求URL: "/api/user/details" (OPTIONS) | 远程IP地址: 0:0:0:0:0:0:0:1 │ 身份: 未验证 | 请求参数列表: {}
2026-06-15 21:43:05.075  INFO 6444 --- [http-nio-8080-exec-7] (379345750708064256) org.example.filter.RequestLogFilter      : 请求处理耗时: 1ms | 响应结果: {"code":401,"data":null,"message":"Full authentication is required to access this resource"}
2026-06-15 21:43:05.083  INFO 6444 --- [http-nio-8080-exec-3] (379345750745812992) org.example.filter.RequestLogFilter      : 请求URL: "/api/user/details" (GET) | 远程IP地址: 0:0:0:0:0:0:0:1 │ 身份: admin (UID: 4) | 角色: [ROLE_user] | 请求参数列表: {}
2026-06-15 21:43:05.087  INFO 6444 --- [http-nio-8080-exec-3] (379345750745812992) org.example.filter.RequestLogFilter      : 请求处理耗时: 4ms | 响应结果: {"code":200,"data":{"gender":0,"phone":"18764567279","qq":"1430220206","wx":"Furina","desc":"晨雾漫过荒坡碎草轻摇浮尘乱舞流云散漫掠过矮枝碎石错落随风打转细影飘忽漫向远空零星草木随风轻晃虚影游走四处飘散啊阿斯顿阿斯顿阿德阿斯顿阿斯顿反帝反封建"},"message":"请求成功"}
2026-06-15 21:43:59.387  INFO 6444 --- [http-nio-8080-exec-4] (379345978513297408) org.example.filter.RequestLogFilter      : 请求URL: "/api/user/info" (OPTIONS) | 远程IP地址: 0:0:0:0:0:0:0:1 │ 身份: 未验证 | 请求参数列表: {}
2026-06-15 21:43:59.387  INFO 6444 --- [http-nio-8080-exec-4] (379345978513297408) org.example.filter.RequestLogFilter      : 请求处理耗时: 0ms | 响应结果: {"code":401,"data":null,"message":"Full authentication is required to access this resource"}
2026-06-15 21:43:59.394  INFO 6444 --- [http-nio-8080-exec-6] (379345978542657536) org.example.filter.RequestLogFilter      : 请求URL: "/api/user/info" (GET) | 远程IP地址: 0:0:0:0:0:0:0:1 │ 身份: admin (UID: 4) | 角色: [ROLE_user] | 请求参数列表: {}
2026-06-15 21:43:59.397  INFO 6444 --- [http-nio-8080-exec-6] (379345978542657536) org.example.filter.RequestLogFilter      : 请求处理耗时: 3ms | 响应结果: {"code":200,"data":{"username":"admin","email":"1430220206@qq.com","role":"user","avatar":null,"registerTime":"2026-06-15T13:27:10.000+00:00"},"message":"请求成功"}
2026-06-15 21:43:59.448  INFO 6444 --- [http-nio-8080-exec-9] (379345978769149952) org.example.filter.RequestLogFilter      : 请求URL: "/api/user/details" (OPTIONS) | 远程IP地址: 0:0:0:0:0:0:0:1 │ 身份: 未验证 | 请求参数列表: {}
2026-06-15 21:43:59.448  INFO 6444 --- [http-nio-8080-exec-9] (379345978769149952) org.example.filter.RequestLogFilter      : 请求处理耗时: 0ms | 响应结果: {"code":401,"data":null,"message":"Full authentication is required to access this resource"}
2026-06-15 21:43:59.454  INFO 6444 --- [http-nio-8080-exec-10] (379345978794315776) org.example.filter.RequestLogFilter      : 请求URL: "/api/user/details" (GET) | 远程IP地址: 0:0:0:0:0:0:0:1 │ 身份: admin (UID: 4) | 角色: [ROLE_user] | 请求参数列表: {}
2026-06-15 21:43:59.457  INFO 6444 --- [http-nio-8080-exec-10] (379345978794315776) org.example.filter.RequestLogFilter      : 请求处理耗时: 3ms | 响应结果: {"code":200,"data":{"gender":0,"phone":"18764567279","qq":"1430220206","wx":"Furina","desc":"晨雾漫过荒坡碎草轻摇浮尘乱舞流云散漫掠过矮枝碎石错落随风打转细影飘忽漫向远空零星草木随风轻晃虚影游走四处飘散啊阿斯顿阿斯顿阿德阿斯顿阿斯顿反帝反封建"},"message":"请求成功"}
2026-06-15 21:44:38.802  INFO 6444 --- [http-nio-8080-exec-1] (379346143831789568) org.example.filter.RequestLogFilter      : 请求URL: "/api/user/info" (OPTIONS) | 远程IP地址: 0:0:0:0:0:0:0:1 │ 身份: 未验证 | 请求参数列表: {}
2026-06-15 21:44:38.803  INFO 6444 --- [http-nio-8080-exec-1] (379346143831789568) org.example.filter.RequestLogFilter      : 请求处理耗时: 1ms | 响应结果: {"code":401,"data":null,"message":"Full authentication is required to access this resource"}
2026-06-15 21:44:38.813  INFO 6444 --- [http-nio-8080-exec-2] (379346143877926912) org.example.filter.RequestLogFilter      : 请求URL: "/api/user/info" (GET) | 远程IP地址: 0:0:0:0:0:0:0:1 │ 身份: admin (UID: 4) | 角色: [ROLE_user] | 请求参数列表: {}
2026-06-15 21:44:38.816  INFO 6444 --- [http-nio-8080-exec-2] (379346143877926912) org.example.filter.RequestLogFilter      : 请求处理耗时: 3ms | 响应结果: {"code":200,"data":{"username":"admin","email":"1430220206@qq.com","role":"user","avatar":null,"registerTime":"2026-06-15T13:27:10.000+00:00"},"message":"请求成功"}
2026-06-15 21:44:38.844  INFO 6444 --- [http-nio-8080-exec-7] (379346144007950336) org.example.filter.RequestLogFilter      : 请求URL: "/api/user/details" (OPTIONS) | 远程IP地址: 0:0:0:0:0:0:0:1 │ 身份: 未验证 | 请求参数列表: {}
2026-06-15 21:44:38.845  INFO 6444 --- [http-nio-8080-exec-7] (379346144007950336) org.example.filter.RequestLogFilter      : 请求处理耗时: 1ms | 响应结果: {"code":401,"data":null,"message":"Full authentication is required to access this resource"}
2026-06-15 21:44:38.851  INFO 6444 --- [http-nio-8080-exec-3] (379346144033116160) org.example.filter.RequestLogFilter      : 请求URL: "/api/user/details" (GET) | 远程IP地址: 0:0:0:0:0:0:0:1 │ 身份: admin (UID: 4) | 角色: [ROLE_user] | 请求参数列表: {}
2026-06-15 21:44:38.853  INFO 6444 --- [http-nio-8080-exec-3] (379346144033116160) org.example.filter.RequestLogFilter      : 请求处理耗时: 3ms | 响应结果: {"code":200,"data":{"gender":0,"phone":"18764567279","qq":"1430220206","wx":"Furina","desc":"晨雾漫过荒坡碎草轻摇浮尘乱舞流云散漫掠过矮枝碎石错落随风打转细影飘忽漫向远空零星草木随风轻晃虚影游走四处飘散啊阿斯顿阿斯顿阿德阿斯顿阿斯顿反帝反封建"},"message":"请求成功"}
2026-06-15 21:44:39.481  INFO 6444 --- [http-nio-8080-exec-5] (379346146679721984) org.example.filter.RequestLogFilter      : 请求URL: "/api/user/info" (GET) | 远程IP地址: 0:0:0:0:0:0:0:1 │ 身份: admin (UID: 4) | 角色: [ROLE_user] | 请求参数列表: {}
2026-06-15 21:44:39.486  INFO 6444 --- [http-nio-8080-exec-5] (379346146679721984) org.example.filter.RequestLogFilter      : 请求处理耗时: 5ms | 响应结果: {"code":200,"data":{"username":"admin","email":"1430220206@qq.com","role":"user","avatar":null,"registerTime":"2026-06-15T13:27:10.000+00:00"},"message":"请求成功"}
2026-06-15 21:44:39.515  INFO 6444 --- [http-nio-8080-exec-4] (379346146818134016) org.example.filter.RequestLogFilter      : 请求URL: "/api/user/details" (GET) | 远程IP地址: 0:0:0:0:0:0:0:1 │ 身份: admin (UID: 4) | 角色: [ROLE_user] | 请求参数列表: {}
2026-06-15 21:44:39.518  INFO 6444 --- [http-nio-8080-exec-4] (379346146818134016) org.example.filter.RequestLogFilter      : 请求处理耗时: 3ms | 响应结果: {"code":200,"data":{"gender":0,"phone":"18764567279","qq":"1430220206","wx":"Furina","desc":"晨雾漫过荒坡碎草轻摇浮尘乱舞流云散漫掠过矮枝碎石错落随风打转细影飘忽漫向远空零星草木随风轻晃虚影游走四处飘散啊阿斯顿阿斯顿阿德阿斯顿阿斯顿反帝反封建"},"message":"请求成功"}
2026-06-15 21:44:41.848  INFO 6444 --- [http-nio-8080-exec-6] (379346156607639552) org.example.filter.RequestLogFilter      : 请求URL: "/api/user/info" (GET) | 远程IP地址: 0:0:0:0:0:0:0:1 │ 身份: admin (UID: 4) | 角色: [ROLE_user] | 请求参数列表: {}
2026-06-15 21:44:41.851  INFO 6444 --- [http-nio-8080-exec-6] (379346156607639552) org.example.filter.RequestLogFilter      : 请求处理耗时: 3ms | 响应结果: {"code":200,"data":{"username":"admin","email":"1430220206@qq.com","role":"user","avatar":null,"registerTime":"2026-06-15T13:27:10.000+00:00"},"message":"请求成功"}
2026-06-15 21:44:43.744  INFO 6444 --- [http-nio-8080-exec-9] (379346164560039936) org.example.filter.RequestLogFilter      : 请求URL: "/api/user/details" (GET) | 远程IP地址: 0:0:0:0:0:0:0:1 │ 身份: admin (UID: 4) | 角色: [ROLE_user] | 请求参数列表: {}
2026-06-15 21:44:43.746  INFO 6444 --- [http-nio-8080-exec-9] (379346164560039936) org.example.filter.RequestLogFilter      : 请求处理耗时: 2ms | 响应结果: {"code":200,"data":{"gender":0,"phone":"18764567279","qq":"1430220206","wx":"Furina","desc":"晨雾漫过荒坡碎草轻摇浮尘乱舞流云散漫掠过矮枝碎石错落随风打转细影飘忽漫向远空零星草木随风轻晃虚影游走四处飘散啊阿斯顿阿斯顿阿德阿斯顿阿斯顿反帝反封建"},"message":"请求成功"}
2026-06-15 21:44:53.419  INFO 6444 --- [http-nio-8080-exec-10] (379346205139931136) org.example.filter.RequestLogFilter      : 请求URL: "/api/auth/logout" (OPTIONS) | 远程IP地址: 0:0:0:0:0:0:0:1 │ 身份: 未验证 | 请求参数列表: {}
2026-06-15 21:44:53.421  INFO 6444 --- [http-nio-8080-exec-10] (379346205139931136) org.example.filter.RequestLogFilter      : 请求处理耗时: 2ms | 响应结果: 
2026-06-15 21:44:55.977  INFO 6444 --- [http-nio-8080-exec-1] (379346215868960768) org.example.filter.RequestLogFilter      : 请求URL: "/api/auth/login" (POST) | 远程IP地址: 0:0:0:0:0:0:0:1 │ 身份: 未验证 | 请求参数列表: {"username":"admin","password":"123456"}
2026-06-15 21:44:56.061  INFO 6444 --- [http-nio-8080-exec-1] (379346215868960768) org.example.filter.RequestLogFilter      : 请求处理耗时: 84ms | 响应结果: {"code":200,"data":{"expireTime":"2026-06-18 21:44:56.061","role":"user","token":"eyJ0eXAiOiJKV1QiLCJhbGciOiJIUzI1NiJ9.eyJuYW1lIjoiYWRtaW4iLCJpZCI6NCwiZXhwIjoxNzgxNzkwMjk2LCJpYXQiOjE3ODE1MzEwOTYsImp0aSI6IjEwZDczNGFmLTMyM2MtNGYyOS05Zjk2LTkyMDRmODY3MDVhZiIsImF1dGhvcml0aWVzIjpbIlJPTEVfdXNlciJdfQ.mQWSpOVEGymd3WUQojOh9fVakzglkTqb_L87gLEbbSg","username":"admin"},"message":"请求成功"}
2026-06-15 21:44:56.088  INFO 6444 --- [http-nio-8080-exec-2] (379346216334528512) org.example.filter.RequestLogFilter      : 请求URL: "/api/user/info" (OPTIONS) | 远程IP地址: 0:0:0:0:0:0:0:1 │ 身份: 未验证 | 请求参数列表: {}
2026-06-15 21:44:56.089  INFO 6444 --- [http-nio-8080-exec-2] (379346216334528512) org.example.filter.RequestLogFilter      : 请求处理耗时: 1ms | 响应结果: {"code":401,"data":null,"message":"Full authentication is required to access this resource"}
2026-06-15 21:44:56.096  INFO 6444 --- [http-nio-8080-exec-7] (379346216363888640) org.example.filter.RequestLogFilter      : 请求URL: "/api/user/info" (GET) | 远程IP地址: 0:0:0:0:0:0:0:1 │ 身份: admin (UID: 4) | 角色: [ROLE_user] | 请求参数列表: {}
2026-06-15 21:44:56.100  INFO 6444 --- [http-nio-8080-exec-7] (379346216363888640) org.example.filter.RequestLogFilter      : 请求处理耗时: 5ms | 响应结果: {"code":200,"data":{"username":"admin","email":"1430220206@qq.com","role":"user","avatar":null,"registerTime":"2026-06-15T13:27:10.000+00:00"},"message":"请求成功"}
2026-06-15 21:44:57.528  INFO 6444 --- [http-nio-8080-exec-3] (379346222374326272) org.example.filter.RequestLogFilter      : 请求URL: "/api/user/privacy" (OPTIONS) | 远程IP地址: 0:0:0:0:0:0:0:1 │ 身份: 未验证 | 请求参数列表: {}
2026-06-15 21:44:57.529  INFO 6444 --- [http-nio-8080-exec-3] (379346222374326272) org.example.filter.RequestLogFilter      : 请求处理耗时: 1ms | 响应结果: {"code":401,"data":null,"message":"Full authentication is required to access this resource"}
2026-06-15 21:44:57.536  INFO 6444 --- [http-nio-8080-exec-5] (379346222407880704) org.example.filter.RequestLogFilter      : 请求URL: "/api/user/privacy" (GET) | 远程IP地址: 0:0:0:0:0:0:0:1 │ 身份: admin (UID: 4) | 角色: [ROLE_user] | 请求参数列表: {}
2026-06-15 21:44:57.539  INFO 6444 --- [http-nio-8080-exec-5] (379346222407880704) org.example.filter.RequestLogFilter      : 请求处理耗时: 3ms | 响应结果: {"code":200,"data":{"phone":false,"email":false,"wx":false,"qq":false,"gender":false},"message":"请求成功"}
2026-06-15 21:44:58.379  INFO 6444 --- [http-nio-8080-exec-4] (379346225943678976) org.example.filter.RequestLogFilter      : 请求URL: "/api/user/details" (OPTIONS) | 远程IP地址: 0:0:0:0:0:0:0:1 │ 身份: 未验证 | 请求参数列表: {}
2026-06-15 21:44:58.380  INFO 6444 --- [http-nio-8080-exec-4] (379346225943678976) org.example.filter.RequestLogFilter      : 请求处理耗时: 1ms | 响应结果: {"code":401,"data":null,"message":"Full authentication is required to access this resource"}
2026-06-15 21:44:58.387  INFO 6444 --- [http-nio-8080-exec-6] (379346225977233408) org.example.filter.RequestLogFilter      : 请求URL: "/api/user/details" (GET) | 远程IP地址: 0:0:0:0:0:0:0:1 │ 身份: admin (UID: 4) | 角色: [ROLE_user] | 请求参数列表: {}
2026-06-15 21:44:58.390  INFO 6444 --- [http-nio-8080-exec-6] (379346225977233408) org.example.filter.RequestLogFilter      : 请求处理耗时: 3ms | 响应结果: {"code":200,"data":{"gender":0,"phone":"18764567279","qq":"1430220206","wx":"Furina","desc":"晨雾漫过荒坡碎草轻摇浮尘乱舞流云散漫掠过矮枝碎石错落随风打转细影飘忽漫向远空零星草木随风轻晃虚影游走四处飘散啊阿斯顿阿斯顿阿德阿斯顿阿斯顿反帝反封建"},"message":"请求成功"}
2026-06-15 21:45:54.459  INFO 6444 --- [http-nio-8080-exec-10] (379346461160247296) org.example.filter.RequestLogFilter      : 请求URL: "/api/user/info" (OPTIONS) | 远程IP地址: 0:0:0:0:0:0:0:1 │ 身份: 未验证 | 请求参数列表: {}
2026-06-15 21:45:54.460  INFO 6444 --- [http-nio-8080-exec-10] (379346461160247296) org.example.filter.RequestLogFilter      : 请求处理耗时: 1ms | 响应结果: {"code":401,"data":null,"message":"Full authentication is required to access this resource"}
2026-06-15 21:45:54.468  INFO 6444 --- [http-nio-8080-exec-8] (379346461197996032) org.example.filter.RequestLogFilter      : 请求URL: "/api/user/info" (GET) | 远程IP地址: 0:0:0:0:0:0:0:1 │ 身份: admin (UID: 4) | 角色: [ROLE_user] | 请求参数列表: {}
2026-06-15 21:45:54.472  INFO 6444 --- [http-nio-8080-exec-8] (379346461197996032) org.example.filter.RequestLogFilter      : 请求处理耗时: 4ms | 响应结果: {"code":200,"data":{"username":"admin","email":"1430220206@qq.com","role":"user","avatar":null,"registerTime":"2026-06-15T13:27:10.000+00:00"},"message":"请求成功"}
2026-06-15 21:45:54.503  INFO 6444 --- [http-nio-8080-exec-1] (379346461344796672) org.example.filter.RequestLogFilter      : 请求URL: "/api/user/details" (OPTIONS) | 远程IP地址: 0:0:0:0:0:0:0:1 │ 身份: 未验证 | 请求参数列表: {}
2026-06-15 21:45:54.504  INFO 6444 --- [http-nio-8080-exec-1] (379346461344796672) org.example.filter.RequestLogFilter      : 请求处理耗时: 1ms | 响应结果: {"code":401,"data":null,"message":"Full authentication is required to access this resource"}
2026-06-15 21:45:54.511  INFO 6444 --- [http-nio-8080-exec-2] (379346461378351104) org.example.filter.RequestLogFilter      : 请求URL: "/api/user/details" (GET) | 远程IP地址: 0:0:0:0:0:0:0:1 │ 身份: admin (UID: 4) | 角色: [ROLE_user] | 请求参数列表: {}
2026-06-15 21:45:54.517  INFO 6444 --- [http-nio-8080-exec-2] (379346461378351104) org.example.filter.RequestLogFilter      : 请求处理耗时: 6ms | 响应结果: {"code":200,"data":{"gender":0,"phone":"18764567279","qq":"1430220206","wx":"Furina","desc":"晨雾漫过荒坡碎草轻摇浮尘乱舞流云散漫掠过矮枝碎石错落随风打转细影飘忽漫向远空零星草木随风轻晃虚影游走四处飘散啊阿斯顿阿斯顿阿德阿斯顿阿斯顿反帝反封建"},"message":"请求成功"}
2026-06-15 21:45:56.667  INFO 6444 --- [http-nio-8080-exec-7] (379346470421270528) org.example.filter.RequestLogFilter      : 请求URL: "/api/user/privacy" (OPTIONS) | 远程IP地址: 0:0:0:0:0:0:0:1 │ 身份: 未验证 | 请求参数列表: {}
2026-06-15 21:45:56.667  INFO 6444 --- [http-nio-8080-exec-7] (379346470421270528) org.example.filter.RequestLogFilter      : 请求处理耗时: 0ms | 响应结果: {"code":401,"data":null,"message":"Full authentication is required to access this resource"}
2026-06-15 21:45:56.679  INFO 6444 --- [http-nio-8080-exec-3] (379346470471602176) org.example.filter.RequestLogFilter      : 请求URL: "/api/user/privacy" (GET) | 远程IP地址: 0:0:0:0:0:0:0:1 │ 身份: admin (UID: 4) | 角色: [ROLE_user] | 请求参数列表: {}
2026-06-15 21:45:56.682  INFO 6444 --- [http-nio-8080-exec-3] (379346470471602176) org.example.filter.RequestLogFilter      : 请求处理耗时: 3ms | 响应结果: {"code":200,"data":{"phone":false,"email":false,"wx":false,"qq":false,"gender":false},"message":"请求成功"}
2026-06-15 21:45:57.355  INFO 6444 --- [http-nio-8080-exec-5] (379346473306951680) org.example.filter.RequestLogFilter      : 请求URL: "/api/user/details" (GET) | 远程IP地址: 0:0:0:0:0:0:0:1 │ 身份: admin (UID: 4) | 角色: [ROLE_user] | 请求参数列表: {}
2026-06-15 21:45:57.359  INFO 6444 --- [http-nio-8080-exec-5] (379346473306951680) org.example.filter.RequestLogFilter      : 请求处理耗时: 4ms | 响应结果: {"code":200,"data":{"gender":0,"phone":"18764567279","qq":"1430220206","wx":"Furina","desc":"晨雾漫过荒坡碎草轻摇浮尘乱舞流云散漫掠过矮枝碎石错落随风打转细影飘忽漫向远空零星草木随风轻晃虚影游走四处飘散啊阿斯顿阿斯顿阿德阿斯顿阿斯顿反帝反封建"},"message":"请求成功"}
2026-06-15 21:48:16.652  INFO 6444 --- [org.springframework.amqp.rabbit.RabbitListenerEndpointContainer#0-2] (system) o.s.a.r.l.SimpleMessageListenerContainer : Waiting for workers to finish.
2026-06-15 21:48:16.772  INFO 6444 --- [org.springframework.amqp.rabbit.RabbitListenerEndpointContainer#0-2] (system) o.s.a.r.l.SimpleMessageListenerContainer : Successfully waited for workers to finish.
2026-06-15 21:48:16.803  INFO 6444 --- [SpringApplicationShutdownHook] (system) com.zaxxer.hikari.HikariDataSource       : HikariPool-1 - Shutdown initiated...
2026-06-15 21:48:16.813  INFO 6444 --- [SpringApplicationShutdownHook] (system) com.zaxxer.hikari.HikariDataSource       : HikariPool-1 - Shutdown completed.
2026-06-15 21:48:19.328  INFO 23304 --- [main] (system) o.example.MyProjectBackendApplication    : Starting MyProjectBackendApplication using Java 17.0.8 with PID 23304 (C:\Users\14302\IdeaProjects\my-project\my-project-backend\target\classes started by 14302 in C:\Users\14302\IdeaProjects\my-project)
2026-06-15 21:48:19.330  INFO 23304 --- [main] (system) o.example.MyProjectBackendApplication    : The following 1 profile is active: "dev"
2026-06-15 21:48:20.135  INFO 23304 --- [main] (system) .s.d.r.c.RepositoryConfigurationDelegate : Multiple Spring Data modules found, entering strict repository configuration mode
2026-06-15 21:48:20.138  INFO 23304 --- [main] (system) .s.d.r.c.RepositoryConfigurationDelegate : Bootstrapping Spring Data Redis repositories in DEFAULT mode.
2026-06-15 21:48:20.165  INFO 23304 --- [main] (system) .s.d.r.c.RepositoryConfigurationDelegate : Finished Spring Data repository scanning in 13 ms. Found 0 Redis repository interfaces.
2026-06-15 21:48:20.733  INFO 23304 --- [main] (system) o.s.b.w.embedded.tomcat.TomcatWebServer  : Tomcat initialized with port(s): 8080 (http)
2026-06-15 21:48:20.740  INFO 23304 --- [main] (system) o.apache.catalina.core.StandardService   : Starting service [Tomcat]
2026-06-15 21:48:20.740  INFO 23304 --- [main] (system) o.apache.catalina.core.StandardEngine    : Starting Servlet engine: [Apache Tomcat/10.1.11]
2026-06-15 21:48:20.828  INFO 23304 --- [main] (system) o.a.c.c.C.[Tomcat].[localhost].[/]       : Initializing Spring embedded WebApplicationContext
2026-06-15 21:48:20.828  INFO 23304 --- [main] (system) w.s.c.ServletWebServerApplicationContext : Root WebApplicationContext: initialization completed in 1462 ms
2026-06-15 21:48:21.816  INFO 23304 --- [main] (system) org.example.config.MinioConfiguration    : Init minio client...
2026-06-15 21:48:22.556  INFO 23304 --- [main] (system) o.s.s.web.DefaultSecurityFilterChain     : Will secure any request with [org.springframework.security.web.session.DisableEncodeUrlFilter@1e66bf2d, org.springframework.security.web.context.request.async.WebAsyncManagerIntegrationFilter@7112fa5, org.springframework.security.web.context.SecurityContextHolderFilter@3093b9ff, org.springframework.security.web.header.HeaderWriterFilter@56fa0ef, org.springframework.security.web.authentication.logout.LogoutFilter@7cd3860, org.example.filter.JwtAuthenticationFilter@1f60824e, org.example.filter.RequestLogFilter@27dfd12b, org.springframework.security.web.authentication.UsernamePasswordAuthenticationFilter@671f545b, org.springframework.security.web.savedrequest.RequestCacheAwareFilter@379b4e86, org.springframework.security.web.servletapi.SecurityContextHolderAwareRequestFilter@62410e1f, org.springframework.security.web.authentication.AnonymousAuthenticationFilter@342dc040, org.springframework.security.web.session.SessionManagementFilter@62ee1c89, org.springframework.security.web.access.ExceptionTranslationFilter@3211cc84, org.springframework.security.web.access.intercept.AuthorizationFilter@87fc0fc]
2026-06-15 21:48:23.082  WARN 23304 --- [main] (system) ocalVariableTableParameterNameDiscoverer : Using deprecated '-debug' fallback for parameter name resolution. Compile the affected code with '-parameters' instead or avoid its introspection: org.springframework.amqp.rabbit.core.RabbitAdmin
2026-06-15 21:48:23.168  INFO 23304 --- [main] (system) o.s.b.w.embedded.tomcat.TomcatWebServer  : Tomcat started on port(s): 8080 (http) with context path ''
2026-06-15 21:48:23.173  INFO 23304 --- [main] (system) o.s.a.r.c.CachingConnectionFactory       : Attempting to connect to: [localhost:5672]
2026-06-15 21:48:23.226  INFO 23304 --- [main] (system) o.s.a.r.c.CachingConnectionFactory       : Created new connection: rabbitConnectionFactory#1186374c:0/SimpleConnection@39a9becc [delegate=amqp://guest@127.0.0.1:5672/, localPort=63670]
2026-06-15 21:48:23.281  INFO 23304 --- [main] (system) o.example.MyProjectBackendApplication    : Started MyProjectBackendApplication in 4.381 seconds (process running for 4.997)
2026-06-15 21:52:28.756  INFO 23304 --- [http-nio-8080-exec-2] (system) o.a.c.c.C.[Tomcat].[localhost].[/]       : Initializing Spring DispatcherServlet 'dispatcherServlet'
2026-06-15 21:52:28.758  INFO 23304 --- [http-nio-8080-exec-2] (system) o.s.web.servlet.DispatcherServlet        : Initializing Servlet 'dispatcherServlet'
2026-06-15 21:52:28.760  INFO 23304 --- [http-nio-8080-exec-2] (system) o.s.web.servlet.DispatcherServlet        : Completed initialization in 1 ms
2026-06-15 21:52:29.313  INFO 23304 --- [http-nio-8080-exec-2] (379348117285376000) org.example.filter.RequestLogFilter      : 请求URL: "/api/user/info" (OPTIONS) | 远程IP地址: 0:0:0:0:0:0:0:1 │ 身份: 未验证 | 请求参数列表: {}
2026-06-15 21:52:29.469  INFO 23304 --- [http-nio-8080-exec-2] (379348117285376000) org.example.filter.RequestLogFilter      : 请求处理耗时: 159ms | 响应结果: {"code":401,"data":null,"message":"Full authentication is required to access this resource"}
2026-06-15 21:52:29.597  INFO 23304 --- [http-nio-8080-exec-1] (system) com.zaxxer.hikari.HikariDataSource       : HikariPool-1 - Starting...
2026-06-15 21:52:29.850  INFO 23304 --- [http-nio-8080-exec-1] (system) com.zaxxer.hikari.pool.HikariPool        : HikariPool-1 - Added connection com.mysql.cj.jdbc.ConnectionImpl@f683bde
2026-06-15 21:52:29.852  INFO 23304 --- [http-nio-8080-exec-1] (system) com.zaxxer.hikari.HikariDataSource       : HikariPool-1 - Start completed.
2026-06-15 21:52:29.902  INFO 23304 --- [http-nio-8080-exec-1] (379348119764209664) org.example.filter.RequestLogFilter      : 请求URL: "/api/user/info" (GET) | 远程IP地址: 0:0:0:0:0:0:0:1 │ 身份: admin (UID: 4) | 角色: [ROLE_user] | 请求参数列表: {}
2026-06-15 21:52:29.994  INFO 23304 --- [http-nio-8080-exec-1] (379348119764209664) org.example.filter.RequestLogFilter      : 请求处理耗时: 93ms | 响应结果: {"code":200,"data":{"username":"admin","email":"1430220206@qq.com","role":"user","avatar":null,"registerTime":"2026-06-15T13:27:10.000+00:00"},"message":"请求成功"}
2026-06-15 21:52:30.034  INFO 23304 --- [http-nio-8080-exec-3] (379348120322052096) org.example.filter.RequestLogFilter      : 请求URL: "/api/user/details" (OPTIONS) | 远程IP地址: 0:0:0:0:0:0:0:1 │ 身份: 未验证 | 请求参数列表: {}
2026-06-15 21:52:30.038  INFO 23304 --- [http-nio-8080-exec-3] (379348120322052096) org.example.filter.RequestLogFilter      : 请求处理耗时: 4ms | 响应结果: {"code":401,"data":null,"message":"Full authentication is required to access this resource"}
2026-06-15 21:52:30.049  INFO 23304 --- [http-nio-8080-exec-4] (379348120384966656) org.example.filter.RequestLogFilter      : 请求URL: "/api/user/details" (GET) | 远程IP地址: 0:0:0:0:0:0:0:1 │ 身份: admin (UID: 4) | 角色: [ROLE_user] | 请求参数列表: {}
2026-06-15 21:52:30.058  INFO 23304 --- [http-nio-8080-exec-4] (379348120384966656) org.example.filter.RequestLogFilter      : 请求处理耗时: 9ms | 响应结果: {"code":200,"data":{"gender":0,"phone":"18764567279","qq":"1430220206","wx":"Furina","desc":"晨雾漫过荒坡碎草轻摇浮尘乱舞流云散漫掠过矮枝碎石错落随风打转细影飘忽漫向远空零星草木随风轻晃虚影游走四处飘散啊阿斯顿阿斯顿阿德阿斯顿阿斯顿反帝反封建"},"message":"请求成功"}
2026-06-15 21:52:35.736  INFO 23304 --- [http-nio-8080-exec-8] (379348144237973504) org.example.filter.RequestLogFilter      : 请求URL: "/api/user/info" (OPTIONS) | 远程IP地址: 0:0:0:0:0:0:0:1 │ 身份: 未验证 | 请求参数列表: {}
2026-06-15 21:52:35.737  INFO 23304 --- [http-nio-8080-exec-8] (379348144237973504) org.example.filter.RequestLogFilter      : 请求处理耗时: 1ms | 响应结果: {"code":401,"data":null,"message":"Full authentication is required to access this resource"}
2026-06-15 21:52:35.746  INFO 23304 --- [http-nio-8080-exec-7] (379348144279916544) org.example.filter.RequestLogFilter      : 请求URL: "/api/user/info" (GET) | 远程IP地址: 0:0:0:0:0:0:0:1 │ 身份: admin (UID: 4) | 角色: [ROLE_user] | 请求参数列表: {}
2026-06-15 21:52:35.751  INFO 23304 --- [http-nio-8080-exec-7] (379348144279916544) org.example.filter.RequestLogFilter      : 请求处理耗时: 5ms | 响应结果: {"code":200,"data":{"username":"admin","email":"1430220206@qq.com","role":"user","avatar":null,"registerTime":"2026-06-15T13:27:10.000+00:00"},"message":"请求成功"}
2026-06-15 21:52:35.777  INFO 23304 --- [http-nio-8080-exec-10] (379348144409939968) org.example.filter.RequestLogFilter      : 请求URL: "/api/user/details" (OPTIONS) | 远程IP地址: 0:0:0:0:0:0:0:1 │ 身份: 未验证 | 请求参数列表: {}
2026-06-15 21:52:35.778  INFO 23304 --- [http-nio-8080-exec-10] (379348144409939968) org.example.filter.RequestLogFilter      : 请求处理耗时: 1ms | 响应结果: {"code":401,"data":null,"message":"Full authentication is required to access this resource"}
2026-06-15 21:52:35.789  INFO 23304 --- [http-nio-8080-exec-9] (379348144460271616) org.example.filter.RequestLogFilter      : 请求URL: "/api/user/details" (GET) | 远程IP地址: 0:0:0:0:0:0:0:1 │ 身份: admin (UID: 4) | 角色: [ROLE_user] | 请求参数列表: {}
2026-06-15 21:52:35.793  INFO 23304 --- [http-nio-8080-exec-9] (379348144460271616) org.example.filter.RequestLogFilter      : 请求处理耗时: 4ms | 响应结果: {"code":200,"data":{"gender":0,"phone":"18764567279","qq":"1430220206","wx":"Furina","desc":"晨雾漫过荒坡碎草轻摇浮尘乱舞流云散漫掠过矮枝碎石错落随风打转细影飘忽漫向远空零星草木随风轻晃虚影游走四处飘散啊阿斯顿阿斯顿阿德阿斯顿阿斯顿反帝反封建"},"message":"请求成功"}
2026-06-15 21:52:47.211  INFO 23304 --- [http-nio-8080-exec-6] (379348192363417600) org.example.filter.RequestLogFilter      : 请求URL: "/api/image/avatar" (OPTIONS) | 远程IP地址: 0:0:0:0:0:0:0:1 │ 身份: 未验证 | 请求参数列表: {}
2026-06-15 21:52:47.213  INFO 23304 --- [http-nio-8080-exec-6] (379348192363417600) org.example.filter.RequestLogFilter      : 请求处理耗时: 3ms | 响应结果: {"code":401,"data":null,"message":"Full authentication is required to access this resource"}
2026-06-15 21:52:47.249  INFO 23304 --- [http-nio-8080-exec-2] (379348192426332160) org.example.filter.RequestLogFilter      : 请求URL: "/api/image/avatar" (POST) | 远程IP地址: 0:0:0:0:0:0:0:1 │ 身份: admin (UID: 4) | 角色: [ROLE_user] | 请求参数列表: {}
2026-06-15 21:52:47.324  INFO 23304 --- [http-nio-8080-exec-2] (379348192426332160) org.example.controller.ImageController   : 正在进行头像上传操作...
2026-06-15 21:52:47.632  INFO 23304 --- [http-nio-8080-exec-2] (379348192426332160) org.example.controller.ImageController   : 头像上传成功,大小: 101262
2026-06-15 21:52:47.634  INFO 23304 --- [http-nio-8080-exec-2] (379348192426332160) org.example.filter.RequestLogFilter      : 请求处理耗时: 409ms | 响应结果: {"code":200,"data":"/avatar/076d3d44f38f4227baf3082a1ad46b20","message":"请求成功"}
2026-06-15 22:00:37.892  INFO 23304 --- [http-nio-8080-exec-3] (379350166546812928) org.example.filter.RequestLogFilter      : 请求URL: "/api/user/info" (OPTIONS) | 远程IP地址: 0:0:0:0:0:0:0:1 │ 身份: 未验证 | 请求参数列表: {}
2026-06-15 22:00:37.893  INFO 23304 --- [http-nio-8080-exec-3] (379350166546812928) org.example.filter.RequestLogFilter      : 请求处理耗时: 1ms | 响应结果: {"code":401,"data":null,"message":"Full authentication is required to access this resource"}
2026-06-15 22:00:37.904  INFO 23304 --- [http-nio-8080-exec-4] (379350166597144576) org.example.filter.RequestLogFilter      : 请求URL: "/api/user/info" (GET) | 远程IP地址: 0:0:0:0:0:0:0:1 │ 身份: admin (UID: 4) | 角色: [ROLE_user] | 请求参数列表: {}
2026-06-15 22:00:37.909  INFO 23304 --- [http-nio-8080-exec-4] (379350166597144576) org.example.filter.RequestLogFilter      : 请求处理耗时: 5ms | 响应结果: {"code":200,"data":{"username":"admin","email":"1430220206@qq.com","role":"user","avatar":"/avatar/076d3d44f38f4227baf3082a1ad46b20","registerTime":"2026-06-15T13:27:10.000+00:00"},"message":"请求成功"}
2026-06-15 22:00:37.968  INFO 23304 --- [http-nio-8080-exec-5] (379350166861385728) org.example.filter.RequestLogFilter      : 请求URL: "/api/user/details" (OPTIONS) | 远程IP地址: 0:0:0:0:0:0:0:1 │ 身份: 未验证 | 请求参数列表: {}
2026-06-15 22:00:37.968  INFO 23304 --- [http-nio-8080-exec-5] (379350166861385728) org.example.filter.RequestLogFilter      : 请求处理耗时: 1ms | 响应结果: {"code":401,"data":null,"message":"Full authentication is required to access this resource"}
2026-06-15 22:00:37.985  INFO 23304 --- [http-nio-8080-exec-8] (379350166936883200) org.example.filter.RequestLogFilter      : 请求URL: "/api/user/details" (GET) | 远程IP地址: 0:0:0:0:0:0:0:1 │ 身份: admin (UID: 4) | 角色: [ROLE_user] | 请求参数列表: {}
2026-06-15 22:00:37.991  INFO 23304 --- [http-nio-8080-exec-8] (379350166936883200) org.example.filter.RequestLogFilter      : 请求处理耗时: 5ms | 响应结果: {"code":200,"data":{"gender":0,"phone":"18764567279","qq":"1430220206","wx":"Furina","desc":"晨雾漫过荒坡碎草轻摇浮尘乱舞流云散漫掠过矮枝碎石错落随风打转细影飘忽漫向远空零星草木随风轻晃虚影游走四处飘散啊阿斯顿阿斯顿阿德阿斯顿阿斯顿反帝反封建"},"message":"请求成功"}
2026-06-15 22:00:38.021  INFO 23304 --- [http-nio-8080-exec-7] (379350167087878144) org.example.filter.RequestLogFilter      : 请求URL: "/images/avatar/076d3d44f38f4227baf3082a1ad46b20" (GET) | 远程IP地址: 0:0:0:0:0:0:0:1 │ 身份: 未验证 | 请求参数列表: {}
2026-06-15 22:00:38.028  INFO 23304 --- [http-nio-8080-exec-7] (379350167087878144) org.example.filter.RequestLogFilter      : 请求处理耗时: 7ms | 响应结果: {"code":401,"data":null,"message":"Full authentication is required to access this resource"}
2026-06-15 22:02:33.762  INFO 23304 --- [org.springframework.amqp.rabbit.RabbitListenerEndpointContainer#0-2] (system) o.s.a.r.l.SimpleMessageListenerContainer : Waiting for workers to finish.
2026-06-15 22:02:34.329  INFO 23304 --- [org.springframework.amqp.rabbit.RabbitListenerEndpointContainer#0-2] (system) o.s.a.r.l.SimpleMessageListenerContainer : Successfully waited for workers to finish.
2026-06-15 22:02:34.415  INFO 23304 --- [SpringApplicationShutdownHook] (system) com.zaxxer.hikari.HikariDataSource       : HikariPool-1 - Shutdown initiated...
2026-06-15 22:02:34.432  INFO 23304 --- [SpringApplicationShutdownHook] (system) com.zaxxer.hikari.HikariDataSource       : HikariPool-1 - Shutdown completed.
2026-06-15 22:02:41.611  INFO 14660 --- [main] (system) o.example.MyProjectBackendApplication    : Starting MyProjectBackendApplication using Java 17.0.8 with PID 14660 (C:\Users\14302\IdeaProjects\my-project\my-project-backend\target\classes started by 14302 in C:\Users\14302\IdeaProjects\my-project)
2026-06-15 22:02:41.614  INFO 14660 --- [main] (system) o.example.MyProjectBackendApplication    : The following 1 profile is active: "dev"
2026-06-15 22:02:42.365  INFO 14660 --- [main] (system) .s.d.r.c.RepositoryConfigurationDelegate : Multiple Spring Data modules found, entering strict repository configuration mode
2026-06-15 22:02:42.371  INFO 14660 --- [main] (system) .s.d.r.c.RepositoryConfigurationDelegate : Bootstrapping Spring Data Redis repositories in DEFAULT mode.
2026-06-15 22:02:42.395  INFO 14660 --- [main] (system) .s.d.r.c.RepositoryConfigurationDelegate : Finished Spring Data repository scanning in 10 ms. Found 0 Redis repository interfaces.
2026-06-15 22:02:43.015  INFO 14660 --- [main] (system) o.s.b.w.embedded.tomcat.TomcatWebServer  : Tomcat initialized with port(s): 8080 (http)
2026-06-15 22:02:43.023  INFO 14660 --- [main] (system) o.apache.catalina.core.StandardService   : Starting service [Tomcat]
2026-06-15 22:02:43.023  INFO 14660 --- [main] (system) o.apache.catalina.core.StandardEngine    : Starting Servlet engine: [Apache Tomcat/10.1.11]
2026-06-15 22:02:43.118  INFO 14660 --- [main] (system) o.a.c.c.C.[Tomcat].[localhost].[/]       : Initializing Spring embedded WebApplicationContext
2026-06-15 22:02:43.118  INFO 14660 --- [main] (system) w.s.c.ServletWebServerApplicationContext : Root WebApplicationContext: initialization completed in 1467 ms
2026-06-15 22:02:44.206  INFO 14660 --- [main] (system) org.example.config.MinioConfiguration    : Init minio client...
2026-06-15 22:02:44.878  INFO 14660 --- [main] (system) o.s.s.web.DefaultSecurityFilterChain     : Will secure any request with [org.springframework.security.web.session.DisableEncodeUrlFilter@1e66bf2d, org.springframework.security.web.context.request.async.WebAsyncManagerIntegrationFilter@7112fa5, org.springframework.security.web.context.SecurityContextHolderFilter@3093b9ff, org.springframework.security.web.header.HeaderWriterFilter@56fa0ef, org.springframework.security.web.authentication.logout.LogoutFilter@7cd3860, org.example.filter.JwtAuthenticationFilter@6abe62bb, org.example.filter.RequestLogFilter@1c0e4262, org.springframework.security.web.authentication.UsernamePasswordAuthenticationFilter@671f545b, org.springframework.security.web.savedrequest.RequestCacheAwareFilter@379b4e86, org.springframework.security.web.servletapi.SecurityContextHolderAwareRequestFilter@62410e1f, org.springframework.security.web.authentication.AnonymousAuthenticationFilter@342dc040, org.springframework.security.web.session.SessionManagementFilter@62ee1c89, org.springframework.security.web.access.ExceptionTranslationFilter@3211cc84, org.springframework.security.web.access.intercept.AuthorizationFilter@87fc0fc]
2026-06-15 22:02:45.209  WARN 14660 --- [main] (system) ocalVariableTableParameterNameDiscoverer : Using deprecated '-debug' fallback for parameter name resolution. Compile the affected code with '-parameters' instead or avoid its introspection: org.springframework.amqp.rabbit.core.RabbitAdmin
2026-06-15 22:02:45.269  INFO 14660 --- [main] (system) o.s.b.w.embedded.tomcat.TomcatWebServer  : Tomcat started on port(s): 8080 (http) with context path ''
2026-06-15 22:02:45.273  INFO 14660 --- [main] (system) o.s.a.r.c.CachingConnectionFactory       : Attempting to connect to: [localhost:5672]
2026-06-15 22:02:45.313  INFO 14660 --- [main] (system) o.s.a.r.c.CachingConnectionFactory       : Created new connection: rabbitConnectionFactory#2a7bc16b:0/SimpleConnection@177302d6 [delegate=amqp://guest@127.0.0.1:5672/, localPort=63623]
2026-06-15 22:02:45.353  INFO 14660 --- [main] (system) o.example.MyProjectBackendApplication    : Started MyProjectBackendApplication in 4.261 seconds (process running for 4.959)
2026-06-15 22:02:49.012  INFO 14660 --- [http-nio-8080-exec-1] (system) o.a.c.c.C.[Tomcat].[localhost].[/]       : Initializing Spring DispatcherServlet 'dispatcherServlet'
2026-06-15 22:02:49.012  INFO 14660 --- [http-nio-8080-exec-1] (system) o.s.web.servlet.DispatcherServlet        : Initializing Servlet 'dispatcherServlet'
2026-06-15 22:02:49.014  INFO 14660 --- [http-nio-8080-exec-1] (system) o.s.web.servlet.DispatcherServlet        : Completed initialization in 1 ms
2026-06-15 22:02:49.547  INFO 14660 --- [http-nio-8080-exec-1] (379350718739517440) org.example.filter.RequestLogFilter      : 请求URL: "/api/user/info" (OPTIONS) | 远程IP地址: 0:0:0:0:0:0:0:1 │ 身份: 未验证 | 请求参数列表: {}
2026-06-15 22:02:49.715  INFO 14660 --- [http-nio-8080-exec-1] (379350718739517440) org.example.filter.RequestLogFilter      : 请求处理耗时: 169ms | 响应结果: {"code":401,"data":null,"message":"Full authentication is required to access this resource"}
2026-06-15 22:02:49.853  INFO 14660 --- [http-nio-8080-exec-2] (system) com.zaxxer.hikari.HikariDataSource       : HikariPool-1 - Starting...
2026-06-15 22:02:50.108  INFO 14660 --- [http-nio-8080-exec-2] (system) com.zaxxer.hikari.pool.HikariPool        : HikariPool-1 - Added connection com.mysql.cj.jdbc.ConnectionImpl@1ddd2f41
2026-06-15 22:02:50.110  INFO 14660 --- [http-nio-8080-exec-2] (system) com.zaxxer.hikari.HikariDataSource       : HikariPool-1 - Start completed.
2026-06-15 22:02:50.157  INFO 14660 --- [http-nio-8080-exec-2] (379350721306431488) org.example.filter.RequestLogFilter      : 请求URL: "/api/user/info" (GET) | 远程IP地址: 0:0:0:0:0:0:0:1 │ 身份: admin (UID: 4) | 角色: [ROLE_user] | 请求参数列表: {}
2026-06-15 22:02:50.244  INFO 14660 --- [http-nio-8080-exec-2] (379350721306431488) org.example.filter.RequestLogFilter      : 请求处理耗时: 87ms | 响应结果: {"code":200,"data":{"username":"admin","email":"1430220206@qq.com","role":"user","avatar":"/avatar/076d3d44f38f4227baf3082a1ad46b20","registerTime":"2026-06-15T13:27:10.000+00:00"},"message":"请求成功"}
2026-06-15 22:02:50.291  INFO 14660 --- [http-nio-8080-exec-6] (379350721868468224) org.example.filter.RequestLogFilter      : 请求URL: "/api/user/details" (OPTIONS) | 远程IP地址: 0:0:0:0:0:0:0:1 │ 身份: 未验证 | 请求参数列表: {}
2026-06-15 22:02:50.293  INFO 14660 --- [http-nio-8080-exec-6] (379350721868468224) org.example.filter.RequestLogFilter      : 请求处理耗时: 2ms | 响应结果: {"code":401,"data":null,"message":"Full authentication is required to access this resource"}
2026-06-15 22:02:50.305  INFO 14660 --- [http-nio-8080-exec-9] (379350721927188480) org.example.filter.RequestLogFilter      : 请求URL: "/api/user/details" (GET) | 远程IP地址: 0:0:0:0:0:0:0:1 │ 身份: admin (UID: 4) | 角色: [ROLE_user] | 请求参数列表: {}
2026-06-15 22:02:50.315  INFO 14660 --- [http-nio-8080-exec-9] (379350721927188480) org.example.filter.RequestLogFilter      : 请求处理耗时: 10ms | 响应结果: {"code":200,"data":{"gender":0,"phone":"18764567279","qq":"1430220206","wx":"Furina","desc":"晨雾漫过荒坡碎草轻摇浮尘乱舞流云散漫掠过矮枝碎石错落随风打转细影飘忽漫向远空零星草木随风轻晃虚影游走四处飘散啊阿斯顿阿斯顿阿德阿斯顿阿斯顿反帝反封建"},"message":"请求成功"}
2026-06-15 22:02:50.330  INFO 14660 --- [http-nio-8080-exec-5] (379350722032046080) org.example.filter.RequestLogFilter      : 请求URL: "/images/avatar/076d3d44f38f4227baf3082a1ad46b20" (GET) | 远程IP地址: 0:0:0:0:0:0:0:1 │ 身份: 未验证 | 请求参数列表: {}
2026-06-15 22:02:50.345  INFO 14660 --- [http-nio-8080-exec-5] (379350722032046080) org.example.filter.RequestLogFilter      : 请求处理耗时: 15ms | 响应结果: 404 错误
2026-06-15 22:03:04.074  INFO 14660 --- [http-nio-8080-exec-3] (379350779678560256) org.example.filter.RequestLogFilter      : 请求URL: "/api/image/avatar" (OPTIONS) | 远程IP地址: 0:0:0:0:0:0:0:1 │ 身份: 未验证 | 请求参数列表: {}
2026-06-15 22:03:04.076  INFO 14660 --- [http-nio-8080-exec-3] (379350779678560256) org.example.filter.RequestLogFilter      : 请求处理耗时: 2ms | 响应结果: {"code":401,"data":null,"message":"Full authentication is required to access this resource"}
2026-06-15 22:03:04.106  INFO 14660 --- [http-nio-8080-exec-7] (379350779737280512) org.example.filter.RequestLogFilter      : 请求URL: "/api/image/avatar" (POST) | 远程IP地址: 0:0:0:0:0:0:0:1 │ 身份: admin (UID: 4) | 角色: [ROLE_user] | 请求参数列表: {}
2026-06-15 22:03:04.121  INFO 14660 --- [http-nio-8080-exec-7] (379350779737280512) org.example.controller.ImageController   : 正在进行头像上传操作...
2026-06-15 22:03:04.328  INFO 14660 --- [http-nio-8080-exec-7] (379350779737280512) org.example.controller.ImageController   : 头像上传成功,大小: 101262
2026-06-15 22:03:04.330  INFO 14660 --- [http-nio-8080-exec-7] (379350779737280512) org.example.filter.RequestLogFilter      : 请求处理耗时: 242ms | 响应结果: {"code":200,"data":"/avatar/2983c64efe0c499cb90cc13d7545f5ec","message":"请求成功"}
2026-06-15 22:03:04.340  INFO 14660 --- [http-nio-8080-exec-8] (379350780794245120) org.example.filter.RequestLogFilter      : 请求URL: "/images/avatar/2983c64efe0c499cb90cc13d7545f5ec" (GET) | 远程IP地址: 0:0:0:0:0:0:0:1 │ 身份: 未验证 | 请求参数列表: {}
2026-06-15 22:03:04.344  INFO 14660 --- [http-nio-8080-exec-8] (379350780794245120) org.example.filter.RequestLogFilter      : 请求处理耗时: 4ms | 响应结果: 404 错误
2026-06-15 22:03:10.457  INFO 14660 --- [http-nio-8080-exec-4] (379350806450802688) org.example.filter.RequestLogFilter      : 请求URL: "/api/user/info" (OPTIONS) | 远程IP地址: 0:0:0:0:0:0:0:1 │ 身份: 未验证 | 请求参数列表: {}
2026-06-15 22:03:10.595  INFO 14660 --- [http-nio-8080-exec-4] (379350806450802688) org.example.filter.RequestLogFilter      : 请求处理耗时: 138ms | 响应结果: {"code":401,"data":null,"message":"Full authentication is required to access this resource"}
2026-06-15 22:03:10.619  INFO 14660 --- [http-nio-8080-exec-10] (379350807130279936) org.example.filter.RequestLogFilter      : 请求URL: "/api/user/info" (GET) | 远程IP地址: 0:0:0:0:0:0:0:1 │ 身份: admin (UID: 4) | 角色: [ROLE_user] | 请求参数列表: {}
2026-06-15 22:03:10.627  INFO 14660 --- [http-nio-8080-exec-10] (379350807130279936) org.example.filter.RequestLogFilter      : 请求处理耗时: 8ms | 响应结果: {"code":200,"data":{"username":"admin","email":"1430220206@qq.com","role":"user","avatar":"/avatar/2983c64efe0c499cb90cc13d7545f5ec","registerTime":"2026-06-15T13:27:10.000+00:00"},"message":"请求成功"}
2026-06-15 22:03:11.127  INFO 14660 --- [http-nio-8080-exec-1] (379350809260986368) org.example.filter.RequestLogFilter      : 请求URL: "/api/user/info" (GET) | 远程IP地址: 0:0:0:0:0:0:0:1 │ 身份: admin (UID: 4) | 角色: [ROLE_user] | 请求参数列表: {}
2026-06-15 22:03:11.130  INFO 14660 --- [http-nio-8080-exec-1] (379350809260986368) org.example.filter.RequestLogFilter      : 请求处理耗时: 3ms | 响应结果: {"code":200,"data":{"username":"admin","email":"1430220206@qq.com","role":"user","avatar":"/avatar/2983c64efe0c499cb90cc13d7545f5ec","registerTime":"2026-06-15T13:27:10.000+00:00"},"message":"请求成功"}
2026-06-15 22:03:11.195  INFO 14660 --- [http-nio-8080-exec-2] (379350809546199040) org.example.filter.RequestLogFilter      : 请求URL: "/api/user/details" (OPTIONS) | 远程IP地址: 0:0:0:0:0:0:0:1 │ 身份: 未验证 | 请求参数列表: {}
2026-06-15 22:03:11.197  INFO 14660 --- [http-nio-8080-exec-2] (379350809546199040) org.example.filter.RequestLogFilter      : 请求处理耗时: 2ms | 响应结果: {"code":401,"data":null,"message":"Full authentication is required to access this resource"}
2026-06-15 22:03:11.209  INFO 14660 --- [http-nio-8080-exec-6] (379350809604919296) org.example.filter.RequestLogFilter      : 请求URL: "/api/user/details" (GET) | 远程IP地址: 0:0:0:0:0:0:0:1 │ 身份: admin (UID: 4) | 角色: [ROLE_user] | 请求参数列表: {}
2026-06-15 22:03:11.213  INFO 14660 --- [http-nio-8080-exec-6] (379350809604919296) org.example.filter.RequestLogFilter      : 请求处理耗时: 4ms | 响应结果: {"code":200,"data":{"gender":0,"phone":"18764567279","qq":"1430220206","wx":"Furina","desc":"晨雾漫过荒坡碎草轻摇浮尘乱舞流云散漫掠过矮枝碎石错落随风打转细影飘忽漫向远空零星草木随风轻晃虚影游走四处飘散啊阿斯顿阿斯顿阿德阿斯顿阿斯顿反帝反封建"},"message":"请求成功"}
2026-06-15 22:03:11.321  INFO 14660 --- [http-nio-8080-exec-9] (379350810074681344) org.example.filter.RequestLogFilter      : 请求URL: "/images/avatar/2983c64efe0c499cb90cc13d7545f5ec" (GET) | 远程IP地址: 0:0:0:0:0:0:0:1 │ 身份: 未验证 | 请求参数列表: {}
2026-06-15 22:03:11.326  INFO 14660 --- [http-nio-8080-exec-9] (379350810074681344) org.example.filter.RequestLogFilter      : 请求处理耗时: 5ms | 响应结果: 404 错误
2026-06-15 22:04:14.127  INFO 14660 --- [org.springframework.amqp.rabbit.RabbitListenerEndpointContainer#0-2] (system) o.s.a.r.l.SimpleMessageListenerContainer : Waiting for workers to finish.
2026-06-15 22:04:14.363  INFO 14660 --- [org.springframework.amqp.rabbit.RabbitListenerEndpointContainer#0-2] (system) o.s.a.r.l.SimpleMessageListenerContainer : Successfully waited for workers to finish.
2026-06-15 22:04:14.399  INFO 14660 --- [SpringApplicationShutdownHook] (system) com.zaxxer.hikari.HikariDataSource       : HikariPool-1 - Shutdown initiated...
2026-06-15 22:04:14.426  INFO 14660 --- [SpringApplicationShutdownHook] (system) com.zaxxer.hikari.HikariDataSource       : HikariPool-1 - Shutdown completed.
2026-06-15 22:04:18.212  INFO 16152 --- [main] (system) o.example.MyProjectBackendApplication    : Starting MyProjectBackendApplication using Java 17.0.8 with PID 16152 (C:\Users\14302\IdeaProjects\my-project\my-project-backend\target\classes started by 14302 in C:\Users\14302\IdeaProjects\my-project)
2026-06-15 22:04:18.214  INFO 16152 --- [main] (system) o.example.MyProjectBackendApplication    : The following 1 profile is active: "dev"
2026-06-15 22:04:18.891  INFO 16152 --- [main] (system) .s.d.r.c.RepositoryConfigurationDelegate : Multiple Spring Data modules found, entering strict repository configuration mode
2026-06-15 22:04:18.894  INFO 16152 --- [main] (system) .s.d.r.c.RepositoryConfigurationDelegate : Bootstrapping Spring Data Redis repositories in DEFAULT mode.
2026-06-15 22:04:18.914  INFO 16152 --- [main] (system) .s.d.r.c.RepositoryConfigurationDelegate : Finished Spring Data repository scanning in 8 ms. Found 0 Redis repository interfaces.
2026-06-15 22:04:19.435  INFO 16152 --- [main] (system) o.s.b.w.embedded.tomcat.TomcatWebServer  : Tomcat initialized with port(s): 8080 (http)
2026-06-15 22:04:19.447  INFO 16152 --- [main] (system) o.apache.catalina.core.StandardService   : Starting service [Tomcat]
2026-06-15 22:04:19.449  INFO 16152 --- [main] (system) o.apache.catalina.core.StandardEngine    : Starting Servlet engine: [Apache Tomcat/10.1.11]
2026-06-15 22:04:19.530  INFO 16152 --- [main] (system) o.a.c.c.C.[Tomcat].[localhost].[/]       : Initializing Spring embedded WebApplicationContext
2026-06-15 22:04:19.530  INFO 16152 --- [main] (system) w.s.c.ServletWebServerApplicationContext : Root WebApplicationContext: initialization completed in 1281 ms
2026-06-15 22:04:20.207  INFO 16152 --- [main] (system) org.example.config.MinioConfiguration    : Init minio client...
2026-06-15 22:04:20.614  INFO 16152 --- [main] (system) o.s.s.web.DefaultSecurityFilterChain     : Will secure any request with [org.springframework.security.web.session.DisableEncodeUrlFilter@c29b0dc, org.springframework.security.web.context.request.async.WebAsyncManagerIntegrationFilter@228958a, org.springframework.security.web.context.SecurityContextHolderFilter@3b046e64, org.springframework.security.web.header.HeaderWriterFilter@18209303, org.springframework.security.web.authentication.logout.LogoutFilter@5487a8f1, org.example.filter.JwtAuthenticationFilter@7d8f2eec, org.example.filter.RequestLogFilter@7cdc4070, org.springframework.security.web.authentication.UsernamePasswordAuthenticationFilter@5d00b469, org.springframework.security.web.savedrequest.RequestCacheAwareFilter@7bd694a5, org.springframework.security.web.servletapi.SecurityContextHolderAwareRequestFilter@759f45f1, org.springframework.security.web.authentication.AnonymousAuthenticationFilter@7cd3860, org.springframework.security.web.session.SessionManagementFilter@6aa9a93b, org.springframework.security.web.access.ExceptionTranslationFilter@7474196, org.springframework.security.web.access.intercept.AuthorizationFilter@5c9e6d95]
2026-06-15 22:04:20.891  WARN 16152 --- [main] (system) ocalVariableTableParameterNameDiscoverer : Using deprecated '-debug' fallback for parameter name resolution. Compile the affected code with '-parameters' instead or avoid its introspection: org.springframework.amqp.rabbit.core.RabbitAdmin
2026-06-15 22:04:20.939  INFO 16152 --- [main] (system) o.s.b.w.embedded.tomcat.TomcatWebServer  : Tomcat started on port(s): 8080 (http) with context path ''
2026-06-15 22:04:20.942  INFO 16152 --- [main] (system) o.s.a.r.c.CachingConnectionFactory       : Attempting to connect to: [localhost:5672]
2026-06-15 22:04:20.979  INFO 16152 --- [main] (system) o.s.a.r.c.CachingConnectionFactory       : Created new connection: rabbitConnectionFactory#4b544732:0/SimpleConnection@1b5623b4 [delegate=amqp://guest@127.0.0.1:5672/, localPort=56816]
2026-06-15 22:04:21.015  INFO 16152 --- [main] (system) o.example.MyProjectBackendApplication    : Started MyProjectBackendApplication in 3.217 seconds (process running for 3.751)
2026-06-15 22:04:23.901  INFO 16152 --- [http-nio-8080-exec-1] (system) o.a.c.c.C.[Tomcat].[localhost].[/]       : Initializing Spring DispatcherServlet 'dispatcherServlet'
2026-06-15 22:04:23.901  INFO 16152 --- [http-nio-8080-exec-1] (system) o.s.web.servlet.DispatcherServlet        : Initializing Servlet 'dispatcherServlet'
2026-06-15 22:04:23.903  INFO 16152 --- [http-nio-8080-exec-1] (system) o.s.web.servlet.DispatcherServlet        : Completed initialization in 1 ms
2026-06-15 22:04:24.432  INFO 16152 --- [http-nio-8080-exec-1] (379351116711858176) org.example.filter.RequestLogFilter      : 请求URL: "/api/user/info" (OPTIONS) | 远程IP地址: 0:0:0:0:0:0:0:1 │ 身份: 未验证 | 请求参数列表: {}
2026-06-15 22:04:24.602  INFO 16152 --- [http-nio-8080-exec-1] (379351116711858176) org.example.filter.RequestLogFilter      : 请求处理耗时: 173ms | 响应结果: {"code":401,"data":null,"message":"Full authentication is required to access this resource"}
2026-06-15 22:04:24.735  INFO 16152 --- [http-nio-8080-exec-2] (system) com.zaxxer.hikari.HikariDataSource       : HikariPool-1 - Starting...
2026-06-15 22:04:25.018  INFO 16152 --- [http-nio-8080-exec-2] (system) com.zaxxer.hikari.pool.HikariPool        : HikariPool-1 - Added connection com.mysql.cj.jdbc.ConnectionImpl@6ea38d29
2026-06-15 22:04:25.021  INFO 16152 --- [http-nio-8080-exec-2] (system) com.zaxxer.hikari.HikariDataSource       : HikariPool-1 - Start completed.
2026-06-15 22:04:25.069  INFO 16152 --- [http-nio-8080-exec-2] (379351119396212736) org.example.filter.RequestLogFilter      : 请求URL: "/api/user/info" (GET) | 远程IP地址: 0:0:0:0:0:0:0:1 │ 身份: admin (UID: 4) | 角色: [ROLE_user] | 请求参数列表: {}
2026-06-15 22:04:25.158  INFO 16152 --- [http-nio-8080-exec-2] (379351119396212736) org.example.filter.RequestLogFilter      : 请求处理耗时: 89ms | 响应结果: {"code":200,"data":{"username":"admin","email":"1430220206@qq.com","role":"user","avatar":"/avatar/2983c64efe0c499cb90cc13d7545f5ec","registerTime":"2026-06-15T13:27:10.000+00:00"},"message":"请求成功"}
2026-06-15 22:04:25.186  INFO 16152 --- [http-nio-8080-exec-3] (379351119886946304) org.example.filter.RequestLogFilter      : 请求URL: "/api/user/details" (OPTIONS) | 远程IP地址: 0:0:0:0:0:0:0:1 │ 身份: 未验证 | 请求参数列表: {}
2026-06-15 22:04:25.189  INFO 16152 --- [http-nio-8080-exec-3] (379351119886946304) org.example.filter.RequestLogFilter      : 请求处理耗时: 3ms | 响应结果: {"code":401,"data":null,"message":"Full authentication is required to access this resource"}
2026-06-15 22:04:25.200  INFO 16152 --- [http-nio-8080-exec-9] (379351119945666560) org.example.filter.RequestLogFilter      : 请求URL: "/api/user/details" (GET) | 远程IP地址: 0:0:0:0:0:0:0:1 │ 身份: admin (UID: 4) | 角色: [ROLE_user] | 请求参数列表: {}
2026-06-15 22:04:25.208  INFO 16152 --- [http-nio-8080-exec-9] (379351119945666560) org.example.filter.RequestLogFilter      : 请求处理耗时: 8ms | 响应结果: {"code":200,"data":{"gender":0,"phone":"18764567279","qq":"1430220206","wx":"Furina","desc":"晨雾漫过荒坡碎草轻摇浮尘乱舞流云散漫掠过矮枝碎石错落随风打转细影飘忽漫向远空零星草木随风轻晃虚影游走四处飘散啊阿斯顿阿斯顿阿德阿斯顿阿斯顿反帝反封建"},"message":"请求成功"}
2026-06-15 22:04:25.211  INFO 16152 --- [http-nio-8080-exec-4] (379351119991803904) org.example.filter.RequestLogFilter      : 请求URL: "/images/avatar/2983c64efe0c499cb90cc13d7545f5ec" (GET) | 远程IP地址: 0:0:0:0:0:0:0:1 │ 身份: 未验证 | 请求参数列表: {}
2026-06-15 22:04:25.227  INFO 16152 --- [http-nio-8080-exec-4] (379351119991803904) org.example.filter.RequestLogFilter      : 请求处理耗时: 15ms | 响应结果: 404 错误
2026-06-15 22:05:42.371  INFO 16152 --- [http-nio-8080-exec-8] (379351443624300544) org.example.filter.RequestLogFilter      : 请求URL: "/api/user/info" (OPTIONS) | 远程IP地址: 0:0:0:0:0:0:0:1 │ 身份: 未验证 | 请求参数列表: {}
2026-06-15 22:05:42.373  INFO 16152 --- [http-nio-8080-exec-8] (379351443624300544) org.example.filter.RequestLogFilter      : 请求处理耗时: 2ms | 响应结果: {"code":401,"data":null,"message":"Full authentication is required to access this resource"}
2026-06-15 22:05:42.385  INFO 16152 --- [http-nio-8080-exec-7] (379351443683020800) org.example.filter.RequestLogFilter      : 请求URL: "/api/user/info" (GET) | 远程IP地址: 0:0:0:0:0:0:0:1 │ 身份: admin (UID: 4) | 角色: [ROLE_user] | 请求参数列表: {}
2026-06-15 22:05:42.391  INFO 16152 --- [http-nio-8080-exec-7] (379351443683020800) org.example.filter.RequestLogFilter      : 请求处理耗时: 6ms | 响应结果: {"code":200,"data":{"username":"admin","email":"1430220206@qq.com","role":"user","avatar":"/avatar/2983c64efe0c499cb90cc13d7545f5ec","registerTime":"2026-06-15T13:27:10.000+00:00"},"message":"请求成功"}
2026-06-15 22:05:42.509  INFO 16152 --- [http-nio-8080-exec-5] (379351444203114496) org.example.filter.RequestLogFilter      : 请求URL: "/api/user/details" (OPTIONS) | 远程IP地址: 0:0:0:0:0:0:0:1 │ 身份: 未验证 | 请求参数列表: {}
2026-06-15 22:05:42.510  INFO 16152 --- [http-nio-8080-exec-5] (379351444203114496) org.example.filter.RequestLogFilter      : 请求处理耗时: 1ms | 响应结果: {"code":401,"data":null,"message":"Full authentication is required to access this resource"}
2026-06-15 22:05:42.521  INFO 16152 --- [http-nio-8080-exec-10] (379351444253446144) org.example.filter.RequestLogFilter      : 请求URL: "/api/user/details" (GET) | 远程IP地址: 0:0:0:0:0:0:0:1 │ 身份: admin (UID: 4) | 角色: [ROLE_user] | 请求参数列表: {}
2026-06-15 22:05:42.526  INFO 16152 --- [http-nio-8080-exec-10] (379351444253446144) org.example.filter.RequestLogFilter      : 请求处理耗时: 5ms | 响应结果: {"code":200,"data":{"gender":0,"phone":"18764567279","qq":"1430220206","wx":"Furina","desc":"晨雾漫过荒坡碎草轻摇浮尘乱舞流云散漫掠过矮枝碎石错落随风打转细影飘忽漫向远空零星草木随风轻晃虚影游走四处飘散啊阿斯顿阿斯顿阿德阿斯顿阿斯顿反帝反封建"},"message":"请求成功"}
2026-06-15 22:05:42.581  INFO 16152 --- [http-nio-8080-exec-1] (379351444505104384) org.example.filter.RequestLogFilter      : 请求URL: "/images/avatar/2983c64efe0c499cb90cc13d7545f5ec" (GET) | 远程IP地址: 0:0:0:0:0:0:0:1 │ 身份: 未验证 | 请求参数列表: {}
2026-06-15 22:05:42.590  INFO 16152 --- [http-nio-8080-exec-1] (379351444505104384) org.example.filter.RequestLogFilter      : 请求处理耗时: 9ms | 响应结果: 404 错误
2026-06-15 22:12:01.453  INFO 16152 --- [org.springframework.amqp.rabbit.RabbitListenerEndpointContainer#0-2] (system) o.s.a.r.l.SimpleMessageListenerContainer : Waiting for workers to finish.
2026-06-15 22:12:01.848  INFO 16152 --- [org.springframework.amqp.rabbit.RabbitListenerEndpointContainer#0-2] (system) o.s.a.r.l.SimpleMessageListenerContainer : Successfully waited for workers to finish.
2026-06-15 22:12:01.871  INFO 16152 --- [SpringApplicationShutdownHook] (system) com.zaxxer.hikari.HikariDataSource       : HikariPool-1 - Shutdown initiated...
2026-06-15 22:12:01.878  INFO 16152 --- [SpringApplicationShutdownHook] (system) com.zaxxer.hikari.HikariDataSource       : HikariPool-1 - Shutdown completed.
2026-06-15 22:12:08.185  INFO 9740 --- [main] (system) o.example.MyProjectBackendApplication    : Starting MyProjectBackendApplication using Java 17.0.8 with PID 9740 (C:\Users\14302\IdeaProjects\my-project\my-project-backend\target\classes started by 14302 in C:\Users\14302\IdeaProjects\my-project)
2026-06-15 22:12:08.187  INFO 9740 --- [main] (system) o.example.MyProjectBackendApplication    : The following 1 profile is active: "dev"
2026-06-15 22:12:08.914  INFO 9740 --- [main] (system) .s.d.r.c.RepositoryConfigurationDelegate : Multiple Spring Data modules found, entering strict repository configuration mode
2026-06-15 22:12:08.916  INFO 9740 --- [main] (system) .s.d.r.c.RepositoryConfigurationDelegate : Bootstrapping Spring Data Redis repositories in DEFAULT mode.
2026-06-15 22:12:08.941  INFO 9740 --- [main] (system) .s.d.r.c.RepositoryConfigurationDelegate : Finished Spring Data repository scanning in 11 ms. Found 0 Redis repository interfaces.
2026-06-15 22:12:09.448  INFO 9740 --- [main] (system) o.s.b.w.embedded.tomcat.TomcatWebServer  : Tomcat initialized with port(s): 8080 (http)
2026-06-15 22:12:09.457  INFO 9740 --- [main] (system) o.apache.catalina.core.StandardService   : Starting service [Tomcat]
2026-06-15 22:12:09.457  INFO 9740 --- [main] (system) o.apache.catalina.core.StandardEngine    : Starting Servlet engine: [Apache Tomcat/10.1.11]
2026-06-15 22:12:09.558  INFO 9740 --- [main] (system) o.a.c.c.C.[Tomcat].[localhost].[/]       : Initializing Spring embedded WebApplicationContext
2026-06-15 22:12:09.559  INFO 9740 --- [main] (system) w.s.c.ServletWebServerApplicationContext : Root WebApplicationContext: initialization completed in 1334 ms
2026-06-15 22:12:10.298  INFO 9740 --- [main] (system) org.example.config.MinioConfiguration    : Init minio client...
2026-06-15 22:12:10.732  INFO 9740 --- [main] (system) o.s.s.web.DefaultSecurityFilterChain     : Will secure any request with [org.springframework.security.web.session.DisableEncodeUrlFilter@3e5c7588, org.springframework.security.web.context.request.async.WebAsyncManagerIntegrationFilter@5b2ff4df, org.springframework.security.web.context.SecurityContextHolderFilter@49353d43, org.springframework.security.web.header.HeaderWriterFilter@7affee54, org.springframework.security.web.authentication.logout.LogoutFilter@5e278e25, org.example.filter.JwtAuthenticationFilter@717a8a76, org.example.filter.RequestLogFilter@7d8f2eec, org.springframework.security.web.authentication.UsernamePasswordAuthenticationFilter@62410e1f, org.springframework.security.web.savedrequest.RequestCacheAwareFilter@5bba9949, org.springframework.security.web.servletapi.SecurityContextHolderAwareRequestFilter@7474196, org.springframework.security.web.authentication.AnonymousAuthenticationFilter@23dff243, org.springframework.security.web.session.SessionManagementFilter@2337bf27, org.springframework.security.web.access.ExceptionTranslationFilter@5c0ece6d, org.springframework.security.web.access.intercept.AuthorizationFilter@f439e0f]
2026-06-15 22:12:10.998  WARN 9740 --- [main] (system) ocalVariableTableParameterNameDiscoverer : Using deprecated '-debug' fallback for parameter name resolution. Compile the affected code with '-parameters' instead or avoid its introspection: org.springframework.amqp.rabbit.core.RabbitAdmin
2026-06-15 22:12:11.047  INFO 9740 --- [main] (system) o.s.b.w.embedded.tomcat.TomcatWebServer  : Tomcat started on port(s): 8080 (http) with context path ''
2026-06-15 22:12:11.050  INFO 9740 --- [main] (system) o.s.a.r.c.CachingConnectionFactory       : Attempting to connect to: [localhost:5672]
2026-06-15 22:12:11.088  INFO 9740 --- [main] (system) o.s.a.r.c.CachingConnectionFactory       : Created new connection: rabbitConnectionFactory#1d3d76b4:0/SimpleConnection@6b3bc1f6 [delegate=amqp://guest@127.0.0.1:5672/, localPort=54228]
2026-06-15 22:12:11.126  INFO 9740 --- [main] (system) o.example.MyProjectBackendApplication    : Started MyProjectBackendApplication in 3.444 seconds (process running for 3.944)
2026-06-15 22:12:16.732  INFO 9740 --- [http-nio-8080-exec-1] (system) o.a.c.c.C.[Tomcat].[localhost].[/]       : Initializing Spring DispatcherServlet 'dispatcherServlet'
2026-06-15 22:12:16.733  INFO 9740 --- [http-nio-8080-exec-1] (system) o.s.web.servlet.DispatcherServlet        : Initializing Servlet 'dispatcherServlet'
2026-06-15 22:12:16.734  INFO 9740 --- [http-nio-8080-exec-1] (system) o.s.web.servlet.DispatcherServlet        : Completed initialization in 1 ms
2026-06-15 22:12:17.232  INFO 9740 --- [http-nio-8080-exec-1] (379353099782983680) org.example.filter.RequestLogFilter      : 请求URL: "/api/user/info" (OPTIONS) | 远程IP地址: 0:0:0:0:0:0:0:1 │ 身份: 未验证 | 请求参数列表: {}
2026-06-15 22:12:17.394  INFO 9740 --- [http-nio-8080-exec-1] (379353099782983680) org.example.filter.RequestLogFilter      : 请求处理耗时: 163ms | 响应结果: {"code":401,"data":null,"message":"Full authentication is required to access this resource"}
2026-06-15 22:12:17.531  INFO 9740 --- [http-nio-8080-exec-2] (system) com.zaxxer.hikari.HikariDataSource       : HikariPool-1 - Starting...
2026-06-15 22:12:17.811  INFO 9740 --- [http-nio-8080-exec-2] (system) com.zaxxer.hikari.pool.HikariPool        : HikariPool-1 - Added connection com.mysql.cj.jdbc.ConnectionImpl@45bf8730
2026-06-15 22:12:17.813  INFO 9740 --- [http-nio-8080-exec-2] (system) com.zaxxer.hikari.HikariDataSource       : HikariPool-1 - Start completed.
2026-06-15 22:12:17.862  INFO 9740 --- [http-nio-8080-exec-2] (379353102433783808) org.example.filter.RequestLogFilter      : 请求URL: "/api/user/info" (GET) | 远程IP地址: 0:0:0:0:0:0:0:1 │ 身份: admin (UID: 4) | 角色: [ROLE_user] | 请求参数列表: {}
2026-06-15 22:12:17.952  INFO 9740 --- [http-nio-8080-exec-2] (379353102433783808) org.example.filter.RequestLogFilter      : 请求处理耗时: 90ms | 响应结果: {"code":200,"data":{"username":"admin","email":"1430220206@qq.com","role":"user","avatar":"/avatar/2983c64efe0c499cb90cc13d7545f5ec","registerTime":"2026-06-15T13:27:10.000+00:00"},"message":"请求成功"}
2026-06-15 22:12:18.009  INFO 9740 --- [http-nio-8080-exec-7] (379353103050346496) org.example.filter.RequestLogFilter      : 请求URL: "/api/user/details" (OPTIONS) | 远程IP地址: 0:0:0:0:0:0:0:1 │ 身份: 未验证 | 请求参数列表: {}
2026-06-15 22:12:18.011  INFO 9740 --- [http-nio-8080-exec-7] (379353103050346496) org.example.filter.RequestLogFilter      : 请求处理耗时: 2ms | 响应结果: {"code":401,"data":null,"message":"Full authentication is required to access this resource"}
2026-06-15 22:12:18.025  INFO 9740 --- [http-nio-8080-exec-5] (379353103117455360) org.example.filter.RequestLogFilter      : 请求URL: "/api/user/details" (GET) | 远程IP地址: 0:0:0:0:0:0:0:1 │ 身份: admin (UID: 4) | 角色: [ROLE_user] | 请求参数列表: {}
2026-06-15 22:12:18.035  INFO 9740 --- [http-nio-8080-exec-5] (379353103117455360) org.example.filter.RequestLogFilter      : 请求处理耗时: 10ms | 响应结果: {"code":200,"data":{"gender":0,"phone":"18764567279","qq":"1430220206","wx":"Furina","desc":"晨雾漫过荒坡碎草轻摇浮尘乱舞流云散漫掠过矮枝碎石错落随风打转细影飘忽漫向远空零星草木随风轻晃虚影游走四处飘散啊阿斯顿阿斯顿阿德阿斯顿阿斯顿反帝反封建"},"message":"请求成功"}
2026-06-15 22:12:18.052  INFO 9740 --- [http-nio-8080-exec-4] (379353103230701568) org.example.filter.RequestLogFilter      : 请求URL: "/images/avatar/2983c64efe0c499cb90cc13d7545f5ec" (GET) | 远程IP地址: 0:0:0:0:0:0:0:1 │ 身份: 未验证 | 请求参数列表: {}
2026-06-15 22:12:18.286  INFO 9740 --- [http-nio-8080-exec-4] (379353103230701568) org.example.filter.RequestLogFilter      : 请求处理耗时: 228ms | 响应结果: ���� JFIF      ���ICC_PROFILE   �    0  mntrRGB XYZ �        acsp                             ��     �-                                                   	desc   �   $rXYZ     gXYZ  (   bXYZ  <   wtpt  P   rTRC  d   (gTRC  d   (bTRC  d   (cprt  �   <mluc          enUS       s R G BXYZ       o�  8�  �XYZ       b�  ��  �XYZ       $�  �  ��XYZ       ��     �-para        ff  �  Y  �  
[        mluc          enUS        G o o g l e   I n c .   2 0 1 6�� C 	


 ' .)10.)-,3:J>36F7,-@WAFLNRSR2>ZaZP`JQRO�� C&&O5-5OOOOOOOOOOOOOOOOOOOOOOOOOOOOOOOOOOOOOOOOOOOOOOOOOO�� 8�" ��              �� F   !1"AQ2aq#B�R���$3b�4Cr���%5Sc���6s����           �� +     !1AQ"2aqB#C������   ? �� �9�     ��           ��8����/4��+�ĵG�����ty_�)�t*��k�V���-��W)m��+���3��w�*]c_H����^�Z�c�Eh�}"k���З�4��\F�Li%�O��g[el��qD��B�� ��;1��Q
�t���#����B���G���3���r��	�s�KԱ��\_���U�.ﱾRQ�m�"�V^L1q�m��]��+g͕���� �6�<���U[�����u�����Em���t%�D#�di  a9r�d��h�����s�^X�Й˕t��GK�V���TV��2�y����1�H�I�i�[��,I97��%�x�<����gY)�c��˾��Z!�����?��U�)�'6G�r֨��%�W�ʛ�]��(���Dk2�1�l�Q7��h���YOsq��X��yjE��UV��aT�
��$'� �#�8��tBflj:�̶i����R�$�J�#d�,ɘ�+SĊ�d�ײvSM�0L���A!	5d_V=N˦��m��ޑE�8�<�&|Ke��uѢ���3s��N�?T��q�8U�U�c����\<'�Ʃ,��̵��}�~�H�$��cf; d4dd�}@�m��.Re6^\�,w�Da}�d�ʶ��"�U�-I���k��{Vܺ�D�KD$I�v$l��)�HD� �e������؍��"{��v!�O��2D4AFI:7�M����r�H��Ό,z��39�p���ύ�<��=Y���m���=v��k�Dk�I�Dj�QGBB�		 @@   �����F���+�ܟd����ݗ��:���,�/�u��Ԝ��s�Yُr�C�]?�cN-4/˭'��� 3qw'��Tp�+jSݒ� Wo�v�	n� @ �:+���dy��,]��,�hK��2�7�&r�z�}������IS�|S���i��?$�t���m�˕����c�%��i��a��mųNo�^�{��߬� @        @  �                                                 H         @ 	 @       �     �       P	        �k�,Q�`X�I]d"��o�Bâ4�EiEi�j/"K���r��kQ_�r�=?3ZG���`��=���;n����e�J�z�_�(�]p�-����T����5
�'�-�8p�v?��9x���W�5`�4b�X-e����[f�Bg>X�vMɔD��6�U�Oo�F�E�J+�,���
(�#�q�$�'�����k�|o�,j�����"��η��m�[�qU0�^wܰ��c\=Y�� �!�j�^�l�٪RQ[fL֗4��o@��4�� c0Lb��F-��1I�$e� ��H�ȵU[���n����gfƘ|��d�]|�c˵z�~����DS�u�QJ��Wc�:vz.��YU
�荫����I�1%� kh�Ό�v�rU�8?�p��;��Ь�{�S�zeG~�0��22�&Q���#LY� �����#-z�L�Z��ee�; $��ř3E� �F�&Jf��3$�i��[��>�D�%�EGW�t`W��k�ݔ���q����׎�Ez��w	���[���A�}�A$�KI�Mx��cԫ�
1^�BZ	hlh�Hl���`�=���c$��Ù���`��n�̍I��ʙJ̛u��W��n���K�LXS����x��Í��7ݝ�v$� &��	(  @@d��'aY�S2�* �	Qz��Y��A�&��l��\����t�W� М|y]=z�A�D��K��/q�PJ(�5E(��GFmI: ��P$�@ ce��<�z@ds��NN�u��'���e�W��ΈB0�,RH�T�F��'�c�&o  �     � ��£:�ND6�g��Q#e���w`��U�u�<��*j���2�(�S��V�h�Me(�vg�3%;(k��;���5�� �� �    �$                                                                  
    �             ��      (        Y�I]l"��o����b����>��^D��$���:#M0�Q�ѻ"|�?�������r��bwZ�<���@��1��G��v�<��~�M�D��53'��l� �����^���7A�Gl䡹�c�d��z�g��&��sY�ŧ��˲���H�Iy�����
���/�3�+á�7��{���]Ĳ]�7˿��*qi�U�&��{��Z����pI(�i#�1�5��@(I�z[�˕�2���s��.����ަD%�J[`Lc�Έ�$Ep�3   �6K��9i���͛o�N��K�;�.*�Œ�ϯ�U�;�Ƶ�E���1Q��葚�9s�O�s��j�'ݎ'/�P�gF$9)�y����1}�%� ��橝���)��E&4�m3����W�鳶/�eE�r�6�����:S"��Lio�_Cj{],�M�\'����3l%�B{FQ����!#jg$$o���ܙ)��'ee�ǰR'��̚1`Cf;%��5�d��RQ�rzK�(���ٶ<L��Jh����|߅���.�K��¸B���_�{�׮��/�ׇ��k�"��R����_�NZ0r0s#d���`�I��Kl��]N̮U�Գ����q��W�	�Y��D!<�4�˜<UL;u7�>��Ņ)t�u�ddH �I 	�  @�A �1Fk��U�(���j�m�����n�y!����󛗃[ܟ��
VK����I��V�Q_v^�cF�$�8�F�%t��b2�:�� H ��IN^X?`����sM�DF�˞��/茡ӫ}߹�H H 	  � A $� ї�^-��j1[f��B.RzIm��q�#>/���mb�����c6#+*�-k�&�'�T=���!��v>�2�����E��><�%(�A.�:_�=��~Ƭ�H���J��K��g��*��+(�cc�(.��Q�rq�c��,��� *       �                    	 @                               � @          P  �@	           @@            3�%�!V+W[����}��T+�����4��$����#��D����~�\Y$���ȗ,���Ӯ��Ը����|�{�Y=�I�+�d<<xG��D2��[��Q~k�	v).���2k�k�ܚ��양�vA�46�[�j>��^E�a������ƞ\z�4���<�nM�W3�UE�� �6�w�s��k��E�U�P��F4SkP�莪���"��t��  (�M��ס����4��oF��1�?�3;�놖��՛@  ��i�r�9���z��#y�(���S�2Qg��,wt����Y��WG�Zz�fU]��L��ر��R+h��J_R�v-5���C�@}�$�� 
#[��h��b������h�Ƴ�\�4,ꞙ��W��gM�L�ԙ�d���z���Ȓ�M6�H�q�	mv7Sn�p:a#t$s'�l��ز��#4�h����	�&e��$�1 �v�5��m(���+,�ps�J+�g��ʿ�d�q�/�� ����-{���iO�/r�p��*Q�ܽe���ï�]k���A$J�!�gc�4�����N{5�l&�fI�#8�Y �C�]N<�����DF^R��}J��}�][��4���|<H��Yz�����4V��ϹֈFHʥP$�� @@ H $ �	 �db������$P�~$���y�.�#���(�cｒ���x8��o�[g��&���qge���Y/������5��F�$�_Vv�݉�2 �l�0  P��O{�O`#���H� s$�������	 �A   	 $�H  H I�s�Ǉ`Nͯ�A}D�S�K�lȽp�&���c^�خ�8ժ��]����s��Ö~V��u[�D�((ߵꎳ��UM�%��_��� 'mB������6ӆ�RO��*��vB�/ȱ�k�Yv�D�{E��V;�1\�����;�Ԓi�38�d�-4,<����C׍bx�_�� 4U%                 @�H $                                       �@             
  �H � @  ��             �ƕ�E%��8k�<�W��>�Nn�.������pq�B���;{#
�e7���qśf��%��~-�I�z<�;�k�x����7�������:�LFu�9�oTc���V�\$�y|�>fo��7
����u�.X��DX����'=�˹�+f�܉�,L~���k�s�|�eܱ(~M�sn5�������,q�Ǌ�&�o���$VU�lޑ��%  K�l��d��ШŽ�����S)=#�W݁)iik��ٌ#�tEi� P	��$��헡�Y6*�r���P�D�Yt_c�'yp��=5ƚc\WH���j��l4e�T����bq`��P%d�!�L�  ND���"黪���mh��m6�`��i�����y�O�e�^�ʎ��l��T�gLe����٫d�A6ÙOuϡޞ�״�j�7&Wm�GMV�u(�ͱg"~��	��et�&j�ٜY"��ce���;$�նc;#\�$���g��Ȼ�ex4n8�}_�Q997���/��.0p�ǩW\zz�q��
+U�%�����3jȘAE)��,QG,�m�El���_6�6J5��4d�b�Љ*����Q/IyY*	���Ch��PM'Ԫ��l��X�.��a��ȕ�/3콍���Uy�3��r0Fh���$f�Q�,J�P  �@ 
$I �	 I�  N�pq>!V<��� �V͙�u�c��d�b���y��o&�����,�e*�܏��u��!�(�|?�<�]Y���'��t�-�"�2�њ�B'f@z��cH$�J[	v�>�K�A 	   $ �    ��q���Q��o���S���������gOļB܌�p�&���6��s��+��P��[��f��GJ��Tb���E_���N(��$�Һ�t?&?c^VvJ�l_�r�L�-K����sCk��7���&.E�=#~��f� ���f<8�:��z�z����}1�>���ܻE�Ī6%�r�ɵ���gG�Ú��x̘�_%�؞�M@ � � �      �H       �                        �@A�     �$H                     
      H  P            c)$�@���;,M-�=#�7cb´�.�s��5��z��-k��������e���t�p��I�H��s��'/dTp��vO�;8���7����aˌ��L��W��z���w��/T��m�D���<i�Ƥv���'7m��&Y.�Y`��|��ܟH�v0�$�[g�L���şe���DUno^#D~����]N��f�%��X�
 �\��e����-���.�K�/4��z�;dEo�:!"*c# 
  2zFF�e��=�]�*ꔟ��ş')B��l�t�,we�ɚ��%����
ע��7�5�4uy��E�,5�:�lO��$bJ"���5�Ł� �s�C�,�"Kh7�W%�]���:g^m*I�*��M�B��?TtU=�8�N&�KL�vk�����KF{Mh�N����Tr���������U[��2+�Ί��`YW3d�A�m(����6(�f��W��o�X��b���1cR��Ȼ��x��}_�q��z�u�%����bC�]k���,aKI��mQFۮ�攜�Q"ۦS��0 �)Fq[1�vtWZ��!�g��L��Ziw$�jr�Ui���6��-�m�R�f�<\��W�7�-�8�j��H����&-�R6D���(��vVY��N���DVH�%@����%   I�wY�)ɤ���3oH��)e_� �}7��Ősg�Y�s�"�ƭ� 2�a�Z�������|��P_vzLjUPI�Cd"���� ��dl��  I@��Fih�H$J"]�F �M�%@ �H    P��������>�j+ݝ��7�].9�*���EO���e�n���l)�+8�Nݖ�˿c�ST(�5V��$f-�ʮ!k����T[�:�qF:�h�эKPFz ��T��%��7P�W�,�ɱ�V�g8�R]�[��v=k��A��K�)$���}�<w�-� ��0���M�ˤ���|b�?��7��x����      @            B	 @                                   $��                     P       �           ՃS����#�-�#��;���ŵ寫���c�p|E��k����,LaDM�ۍ7H�˟��d���"[����,���vn��.k�s�w�0^�;h�-0^��z�g/�X|���GA[�77Mk������|�]�hO�1��Z:a�ё�2"����侑-
�7��.�і��H �s�\���z#SeDI���]^���Րe\4�̀   ���{f�%��Y&�S�1{7��âR�֍��U;�y="U[�A�9o�w9`݉�'.'�t���Ę�m�1��J%��V�e$bT  h���O����ܾ��82j�TUc��.Y�i���"�B\�q�RZ���L錶q#8X��d��4��A�Z1� s�_�4�$��TdY<���cum�63��lX����R/0p�R������p��Ԣ����,��ū#(EB&��,��[�$[F�� �!)m��n�Ց�P�6��QF�'��1�(G�T]c�m�nM��}NhE�=���z]�u��Z�(�$�#MU�HމH���QF����#" � l��"�&H��ĩA�k����2�0��6�$�@ H	9��!��;lz�V�o�<Qab�V� :Α^�R��b�������4�Vq<����'�E�>%��Dnu���3]Yb��:Ff@   �CzvQ�PEH� �@���H	#ܖ�b�ȡ$�T}ʌA��� �H$  (N�$k���\���b��?ļM``��/η�Q�����E�w��m�H��q�e[�R�/O�=�I-.���i@2-�ݨ�4��td��� c�%/C�h̒���O�gWֵ���z&y�;̛^�G�1�Q%�kq~���Su��NW�1�f���s@ ��I         @A 	     �@	 $�                                                            �� �   @�H �7�W�f����|(�-N}Y���\��#�W�G<�r24]/Ctޑ�d��$Z�|��Orl�ʟ]���}����*c�"�+QH��n��=�,� ����פ#���E_���Fe'ʀ�ŮV���#���tva�Ɗ�u���� ��m\ɽE��kR5eO�Ʋ]�g
���g�nV�H�L�� S,� �r�FF��l����ק�-�B;��#�t%�D#�d   f�{d��� ��3o���l�éQ�]k�u��X��W���� #ѐ  I����_�"6b>�Qǈ���6J�bJ
،���D���7���V �TI��s#hkh
�����Þ�w�����)��Ԩ�l扴��5S����Im���n���s��ؙ;9�cG>fcK§����Ђs��9���ѴY��J���_35p����X�l��e�#6�(��k���#�����THp�²�:��b�Q���&qf]ʹWvt[592��ɶjFZ����ׇ^��%՜X��E��͖�ZE��"kF�#5��mFF�e��H���Cf.AYl.�3��ȣ3�٦Qd��i�J|�6�� ��dQ$�HH!�-����%�|��c�C蟝�ύqE�D���_r���-<�z�}v� �Ŧ5�5�tG���WRz���B���Ƚ���� H  ��˩3z1�Vț"�cf$7�1l#.`�bJ`�L�L�ݙ��a���*6I��ޑ�ol��"�v ��H��7���gJJ��۲ֹ��z�a��}�Q������ψ�x�OU��7�o��}��#ð!Lu��oݝ�f��Hv�I @$j����v5_�l�X����ž2G��˄�zϦ?�w��zK� S���G?�߅?���~�]��]�����^�-�GX�S�㦛M}N)#��L2dP  A �      @$�    � �@A� �$�            @@      @                             I 	 $         �      2�'7�ſ�:jᙖ떖���c,��ڳ|�@[��2'����԰��aK��?���/����n��:��hsڽ�S����`��x��&Vً8�qj�R����92����3v����|Y/4� �|jǩUTa����zGJ���z�KQf��reOQѹ�;%�&�[��%R��m�jrf�X�7d��H�d��Q���G/�Ħ� �	; ��+lπ�t�Lךo��9,���a�����O�B�#�F+H��������C�*ZZ1=Z��s��O��O�MD�}d��?-Gw~fm�\90a��u�Q�G�N\�f���Iol�]_*%�-� #��i�SpP P   >�NZF�e9m�w�ær�FÏ�OUF��������ݽ"�����8U��[gI   �����/�����[C���
@VȾ�h���+-H̆A�� �H��  1�y��un/�bj��dE�)-���*�#��r��=��4�����I�	8KL�eѮ�f�Ȃ2oUGK��dvp���&��%��i�x2ȷ�YʾX�R�j(ͪ���\��'�`�@ J[`L#�tAh�є���Q-��]-A��̻�\��+2''%M<� �7e]�)��0�I��o�?轍#��Uj)tH�"+H�#8�|��f�21$����Cz5�@d�`�b�kr�]#o1���g5Q�ږ����&����m�m�n�u� D'c�����M��u:BP�	*�Hގ��<�}N���prg���Pq���:/�,���#�9z����-*�d���)5�V[�S�Z��E�
���;`�I##
  � �$�|�I�]��ZG><w�o{:��41T�Q!H�v@T�E�12�p3"O]	oH� ���1�2b)ф� 27���3���,�MskQ^��A�.M�C>����y�zXa�WEkJ_r��\�ωd��c|�=1���I$"L�$   � ��6T� -�L��� �WK�[Q�[��]ьC#���QȎeQ�^���xy#�|Oq~6�dW=t|�*�U�Z�o��Q�щ�H��a � �         �H$ �                 �@	       (                            $� �         ��=E6���G
˻��Ƚ���Y�y]51�x��?���x�JO�(���atk���l�7�y۬��流�VX�JO��x>e�n
�L��pA.i�����n-_��� ���r_�4���{v�4|9)5�d�����h�?���3�F��"�����/&^����"���֗4�����hwNO���$���9|b��j�55��E~�΋��n~5}�M�.��b������܄�*��Kۛꖗ��� c;'f]�nO�g?�6�jņ����g���Xص֗d}/���� n9��R5]--[�9-���ֹ2�&|�;.�,Q�w$^�g��h�N�q}#��Q�HщW,y��Ι�X�*:�_/�Fˬ�5b��'�&oŢYy)���������^y� D_F*1ц5J]ϱ�ݷ��ܹ�ֽ&U�-ɗ�j�=�2��~7�J]��싫lX�^�=j%O��e��'�k�f�%���v�KH�hD���P��1�y�DuF:A��$��   �ad���CD��$AP82��+�{�w��.>7���6��z���   ,��iǖ�Կ2,��UA�E��F�A&,�S6E����X܉1�22�Z�jf��rE�X�* ����]�Ǖ���ȭr�>Ȣ��)zp�)g]�Y�L�"���r�8mU՞���Mj�Eќ"���]�����   I�F0^��
�3OH��-.]�.U����$(x�T��U��g�5�6�yWZ�}~���H���ʚ�}{�Y�iLWR��F�#|MpFi��Fd6b�a)L�j���jr,�ڙϖ&77�M�s�*;q��^�M�vl����\��u��
�����5�Kgwm�~��«�	��M#��:2 �� $��7�V�����.#��6ޣ����fK"k��x���_YK�ՏR���z.��F�-��P�Z��ʼ:�KR=QQ�H�Uc0  �`D�U�d�2<8�Ew7�d�����ér��e4�B	/C`K�$    @ H 	DEKdPFq�BkA4��@E��x�+l�����5?3_՗���æ�� 2~X#��^��U��ۺ��F��|��5B�aUkQ��F�(�a�F6 �
�HP�	   ���e����cvg��� ���6����wa���[zz�=�߆~�J�G���G�=�+�,�\C����f?�$��f��󉥣���h�;90 �
 A �H
                H A �                   �                     �H               �b�:�}u�����<'��No�w��|g�����]kU�1_Df6�QJ��"��/���AWw�;���}O���~&D`���˻��_����}U-�dc�g�^�t�����~ �~nO������]�%k���C��˗�3s�����_�	�uԾ�e&_�p�~{-}#˹9=ɶ����]�y��f��q܉����s��Ț��ߦ�S�
�)s%���xx��9�L���'��^&K�K�R����tG��&u�����;��X�l��V͖�oF�%���+�*~�]qy9._�=�>棥�K�7�Q����f�eU~m#��[�TGK���N�F@q�:�#�G�ᘊ��}[*8&+qV�}�QM|�^���,g���34���s�92����s�K�ߕf�k�ƚ�ȟ��s�ʳ���V^�e�~=j�h�z"�K3�Y�gT��+e��j$��a-�ʻ�[�ٲ�~�ݕ+�*3�� �@THa����b  Q���r�C������^�|J^�d�Xp��<
�����]�   ._c���[�Ebz��ŗM�=Y��zk�E�E�	c�(�S����5E�ři��h �rF�RE�� T
�!�<��>�o�ѿ�fx�uu�}��+��x�u�}^�:p�a�B�=�_�7�A��   !-����J$�oDi��fF�'�?ȍ4�ɾ�����"�eZ���#�\�sc�[�A�-�)P�ItF�.�a�m	i ��n�5�Q�����fZKf�H�H�9��-L�i�}�j�'�ZF�Z��ڸ���ū�(�oHŭDY="�>�9�vf_�Ԫ�vY�ˌ�K]�5sM��,R8�}\��Gx��"B$U�(�װ��UV���{/!F3�o�՛���"���+�-~����N[���Yݿ)d�مU���#�#}0r�H����s������H�0�$ $  �}��97��OH��Y	�/�Y5��E�=_B�������g;실��     $	  ��$�I0�A�B��IF-����E�G���m��M�"��K���Tw�z_�=�*�Q�薑Q���,_�w�O�{K�.w�)i��B ��֘"� � � 2���Gq���� ��� �s�tY����8�|{#�����D�["��l�|��_S4|���\��k\�h��=�x��ȯ-����%b;cw���Y�@	 �                      �I             $ �         �                               >�nU-�دܯ��W�`���Dx��������&V��r���i{.����y�����Ǐ�z��?���*?�E��{�+m� �F�}�����۝���U��Y�Z��#������q����} �  J[z='Ø>>d[�^i}�XsۿD}��/�`+$������U�b�+H�l����9��]������&zL�ޖʎ#smU�oGH�Տ[�����Zڼ��Q��uѲ��b��*)2"�r�T}_R�2j53��P�W5��\`c��).�,*��2g;Z$����7dZ�ԩ��y	
í�iz��]�a׍�o�شįK�]�c�gY��5��=~��:�X�q_�Kl��Oo�`�ڊ��	�y��GRZF5�F:2@     	0��24�-�� :㷳�o�t�*��羪QLT*��H�����Wu��BE  $� ��m0�n
l��M�K�deG��8�}�QsD����pQ==��H0�5�y�6gm�4'�l�%Xܙ��34̴���H���,��Ɇ5.r����l�]r�ޢ��)��|W5�=�+}�v�oŝ��ܞ��*e�	(�E-%�0!�    % %-l�a�YI��Ժ�[[.�Nz8x�W��=��H�Ι=�Y3y�EW�U�xV;Qv�y�Խ�:G65i%�v���	K�qF�`��*�"OD9h�9�I���D��\�kH�Klߋ_<Ѣl�Ƃ�7��n�6��5_g*3���Vf_����mW&e���më�I��y���k�ѻ�fv���H�B�I�	 ����bUgd�8'�:3rK�Mlܤ�e�g�|��4������7͑gYM�5����G$_VYB*Q��]�5�����ؤ�#�����5xu-�d�c�+HȄI� H�g- 9�.UT���m�,�m���vZ��#.K�����Ak�W�JO��c�dd	 �      $ �A( &Q�`l�b+&�)=$���*R��J�m�P�{t->,�Obӷm�:z#���,5��\�Ss��Z��*+�3]�+l��(:*8��A�&]�AR�kB$˰���=�B��e��:�g�w��ѕ�������|ת��n����I�y�1|\|��������3���Mzܠ���K��9E�3X_�3q���3[:��   � P             �  � P  �@  	           �                                       �        P�<�}���y95׮�{c��B*)i%�y� �p�tK&K��G�z/C�U�F=#�ol�t�i=!��O�/�[��yyRȗʞ��Z�⨃����X�h�R썲�>��"��ę-�L�D���I�W�zE��5W�k�ݏ�o�g���򮄫��2��ّř{�qLϭ9s.�m���b^��3����z�:��}���G�X��z����]o�wK�������������t֪�0^�A�����}ل#�/�:      3�����현A ���θ��E������o�0+�J�8���M��'����싢E� I��VH}���=Z+��.k~��Du6U�.I�h�;�.�˚N<��v�������lٶ�1ȏ4vi�zz`uŚ��2L�fi�"͉��M�#�b�Y�se����d�6�4f�>#��1��旹o�L1�pZH�ð�F��]dζT6b�l�e�z@f���=�p[f�P �	D�HQ�-��el��v9���dKY��dٌV�/��*8��Wᱚ_<�#��c�u'/�}Y�9~?�7� N���<:�t�#h��C8�f�2 ��ED��rٕ�4�j ٩�i9t2��TtcW�$w�Z5cÖ�3��Sg;�n5e[��9�G^e�o��Zs��ɦmub׶��X$VaW�2⵨�9,fI��"�]m��9$�l�y���	�ёk��l����(��S莉=�67������F]2�
ݳ����D$�Iz ���å�b����I#��
����b�֒H  �G'Ç,{��� ��<�]��[,�Rܧ�^��]u&����e��C��:�EȌ�$�  �A    R �(*A�m�5U+&���dy��8��Tx}l��׷��trp�K���3�M�S����������y������hջF���Ȃ�Po]��[HŽ���^�&0}L� �lG��o������b@F&2zFZ5��f�F�Dz�ٲ�����ٳ�g���GL�c��K6b=�^�����=���{/�N�J "�%7*���|��c<^%uo�MW���/ٟ?����WI.�j_�Y�Ǒ���fjgg6 � � �H
             @   H  
    H            $ �               �                   1�  �H	 ;�V4�rc��zGM�%�{/��u'�8��K�g*ԏQ�Lq�PZQZ3��24_=-�<h�[��|�bmoԩ�9^;Q~y�GF�i��9��¾�=q��W�q�h�ukl���%#[��V*�m�}�o�])�+?��GW��^
?�]�:�*��+������J������Y��E5�9K��.�f��p��i/Q"V�Z����#��cM2�OQ�ٔ"��P|E�ێO�Yk�W㷗�'�>�{,�tx$�g՝��o��Ń:��z� P    $�@NZFL�7���6�S��r� �ϗ.�飠����^�+g�.��S-.^Wש�@1]�#�	   Ŗ��ˏ4>ŶTw���E�H��;���U�M�ȱ�\�L���l�p��e�̧%$��6�⌴ΘM4DdlL�OD_�z]�}�/s5c!��j�z�.�F+֞M�vϯ_CGƞe�3%tߕD(b�l�ȽG���Q7]������sTS��vU"�ⴌ�U!�� %#g��.i�ٶ$�B���qNR:�4��Ų|V������~;��u���7¡my�՗CI�Co��- $ Ee#d��97��91��5ɒ٪l��-���H���1��j����̷�::%-&�O�o4�S2-s]79hߍ�5k�{,q��E�}�iǇ%k��si(���B9�PZ�F�̎X��r�rm�ۑk��v�Mɤ���r<v�������J_4���O;�� ��-QQ(�ĩ�Ťsֶ˜
�a�ud��c���$l"(�R *���u��K'_��*~i�X�6�̱�s�$���Ak�)寙��5�J�6�   H �$  B� $�	   בt1��u�Q��<���-�l�W��	yw��t|Y�;l��cu�����.�^pp+�+�^g����9j&���kȱmG}��GQ2:y�i EI$ 2�s9=#ZK�ԃV�3|{����gD{�d� ���/H�se>�>[�[���#fx��t��,e�����V����p�9c��q���p��t{>���>�I�� ��O4�~����z�J�NM��7��/����ͳZl���LA$ (A$     @  	�@           @   	 @                   �                             �   &�Im��oIm���pIN��qݏ�O��s�76<X:���� ��[j����߅c,\��]m�ʯ���5������z��r��\~Y{]2��<D���l��t_-#���b���'��O?�(���˞)w��d��ZE_���}��#��G������ZFSfh��9?��r�YˤW��M�Ō?\���L&�W��׎���n�w�j��).��d'�>�.��O*�pYc�$��V3�3;qj�3����ysK�;�#FfDqq�t�J��g�Č���oU���W˖FTq*{�{�՛1�T�/N�tb�$�ҒKH¨��o�6  	DH(  �oH�g7�b 8Go`g� Vq�~T#�,���Oť�*�*��ˇJ� J7��Z����l C�I��   ab�[5�4Z>��Ɏ�X�������÷kL�<�h��t߯B��
����Bn,�u��Pr��K��Es�{������ͽcR���2� �cQ�/_s5[#�*1ZK�BOH7��"��-��G��q�)?7vb۲\�����E{{ei��:R�1�t�Ȩd�(��D�Kl�d��A�����ބ�e\}Y�l�:F�� qqL����O�.���xtsIy��ә?��%Z�
���Cm/DAՏ#�¸�&` ��A�g.��3)�l��b1�0�斃{f�+벫��v:{V��rъ�9��W�����GW��ZGk�[5":(�b��i#��v.���~��R:P7�a�Y5��|�ܤ��9��ʙW9m��%b����o�q�O�>���U��or� �Y�]\:�����δ��:q*��/+��Gj5�]Y�b�ּ���  CzE?�r�O�r�*���y��6�r�0��NV�ͮ�uQܑ�0���KZ.Dt�AD�	   I�$�@  �H$ �0�Ĳ��(-��'�6T�s��x�{~}{�7Qb�;6�+���>D�Od�c�V<11+�JG?����{���«�OK�R�+H��U�w�Z� I$A&���n}�Y�;t �R�M�0��3L��6@l��M#��G'�q��i��堜U�ػ�:&���8O�_8��4�
Z�FY�υ�D�}0�`P+�#����JE��k˭[�r�~����[5�9�ٟ\������Ơ�H(�  H   	                   (                          �        H                  @  �oIm��m$���������/c�76<X:p.	;,����'�~���j�\6����ݛ��W,V�����Z�s1�}o�|�}���˛�y=Y��)�tJ8����>fZ>�Ƹ(V��$-��}'5�܍M�7�k�ZGH�R�An��Z�L���rcֵ鲯��ݟ]Kп���_@;��Փj����El��"��ͺ�D~ke����I��/��93��Em����Z��\�c�mm���욊0����Z�+�]X��������N/�.�Ge��p�����<�E��A��q쾄T��\��,ۓ�ҨsK�dk�TR�WE�p�,tQ        3zFF���� [7%�a\}L� 	=-�k�^�O�uH����U�5fd�_ԔzHt�W��.��d&2$�v("LQ�  P�ˏM�F����m�#������Qωn֎ª��[,��4@��ȶR����˧C<��(iu�����G�-�.��%���aG�=;%�L�l6h��܊���"�zH������W���<��t�(����d�B�k�4�ꡤj��-�Ii ��*$Y- 1���{2�g3��b6C�:`�(���� 9�X����Z_s���^�vEx�~�d�*�n�|�e�<;��EF],i��F�@�����r2��4M���#)=��ED�;e�0�G=�;"��V2l�ʷ����'�Tq��S$�rY79�o���v�Ƒى_4�.b�I#��G����omD��7r�'��t�+l�Ȼ{�$��}�sf���ޖ�ї/�£�?4�#,
<u��]Y���'�]}�@$�ů�i3�l���%�ɕ�Y�EF)#rF1Ff"� TIzD���xu6���W�M�>���̭���l�-�s�����=tE�V��êP�=ugr1h   
$ @$�@A   I$�'͆�˺Z��e��r�v�<����&� ���_>-�*��p�󿯩��><)��`���vK�%U���T�oH��7xtˮ�W���ޥ躉����+^�A��fd	 �*A����Y͏�����Nu���o�8q�u"H ��z5�6dKQ'z�^K��tǬYd��ֵj�{���?*5���_]�B_Sw
� ������:x_��>ǣ���HP��ȹ{�_�!5��� k���2���e�Z��ܯg�x�}A�H                     �   P                                       I     � @          P$�I-�e�rQ�m�����9���Q�� (�y��⛾�a�s�8������'�'��ï����^���W�W,V���·�u>VYe�_,�z7$���g������=�"���ϱu���<{�;u��� �|��R�
���
�#����rs��7���oGDޢq��G��c�r�OH��J��u\�쎌)�� �ܽ��0֢��4y����=>?H[g-���ⓗ�:_r�ɨBS}��Q�Mʉ���6���&�;ف�Q�nƯıo��X�����^���3ㅎ�kėH�
�?��bR�����4��)[��V�lgu�*����1�B+:a���n	ii         1��5M현	Kl�d���Z@ ���m��7�h��eF��9!��}[8�*�����ٿ����2���~�ܕ^���J�C%v*�H��%02 f�H}�+lZ�F�7d-X�Eٕ��$eE�n^�FJN�٧�`�.����rUu�9d�����Oʟ�zc�Q��]0�j)�(�lQE>E�ʵ�\��H�3"v��O�/bj�5AF+������쎚k�ٮ�m��Õ�c�N�"��=��l�힎K&Tad�u�9�Y>�;0��y��F&m�U���j�%&�%��;�ɗ�Cw�ƕ\_�lۉW��z�`vQ���ZG><�P  � �>��#S2�0�(��tGl���D �Tucz#�1�2�9�A��svZ���o�ș�Tv�A�Lt��hsIЏdY�W�d��
c�����rd߭��m4gdm���Kl�ٹI���i�Rq�,�
�H��莶�M�Ȫ�y�A����Z��
<u��]Y�	��~=nrH��
I86��gsɸ��Ȅ �$�^#��.E�9�*�l����M��Ecݝ8���s�u-�eK�h��YU$��"L  �    RI7��ّ�z��$_�����Y�;Z�����6ˎq�bW�E/���.3c��<B��߷e�˿c���\#]q�Q��Hәj��6�n��9�*����� '�F�b�yӗu��z�*�)���R$�L�I��˖�Vf�ٕ
׾�:V���o�Δ��QZH�F@�L�A�9�]�W���î���<s�J��D�6B:Nj�5�'^-g%G�D���b���ؑk�\x/���à���Ho�/����#�������X���� |��Zz'�7ЂH A$                           (      A$                                      �         �:���(W)?C<lkrl�;�~��\��1Rk����nȜ}N�˻㛁p̤�����#�b�W�R�k����֡\R�3m%��m�����޵<C�8�a	B�#�K�q�1
�a>X/�^��̟�P��i�^���庞~�fwס�u����$�+]6z���X|>�k�%��zGј�g�8���E�飜��nF�=#�b�dOH��S�ğס�|�"���TB?��#g�.*��_��Z)�#ɍR��|�|n���/�o�TGæ�Dq�<\�1�h����ӉW<��#��Iu�4��iim�#'"�Z%m�Q��<��♒���q����r��y��_�'�� 'muF��T=;�vELb��ZK��<��ݘW��7@ E      ��$�6,�HD�m�Lb�����Z@k��G6L���7I��~�-{��c�����B'wLʟ����S� �rUz�_c$k4�3EF@2�A���d��d  &\}N]��l�ȲvZ���)==�,�|��g�Ǣ�ƺ֒����:9WY����5�AME9�m�¯�߷��v_/�=f�#E�79=�]�FT������o�9����MZH�Kl���kdQ"A Cz[4Y=&���l�� ���-��fR�>�NyB܋9*���f��u�}�h��Ջ�mp�?�7<	7̣os��_�MS�甶Ι���)��ßύ�)N-=i�K�K���� ķ�-�[�_�*���i�����V]U�Q2�� Tٱ�#D�F-��zFo��^ih�:c�����@�]*��ȱB��n��T��r'�A�9;ml�F�bvAt�Q���E�$�+���|ʪ��1�Q�Mʺ߻)�fܻ�����,�P� 7��H��w�t�q~i�0(�1�ך]Y�Z�gs}aԂM��rZ5%�X`׹�]�V,qk�#�(��mG8� e&2zD�2��[m�@Uq+�>U�Wul�"�k��ǩ�46��#�b�WRH���)؛싸�#9U�� %@    ���0��,}Q�j�I� &��}"*�#�+�K��m�X� ���_�<\O�Z�6�}W6���^���i�)F).��hKzE�䄒�?ܸʵWT��<w���WF�ךC;�5�sw~fz�㨢��R�r�и](�  $�◪����;��y�9s��cǼ�Y;Gg�t����-�|J�T�)i%���R  �� ak��������;����n{:��-z<�^�N�{#N7YI���:��Ͳz�=SX�2�AĥϘ��H��j�����~'^�硂�R;e�b3eP$�?�$�תf� ���{�O�r+��&�k� ��y��  ��  @                   �H          
    �H $� @                           @        �iڣ�.��*1I%�##]�9�$�>&�{-�2���I�/S��3\�e�R��dh�\j<��\�������s,˵�oQ􏱾.,���\��s�Y���Y�Z���|�f�R^X��GT9�Q>������ֵ+:�����1���n�wW�v4�-#kzG-���#U��4�=#szGD��n0���*x��˪��x/R����Z��Ū��r�+�u�ș[�v���N^�lTP����Z�����2?�;yH��.RIӉ���c6v�{��%轎��J�u�ėE�������k��nR~����P�xJj+���߾���s�Kx�_Vt��K��F������@        zF���l��V���  �z[4I����z�%�?@4d˙�����Q�H�L\��vn(�O��2�����%r�T��؍|�5I
f辈�� >Ƴa�]��S1�@l;9�2�So��ʀ�ĳ<xU��}�6��W�ڷl� ���aJ��3+���)���H��9����;1Wv�%�e���ܥ�^�=r�����c슉ǭ�J˖�/��:���[z:i���՝)h%�J�E�% �!��\��ө�u��5_j�m�#�+2%���� �3�S˽m>]�_�\���[~�<�&.�qܜ��:
+�[� J;�\+�,"�����5Yo!��;��N8I�h9?-6���+�m[�#��Gs�"�H}�zv�U�r�Im�2���'vL����q�[q�˭;ꂌc�"�;9)������^d�I ���l�̤��YQ�lƨ�쉽�Ǡꎑ���i	3*�|�b�A|ݷ�dX��+i>�mm횃���:j[��H�>�ؑI��F7�I��D��K�8���X�\��H|J� 
�H������ʸ/��'�]`u�Q�����΢	@l�;e�|���v\�[.���ь�Q�(� D  b��ݨ��et�b�/�o�]K'c�˚gMQ��Br{e�%|�E�����T����aTTb��6� $$�@  $z@���u�Q����e�ޢ��-#����gr
�	 �/�`:+�wE�^���BS�Ҋ�g����|C+��EO��v5�E�Ø�����2�4�n�"!��2lU���dKڪx�W*q�H���p���,ȗVޑ��mr'���;�.6�P�e�o�z�:b��Rf\�2���$�B�� ��V��dy�f�8�^��m�ˎ1��Ɨ_B��Z݊��w�}O�`�3��ȐA$T�2e�F�!�z8��b�uч���nIq#��s���H�a'�D��n�-R~��v9��ˋ7�=r}9U&����g��dy�l����Q��$ eC^K�5���9�Xw?�?��8��� �L�:��U�g��r�� @       A 	 $ �                      
      H  $                        �        ��W�T.w��$y�+Ǔovx�zEvEO�ɏ,��h��g���;{�� N\�u�m�ȳ&�;e��� �1r�K��I5{m����̄5�O���D ��a��y߄��t�&K��'�9ew]1�,z���ٺ�z;"µ�=D��摿"{�h��7e�x�Ĭ���uc�rB��-�t�U�fi�7��5�ѹ�E�F��$�3Ç����e��[.�G���%N<i]�V�9Nr�4��F9OX����j9�����Ep`�ˆ��&���J+�Q���Ԭ��9�_,>U�-�        I�a6/��%-�&1�3� ���&�ހſS���5Z�ݛ��,[5U�}�Q�ZZ$ ��ģ�t���s�ǛN���x�&��=֙��e��e�GF<��>�OB20FH	5�l0�y"Mp�є�ps��E}Т�d�E�Ny���d/ʋ�s볊���4A��B��"��V�3�JJ��pfe*�rm-}I��I97��o?��ڪ%FTBy�x�|��^�F0��Q��GEU�0&��՝��*"QFĶ@��H��"�,�a9i�����99�X��96�J���:x~:� 2K�L��͵�7+�F&:����}΁�.�\�<V�w^�&3Hz�y�ئ��	��g�\�q�W�)�L�&���e�?nr��x�i��B��U��[;�
�0�H��U���8d����s�U�cE>���|�S�,R��H�p�^>[��ucG��5�D�trH ���5��ޑ�4�"����\ts�æθ�"Q���i36�,�+aUy�;o�썴C�9�NS�~�}kH��+oGT_*9�������7���  ���F� 
�X��茰(�q��iug$7����u���gZ�0:�ks�IX����찊�5SX�yͪ 
�o@��i���9*iz�^�9��i�r���"���Ƥ+�-El�ᕧ7/b����� �B��XȎ�ؐ(I� H$  -��~�,�NRQ���C�>����r�����<9`��1ZFDA��cMS�oQ��"�~,�^*é�m�����<&���H��R�<~Y6&��� c��X�n�4��
�-����ՖWث���#�q������7��${y�M?ӿ�a�*�篢<��|ֵս#�aW���-����'����D�A!@ޑ&��<:e/dA��(�j.�������x<2��խ���JǗ�!R깒=�$)�R֑��GH �*�A$�O�Ӣר�M�{<��wdt�ͻ����sgMϖ��we�yȟV��^Z�׻;ʞ5f���=S�8,:����u�/v\"��D��E�d?j��p��p|���>S���}�C�5�d~�)�r��A �  @             H $                     @     	                                � 'gǕ�Q[m�����T#��dz߅�c��]�®�߫1�SƱ�oO�Dq���+J(��j&G=��9��Zd���U��L�\��#y�i��b��ϲ(ѕ-S?�+�:��%�#�6Z���M<*:�m����g�gA>��v��`�]K��O�EE���������S���#�Ƥ�y���,\W/c6��Ů��.��H��jM�n��T���:xTyp���v��������P        }�O�3�0�z��b肀 "OH�gc�U���#T��ע3숊�2(El�����p ���L��̆���|?/˾�f��ɒ����.\����e�R�2B�d�"��2A����ñ���vq<���E�c*S���>7U��q��^
����n�uW^-
�֒92o��zK��M���E^L��i�.� ��eu�νSWH.찪��Z�Da��z�K�����ܙ`U[���\Q֢��;D�f�JD�T�Kf� �͑j�O��'Ыț�.4Ǫ�W��M�a�J�\���O����EivF�z�U(����'&*���%5�"��f�� ���P����د&�d�rt��ba�}�VuM���p�+�oơW���FnMJ)vF�����e���t4P|U��a�/�k��7����mM����ܫ:�o�kDw#���u,1��g�uGLWC"� TI��s93�=#�\�H�c#;{�����$��oH����șk�g%M�qݖ9?VX7�ñ�aTuaP 	 ��o���>��m%��U�7�9����QفG����K�:�(������_�_4�/q��3�X��d2 �8�nU���d��N)�؝��6�f�a���h�JVk�ۋ�teݍ_5�^碦*0Iz6�k9��u��U (�   (  �U�*��}���?��"qE����v��
y*E'��6�#�UX#Y�O3�wp�84��,���A�|1��u�Q��<6"���i�Y�9t5�� �,lD��K�e٧��dl�Jm�
+x�F�����|B�dd7�E����sߚ]"UB�_Ey��ݗ΅�	��UW��P��*�E=\��"���A�J"i���ӏ2]Β	$�B�G�Uc�o��-g.X���L���/��ظ�qp:����6�>c�ֵ��'B�,���I��=�BI RI�i�~]8��yrH�ÏM�;~\��b��j0�Z�fKsѲQF��䵛�,�16�4�zߔ�Y���k�Yh�c�\p�r����iƏ-Q^�܉U� IU�,�8C�����I�|�x$��M"�G����#�ݒ�|�'w*I    �@A�                @                                             A $         �F.RQ��}�=�R��l��ʟ��8�r�,w[���t�V7�;�o���|#b`Wy�ܾ�&<sx�֚;�s�vG.9f;��땛��3���9sH�|�s��V6=D�\�gFD��r�m���+H��##��exQ䯭����d7UZޖ������T��i�	�¬���.��r���2|����ër��]T^��~���9��E���q�K����t,qiuԹ��][7O�f��|�9�Һ�~� �<aG����/2&�M�-��&>.e�?Ch�]	 ��      I�	=�+�FQ^�A �3z@kol���ߢ3�����R�*p[f)m��0��j3��0  
�ė�ƒ}�_̸̎�߳)3ӫ.�W�� "��N��[$F8��}�4�'u�C$����g�1:�]$��̗7���K�ס�ðc�_4��.������
�{�#���ٖM�&�������:�~_W�<��t�*w�ͯS�Qi����~'*WX��ȵ��&X���vU^�5W�tb-QDؖ�FFj�ŲY�Ll�DTsfި�S~�����7���'���^#7vm4.�3E����W�Ǘ-;q��iȹW��۽�F�<��yk���ʾI�[/q(U�-|;Cͮ�V��2�]	#`ӚO�-�wi=���9�+���O��8l\����;p�ݹr_�|V��c��J#�l��OMqdA$@�``�},�c�Tj����LusUk6vEi
2!�"M9rV�[Į�"4Q\�쵳���%F�@ H  !�E6�$'��O��}�4x$י�g2y�Һ_${�(��~<��E�~�Z�i1��:~֒ *7�Ms��4�O�-���w)=�.�����y|�S�[5�Z�W��rژ�Ev:�"�.RH�.xm|�m��ƬxrV����(�P  
 '����u��y��em����Ǌ��k�+���K[Ѩ.xU��֋TiǇ%i��$�FvT0�,ȱ��ݑ^{���.ND��{���5Ak�� r�O32�˺�K��_��P�=:������+�����'՝�|�m�c��r�ٿ�IpY�Q)�B��F�3.��ZF����	�.�dc����5ů�&7vֲ��=^_CNu�q�{�v/,
�K��)oj%��(Z�6��j&D 
��wxt5����엍����Zc���C�|C���]~U�J)���TV�|�9�ؾE����n�
;��^�<2��w��@R��1��,ͺ�洱�rղ���n�)yi<|^ܝs�8m|�	K��S��giׂ�����O�y��flz���S�ŗ�|=�����V,W���F�k�H�4dH 	<� Ư\&��a�5��8~2�������^���>�'w0�H         � $                                  $                         � 	   	   ���:Y+l��ߕ=�b\+�No��W*�<#�*⭲:��b������uT�� �򰷟�嗏^Z��w|=��|d���3,��T ��%�i�}4{�rh���a7�Iϑf��˞�sH��#�fm�ŷ�"�9yƥ�O���9xF$�ywvߗg2��W��G~_�G���QTa���h��Q��+�IS��rU��c�4c�4S�Z�T#����fr�[���ǳǥUJ�Z�+��>?�b�ϫ-���U��ɕf�3���+/�4�����U�����F�_&'3�7�_��8������Xc���{#Q�A%@     0��e'�� eBFh  (k��6>����>���m��q6K�I��0�����  	��Cx�_��g��[}��4eC�Ɯ~��f鲧�^��7ؼ;���y��)SG[%��cĲf�W���H��|?��ǿ����-�>��,<[��.��ۓ���d^�}z#�����J���wd�F~s���}=_�?Ē���]����>i|��Կ���%���g�;*�H��QF�G�v���lH�f֠Cd�k�$) i���ʳîR�[��_��3�u���׾k_y6˶x�/og�.|�l���Q���,�:1���T�N�Kj!�nF�e�Nu;����,�~8p}l{g%�uF�2ly�r�7�V�ȭ����^l��=����Dt�Ƙ@ (c#&`��E��.Ƈ�EF�x�l�c\ufEC+8���6K��ys��4�r;�Ѫ��l�T $  ���j*��i�;-�U\�'�#��ȖM��QGf%
�Sx LV�i�W��,j��y�R�RH�W�c|V�� l���l�g.���dX�◥���=��s��]�r��ĭ��";q��[p��M���b��U�_3��H��$
	  * ϓj��&���~)��ȟܰVe]�coԲ�t�k�Q�����X5rR��j���� ����U�,���}2��k��|W:<?���-E{��p�J�,˷���6kU��JU������"����̷�G'�WC[��Q����u��4�N7���-�E�1�{Ս,�����W�xc���Ǥ���Ç�������*_����Q|��\6�Lx�ר�k��&ܻt��
�{�c2��v�?�����Bz����+ؒ&D��.X6dqq+�X���帴�ĪƏ^im�s������T;���N}����<?�<r�;��P��� ��XשƏ-Q_Cq����$ Ր�i�{ܒ9se�+XN�0��l�˗-f8��i�V�U9?Dyq����M8^iJz}�ӏ�'�89wkgY������͚�Gݕ�	x����� ���������|9S�I��GY�/@��� ����²$�P.�� �<�kë�-�����x��$Y�)E[�*C�ǆ�16M���@                �@A 	                       $�                            @@ 	$     ָ�Z����������q_�fe�5��������up�^�_�^��F�!T�V�w�w��8��4���KG1葛X�ZG��ё=#�uf�,���+��Z�4��Ӛ���-�\'�#,����}�j��6
��R����gsfR~��Vq��]k�[9�.�r�E�u��W�5�)O+2�um��?���+��Т���f�s�>Tن��vih��/s+�s����a�{����ߌ�g/�q�K��]>ȹ*8%|Ҳ�woE��   �H ��� �FQD� ��H�ol��m�ʂF��a��S��c�m��4I�b	  :�Or��,�ʺ5��yQە��~]]l}:z\3�x+�=m}R~�T���� ���k��t��(��H�����.��ɳ6����ad��.�U"��i��}�_寚^�Is�t�r�.0�cTb���*q��#Ai#���&��Q�1�B1ٵ"c"L��Cd��)���%� � ��+����c�芎(��2_*��w�8r�/�,e򳓅�b�s�����g�S�)�-�::��~k?r�	j�r���dL�bKz6���/��l+%�kK�g��˸���<N��_^?�l�O�ZL� �;g�k��/�oe�1�4�*0Q]��׏���u�j&D"H�$3Y#]�Ƙ�{3m1�J7.��%�\��r��U�#�6|�Ѧ������� � Fe��S���J��_m�,*�U\a�#����w��O�`@2��1Kg^%<�[(������ZF�a��n9�� @�LɳT�*ƹ���B�Z���&y�7��$����ժ{&��mu�XcÖ(�ă�����m��xsأ�z �ZKЪᔧ>f�)i��A&D�H$�  �&�Ցj�l�yV��O}�N)rQ�O�(�|�Q�5 ���)����K��W�uU�X�� �o><?����ߖ�dyωr�ġ�K�+���eUj�"�#���&��gY��K\J�K���I�\>�J#�������߯��	F	�o-AK�H��g�M���8�X���=d�ì��#���Wg�b���}���J���[?�q���Ӿ3��<��}��렕t�i����"�\�|,w��޸)��r[��xp�+�QcG�Ɋ������Fd�I��<�ę�A��������)o��O�q����]d_&�7t���`�u)}����s�Rl��V�\2�w����O����>?-u��Qn�##M��HT��u���Y�Z�g��oR:q��8�U����mG��+�I�x��^%�G����Mn�>��<��+��1�D����r~������ĽV�\���"�Leӹ�mn�(�������E}�Ќ)|��Okb��U){-����E�海n%Jv2ݨ��Ƕ��]HF1���p���]�|C�?O�0����f�l����A�  H                     �      I 	 $ �@H                               $    �@ A �  =��XӶ�3�nR��߯��$�1h�.<)��э����٢�sH�7��}Nl�����4�V���ųU�)˲EE�R�8�ur�z,X�`¤�������c<�#<��[��zKe����[9��U����W���1���2���o�3&��Q=́�lXWDt6b��>�e�ZL��X���\�ˌ+��������
�����,0�� �� b��Y��2��X��� ��Gg���V�΢I$�"J�H    	3&k}X8���@$�6=##E����[cF��Tg�d V�CQ����@ ��Y<��W����FNL��5��OC������ſR���c�xr�~#'���O�ߕ���zH�765A�-$S(��-�ҟq��v��o�z���B�Mb����&�3VafN�^��7�\�-�.� @��p�����e�u��]i����vn�ttdf֤A%��!L���{�   !����O���w�E���E_�?�2���}���2��uY�[*������KE��V�wwon3SJL��?r��J+�ᦟ�����:_�f7ϖ;5e���i��O�>l�f�%�Ua��f�{�C��MS�� �}��;�.��~>?n?��������#���;����zk�� Ed���20�ծi�uEii[{7��5�.Zٰ�͟M]kr���ꎢi��Ӯ�AB$  z[eS�~v��p7�,��k~y� C~:���S���$�K�$��'���,~H����4m�E�!ʌ[��d�� d�I�D��L�L�̫VD�kl�B�vW*�zN-o�Cm�G��.�\߫:b�ً^������]qJ(�����ӡj-p���]�-D��(�  }J�-K�_�����@f�MF-�'+W�egȲ0���b�y�٫�Я�[��u���.8!��f����B����]��|e������o��x�V�U]?��G�8�p�t�Ւ\���C�%�e�}[��c�`��$Zp��76���[��ëP�Oߩ�7d��S)}!�͝�+ŋ�3�����P�M��8>�rSεy�~]�#_�;kwt����Tk��b��9ŧ��9
�X��z~ɷ�-��a������ \���.)��yoZzNW-<ެ���
W�1*�,�Q�o��v�3]��� RM����z��u�_��^��_����YjJ��"���J�O~�_ø�8�ɟ�s��k���e�U�[���]�R��U�)$c��i׊w�W�u��� ܳȻ��Ɗ��m��jWj�zX���5��,gw�y$VQ��.z�5�-��ȗ��=���.Iq�Uf����ߪ����MB���#�|5��sr�ꞓ:�7�o��^����rb��GiG�����,[=3�26]�����5-A/���Z�ݭ��ǲ.H�����������Ty(�>Ȭ�������;7��j�={�R���2 ��|���d�|k�Y���X� U���ܯP�ٶ)t�k��� S�wK�r��e���M0fR1:��	   �                                                                    A             ��=#��sH�zG!�:�3z��l��t�OH�]Y��b���-s�h�y2j1r}����i|C����]}�KV/x^*��Ї�kr���6[-�#S3���[90��Ov�寷�ݕb�������q�k�.��Ď���L��l�y"�̴�ͻ}6qWm�_��|�;1���ݛ�9��
v>��K�y�[��2'��3�Y.��W]>�s��F<k^���p �@  @A�1�1%�d�ub�� ����ٝ�ق�Te�o��0�&���##]���.�� q�|���NS}6��ٓg��Sm�h��į�IX�ȃ��Y��~Ƽ������<G�Ư,^��\<2������/�tc]�l�nn5'���ɯ�UIs���r�kã}7�1G'ÞE���[o�S
ˆ`˛���.�~�� ���Z7B�5�}ͪ)�ɣ�#�l�9"R57���6�   �*2��8�lvOl��\��/���d��׺�l�gU���}������r�]9�_��O���tpq�2ėD��P�G-��S�,ж<�!>�9W��d�F;5;b��^_��Ǐ�_�Ԗ�K���ѕ�ٕ>�M豊�=�c��OY|�����؍TGQ7� �1d�D�ͬԗ4�6�E	"d��̹m���j:*�|��bǦͤEi� �4��.��V_'������w`N2��e[ׯ�e��"��$d#��d�N��js�Z.�hP��KVF�z�"�F��$� �ލRfRf�e���L��U����s�U�9q+��9��ʔ߹aLyb���خ���P�k�SZ܏A�_%1_Bd�� 0%B$�  މ0�%��C�k��ע-3�u��ݔ6ˣm��Ta�_{��acºc������v>��QH���C�>�
�=��8t��O���y?���^|��:o�g�L�ł�u�D��8s� ��=��i���5�e�cEnv�./�/����98U\�s5�������m���k)�o������4q��xFu�ZJQ� �х�W��n�ʢ����"� ��`�����f��Y�-Ӧ2ɷG� ��N}v��]8����}M���i����;<|�r�K�����=�(s~��Q����y_�Ꭸ�=ϕ4Ò�G�h��2W�Q{���7$���q����Ǐ��4�S{ȡ͝r�roZGI�>'ʔjTV��zH>	[�ϻ6kj/Q=649��Dpp�e��]IuKo�Z�J���+��oL�t���L�zCP=5+PH��3�x������U�H�}<��@$7��(��[��Ď���|ֶZ�孶x1��l��U|C����-���9���xT$�[<�����k�=�{�Z���1H�pO�r����n�C��Eo�z�/���z�e�\��l��7�Z��z1aq�!��v��|�����-�^�{ߍ�>=}�5�?�˞�e/��y����>ȹ%VH9(�ɽ$��G��7	�i��܃�#%�������9k������8퟇�
�� �i� ��$�`�LY�,��(   @   (    � �  H                                                      A           ��.i��{�b:W=��]WVg�<V� �?4� �m�q�	ã̵;<̤ƭ�.�k���#���.�������.���;��Ti���#x�������J1Iz<P�Y�̵햓zF-jF6�F-�EFU���o˽u[8잗����Z����Dt��li�.�Fu�B
(���)�u�V���h��ᐖV\�맿ܹ4�б���]~��� H  ��ɒb�P �+H���$ �	�##E������o�t����$(�>��=#�ɨ�)=$Pm%��7+s��q���HB7qy+�i]�[EQ�G%zIw~���E84�e�/r��q6���7�k�ӗ�n]�6����xP�sK�7݅a���?����,r/��9�%�{�+!EN��+�鳊�x��!�{�8X�q����O�r�I$����*0ZK�H讲x"��tF)"cf֤Af�OD9h���{d�� T  @}=�{��`a}��V�L���bP U䷋�at}ԏa\Օ�k���帝|ԩ��,��9
���W��x���O_[�c(����b��mi��]�*��O�.K��ă�X��:�&��q�󸵗��Q:�㼜���.�+US/DtSi#_�ՍS�񺠴��P 2	d��B*^�K�Cl�"AzA�2��-�gNL�PZE   h�Ȏ=.O��d�!��m�/oCv2ǩ/���GǓo"�˶� �\zH���-$[��%).��K"p�yR��R�+KH��H��  I�&kl�b�+	�F-���c)�K���DZq����c>�vO"}!�������,b��|Xj=N�m8p�(�ID��N|����b��dH �@#�$􌙢��V߲(��6��ʻ"�����WM�nM�9�ݗ�[4=�Uc���Z�q���)/CqΨx�+o�W��/t�����;��xu��Z�\���7�ۑ����|�[kfr��6����É�./UK�����+���^m�2Zo�^ŝ-7��0�3�yU������<n��fC��KO���7��b��T�r�αt�,۩�wt�Ʀ8�B�-F+G~,?S��h.f�;g%F<��B-�'n��M<o����ĺƥ�^��p���rGvQp*�Vu���6Ο���<j�����/��� O:�svdOm�.�<y������Ů:�;�~;����
��[�W)��v~�:�z��WM��o��� �\}������m�x��g���#��b�p�I�=��������Kj��4���𰮟����G����z|�!��Gc�uG�#�F������Pp(t��(���:H �MY3寡���{iz�m\f�,H�첱�Rq�Atѻ:�
��D��:��K���]�/���4���.ǚ�z/#?+1��H���~8��n뗉��a͞O�y�׿�.����'*}Z+p��Ǫ�GLY�G�!ˍ�S>%�}�懲��ُZ���gēo�h��Ŀb{U�����o汹2��\p���HͲQ�<�ƙ<���E������l�f� ���tcǬUт�'�OR�~;��|/	~��� ��z��"d)�QҚ�<��a�z�@d@ @ �    �               �@	                                                          �dޢp�>i�,�r���m�V���-�$���#���߇Z��*���5a���X��m�Ս��j(ίs0le^N�8�x���y�YNJ1m�G��e�/��K�PJIvH�ʿK[2Ȼ�:OEU�9>���O��8�rǝ���Ϗ_�g^˹`���2Օ|q��l�H��p�K3:yV�I��7q̹eeG����^��Ţ8�F��w$V�H�$ @� TI��_rb���"$O����{f����Q�����V��4�d����^�S�t)�4ޑ�E�9��P��6cbY�g�2���s�+*�j}#�%�OD�m8X��J1��e%��q+ya�ԟQ�����n5'�U�����0�ǯ�]}_��S�qs��BRQ����+�x�O�^�L_VUB�-��x2���Uq���+��B�cUQ�Q�U~��,+���c��'�[Ѧr ���)lN[d��@P  �v4[j@.�KH㜜��ܙ�@Rl 6F�ɔR��)��]�����uM�|���ԩ✊��?:]tr��sn�Yj�쌵�p���Bm�ז_s�7�Q�n�.�^�?*+8}>2o�Vg���g�<~J����I�u��˖�LVދ
c����n[;ⴎ�� ((���)nF�c�ARk��6z�Ϧ�9m�L���Q �,�Ps��@-�5V�7���+�vG�oJ��{��g��SZ�Z�T`��=�M#mT�rI#mұ�-q�Z��\��0��U���w�:DF:30� 2[5�E�lĐE4hʹS[~��5��\܏m.Ȳl�˕wI�'�l��;'�.�{;8���5'�o���ꎌ����m��a��ZܐE���޻�Ɯh���7i����={����%�%��粷� ��]�FJٯ�Q�b�C|��t6Wq;uT���t��y���s�E�]�Q���B���Ԧ�r}9��x5^4_^�KoH�KH�����;!ba�|�ʺ}�*��|���a�[�V��ʬ��\?K��h��ɜ���ڔ��L�7%�9��)��Ln���r���s���m��+p�ˋZ�<6�c�e�I$���7���X�or^��g��aF4Υ*��F�,��[�j�o��7qNVuNt�C!.�tR�3�ɖ��Ŏ���ec�����Iz�T��7��V�L�)�}�J+�;+��JTM�b�d��Sn_��}�����]˄c�׮�oQ��9�6���ql�g�y�u��$OY�n\;�8��P��/�EN^-my�y�w�n+(�E/d\p��/vTz���C�?m��fD��Fj^H�]��N�cO�aNr�]����嗚���o�s��Sƹ%}:M{�FU��vn�{�3o���G¸V6%����f��'��Y�n���M�#X��
���5�RK����o��+P��kG~�"��1��l�;W0 @�C�{�#^�]�孳�r�o��~VZ�N�s��q"��ex8�>�r�ܹ�����%��Nv6T�#�8�㉿j���o������\��-MTEB��z#+���S~������6�#�Տ��gF<w}q^�f4�W�!�Q苮|�oH�H��H��'Y_c��4G��ˍ�A�=$��N��fg����c�1y��vC{�DǤQ�<�o����[�'���������%ڤ��e��\1a.�sI}}
߅�� ��n'�l��
���u�7�?�9���yڕ����U�L���}�Ss� (           � �@	 @           $   � @A�                                              {�e�!�c�l2��OH��~'�U_ȗcl��.����	�Q}s�m��Q����:_D��-ua�/�~Tt��b�B�o�J�h��t�޻/A�a�s��s��ŷ'��į�\�tEGU��K��9��b�Ĕ�\��v�J1roIS.�q^'������xF;��U�m���屌 ��$�di@   	Cd����"(�"  I�ߡ���oI�5��Fu���+lޖ�ŗ���5��O@���#B叚����)��Y�o�`͘<=S��{�T����|1!�R���� ��������/R���η��ڇ�I�Ƴ"��e6��,R�D��R��D���oI�[}��'o��66�?T����<�E*O�"� �j�U-%�����ZUu���,+�H��dEu���Z$�Gb�g2*g3�R��f&�b�  z���t@M�r��sr"srf% ٺ�[`k���])-�mu(���Ii�䢺Җĥ�Wfgi���7�~�g���N���� ��N+�e;��Fx�ܾ{z�� C�k~����3�=Bޟg�zL̈��Yt�ʺ}�#�[�����s�?��>�|Z��ӟ~��^?秫���g���ɳ��gz�a\u��Z7Ui����ǆ�:+ZFdP2DT��Lŕ������&l�X��u��R��:5 j��Qi�أ;,�Pr��Eo���cLI�.��Oq�v^�>2�T!/b+
)�pP��E�&2��l��֧b���]���YWTb���+D�IBHً�Q��\�vFɵ�� �(:%�Odp�����	�!��"��S{2���٣&�s�]�i��ȟ��/�DvcE$p������쳩j%�iъ���^�9����|~���֢���DI�RMi��s�S�U��Ӓ��6���%BO�`s��B�7�P��&�q�cc��.� R��N��k[,F����F=���
E%�y�O������/]���k���(b����z;$��S�E�|�eO'&�Ro�]>ă�K�M�*�RL�V�/� '^.K�����џ�����/�9��O�����O��ꌣ
�.�"�&�}����e�:Z̎hݑ�%:/��}�~#�c�\�}��I�������9Y%��d������E�qd��UJM�t�t�\�WF)M^��%��˵pQ_ȓ�5u�w�/���:� #sOۘ���x�D�j�*.8\�>yS۷"nRoؤ������cF����b�<��{��9*h��)�}|�	�u;���q�=��t�7�nPvI�oh����ff���or{���YL)NOJ1(�RȾ�#w{��c]M���\STi�AiEiC�	�C�Ϣ;4p��ߣG���������3����%~�r:c��c�c�u�����sᴱ�ױ���.fua� ͙>Z��'>TsgϚ��z3�
?*�����I��=c�NL�)���8i�|Au��W����|Klo�)����>�>c��v�����_����'�O�-Q��+��!�������LNw�og��5�or��xtB�$z<���o�G���\_�~H��S�|<j���#���+���G���,�\�N�N��##|����
��袶�.}}�]�>Z���I�v�W����w��K擔����\_>��GĖ���r�9z���%�eN�>J�u����C��� �  @      P              �@H $ � �@       A 	                                           {�#%��>��[f]rg�D�B~�-�� S�Y���M���.�l|Z��R�~�l�d�b٫j'?��qf�խ 8�l�2�r_�$L�.i��?�nL�E��)����:��֢r�W���;)�,v�N�t�pq�!ʿ	K�K�k���O�S�5�����C��b��U�{{��~��� 
      1�!ՙ$�H	 "$�{���zM����"l#�V��E}�[�k�yT����.�����O��;pp!�g������Z��}��rq.&�n�o5��ס?�3�\F8�����/�p�a�R�FW�r��3��j^>O���'�wM�k�����ʻ�ؽwݢ�u�fޱq���"�����]k����G��%*1[����Y�^��VDW^���2�bރz4Y0&s9�&ؔ� Ԍ�  Q�)$�k��@M�kg$��Ȕ��1��(��5�3utu�t´��]z�1��2�j��TAؑ�d�YI�ddF��NZEE�[�7ykEr�et�8˿y|uR��7ݙ�L*�����ad ����e��F�N�+����6�i�y2Ɗ�4��u1}_�ç>�<V��Lt��޺ 	2�3!"@Ř>�l��B����I7���Orr�tggc��%9�-k�>�D�Ү.��ߩ`�'6>J�=��+/��)��Yap�Z�a�/�e�<>n^n��]9q1�Q��.hŅIt�l���E4fݪ2H��@���a;TWsK�����S�`�b��@	HA��Ȝ�Z�eNfs��вl�nfwx�� r�sr{l�Rrd$�!_��a���uЦ�9�$R�|��㿕>�Qݏ���ƚ�qFH��ݛ�+b��|6�W��g";�$eR Nl��gA�%tL�:_DsC�_s��j�
���ZױI�g5��]���)��.�^.DR[�7�U����Rֹ���R[G>%\��=���h��Z�?�6[���^�k��yU	W���_e�ž&�u���� sg�UUEtrEF_Oc�Re�.lm�A��Y\_�s�dWe��Y�����>V��^Lq��Ǔ<2꣎�x�`����EY3�����V�_�����ƺ�Ŝ����Y��Y����8.VhÓ��}��s�2�����ܥ����ۇ�=%�79ڍ��� 쬆��'%�͘�'eQ���}��u��?-E�QT�F=�`y��D��Sl�7��ֿH�� c��GXp���s�L	F��m�H�	<��d��h�����6W���s�sp�C�,���=�oϯDYc�(�PZQZ+�6,۞~G�����"�s�#�wwN�O�ۢ�r��fБ)	�lg(�9�����23��x����!X�ذ������K�.���)8U.�֥���7����u�0�<S�$��́� -��ts@}`ב>Je/dA]���mvE�"�~����4�/v\J^3~�Ϸ|�'k�7�E��iï���]{�T�1��"�?��dK�)���z$�h�qc��9ewZ�-��OJ+g��r�����ͳ�|a���<_���~Zg|���+hG���ݞ��WN�D�M�k�2����Fh����*�z�9�l�����%� e��G����
<Z)^�i�e&��d�ь|�;�H.���Ǌ�7?ª[����<k=p�9oVߴ�����;,�߫5��2� �  $�       (                       H
�H �  �@                                          �v�KH��>\�~y7ګ���DU�W,��d�H���.�WT����}OT���Uk�(��Wq�AvM/�^�-ؗ� ��׶Pq�;!T}�\_j�_����G[�(��<�B>��\\���Mh�ëI�/ب�9׋��7��m�oVql�m�U'�=��K�Z�j����f���� �fU��EF+IvF@      $��FD"@  "L�߰X��W�;�pr��]�r�k���H�n�v��p�/���r��Y�P�j_4�|\j�iP�}߹�4׏R�kQEG�r��.&�}���o�X�6�8~��n�Z��	��x�����
>ƙ>��="�&�2n�6.�}E��ʷ�[��.�g�%Z]f�i��tq*�[���[�Z�3jȊ�K�� �c)i	=�X�3D���R3h *  JI)������`&��9����&t�F��Q��[}N��K��Ђ��d�֑61I vX���Rɤ����R����3���p��?�qU�+%��6��F*6�O�רz#��"���b�-�� @���~��ٶr֡�]	h�*��r�_,{��:|x���f�0m�;���scǡ֖�*� eA(3mT����ķ�i�L�8�%�TY��"���J�,ޖ%?��q�?V5_m��3	_M1ݶF?vJ�9��qk�Ѻ���+jV��/{$6+-��rc�wO�(�%ų:r��E��T��еM0�� JѷÏ�6<��f�8���E�5֖�:�R b���D�D�*	#f��!Tw&�KH��͌7�g%����W�3n6ҝ�����W������쮽.�q��茌�����V����~T*]���|Au�̬����f�)k�'2V�'��ol)(�ɤ�ɤI�'&�xnOo��G���i{���e֫r���#a��w�ſq�v^�j���p^X����S�6�(���q�'7ݳ1k�+FAh�RܴzXrU�)0��lW��Z�1��D�I� �43dq���u_5���8��Y7��}���ħˋ%�OG���O]ћ'mj/K]N�N���o��]F	-3�X��Z�F-�I�܇HQ�� CO��yrx�������*�"�|S��u�|��vW�k��U֗]wd���������Gl'��WL�]F'�Sm��KmEtI��׉�}uɸBM&���N�K�R��t�yL�{�1۔�X�ݼ�Kf�����?7"��1<��^��n$1��Ɗ裧�>�0���(��<��|���a54�jțr%��]L*����zZ�y���F{�L/��/muUm����k��9"��ו�h��Tq?�{��Y��RK�Q��y�u��kk���3��|�o�^����;��ۣ���t�2�� �<B��Ev}_�VN�y([�ޑ�}N�,X�Р�����dɞZ\1��rI$��G^<9a�Vi��y�Ĵr�:g~��~!�+2'�WE�Γ��a���z�^��n��s�̳*��r�S�	o>��cMj���e���2[������W��L~���jb��GJ]�p�;j����Sq);2��Y�q���[I-x�J���[�c��m���R��^]P�9sK�?-OۮW�c�pc)|�y��[�-ɽ%��DuF)vZ*�(�q��6U�Z�ե�G�py=����#�#-E}�jX�UԻ����w�x�-�=Y�Rw^��l�-x]\��?^�U��%����p|�� vu�|���Z?λʵ�W�5�RKm�H����� �Zc.{gb�w����L��=Ey���3����$�1�_TS*+~y�7�{y�x���d�� .="��HL��&�vA�M1n�P �$�                                                                                      /�-�VB���z��J)�.:�w�s��O��痣�:�~I}�Eg��'+=�˥%϶Tpu�_]�#�<�����ɲ��ug٨hÆC�����,*���+��ʗ-j�=7ߧ��
<���/��nss�v2J�eʴ�Y��:�� ��ђ�q������ �K���]�� �    �#�2    (��ѓl)���NFEtE�o��L\Kx��>F�[�̌h��%w4�
"� �wWEJ0J1�%(U$������Y�\M��M�Q�2�\Nw��p����M�1Ə4����a��hsK����;B�v�U�eY�w�p���RE�����\N����q��l1k]77�H��!�Z����"�QF-X�AE�C	KHJZ9�z&v�o`Ԍ� 
�7��,I;:�5(Jr�	�SzFUѷ�tWF��o�TQv5WJHۥ�ތ[�odW�%V$u�k="�:2r!EnS�I/�]�7^:q���5M�g�ĶZ��2�*d�ZO�dڳ�ƍ]_�^���]�������Mu�O@n �6�m�G.$V[�K�����q��wbR�ǌ={�4n2�ܑ���m샪���`����6$cf�����մ�ŇX�~��mY�sV�%�Q}��&p��u�/	���C�h��ll����޺��k�}Q�#T�����#��te٦eν����]��EĿ�V�/&���{x�p]���Ѫ̊�[��*/�6O�z#�V�}�e�,��}�k�8��ȳնF=�z.1��>���5�a*�4��v��5O"�.�G�I'�/ܞ���)uf�2��$Rەe����S����Sk;x��E��*�{ˡ�D��ɤ���6ɶ�m%�ΈW-K�_��ɛ���H?ػG^Fu4�'�/dq�eg�s|��Tp�jR���;;v
ӏ�V:�G��}ΪV��07㮍����O��Y��qp���G���ǥ˅� �q�ˏZ� H�[Bw4�ݷ�].�W
�w����I�	 " �Rd��"_N����~���˚����2�c�E�	�á"�;��ꡨ���Ǒ$Z:b��?�F�'�ǩ��h��Z���e�l��	P�r����R�L���o��N3Rɟ>�%ز�\��5��w~<�g.U��.��������S���Rzk�I���ʖe���}��Z�x�l0�z��B��ТJ+_sv�q� ��c._&�/:��K�\_���t��/߱�q��tWԯ�������;��� k<��������"�.%m�u�:z=g�5O�N����N;�A�:{S�6����FZ��=G�-^1�&�t��
�a*�%d��ۊ�,�F�Z0��=�b^$���:���sKo�9{]�����!�f�A�+Z32#��m���|�/��9rȒS�m�����3�į/���_dx;k�zmN�� ���f��2���
V[gl��M�QʽtE��շE��GIk��cÖ�]���9�#�x��uh����e$7v{��eĮ�h���'���.���k~��w������I�`�3g�7��:��K��4�����X��֗e���c�Fu�;!E���-�|ˌg��8��דz��G��ߋ�u�D���5����xs���]����r���:���5�YX1�5O*��ʗ�n����yY6J��b�����X)O/*yv'�>���� ��`�V���J����ז��W�wgg���I;e��ղQ����v�NmtG�s�痑+&���7q^'wȕ�I���4͠ �  �  @                                                                                     ��4طT���7��,ZǱ� ��m������ �Yk�y3�OQl
�%'���>J���L�V�Ezsu/8mNR�5�O� w׉+*P�H�3���O��5�WZ��E.r�����ut������ �F�� #�#�YɅ��9$m�p­?U�S�� 4    2H �   (2�a�^�Y>�ed�����e�s�a�.���|��$�0p��g�r���c�\�XC�1K��1�I���Y�\]��M�Rx��\Fyv�|���u`aC}l}�1Ƈ4����c�(���Ci-����ﻈ_�lM���brrl̷�i����w¸\1kZ[���g��ex�$����ܴI%�Ū��Et2-�[0���'3D���Ͳ�f��Pi P 4���M����ٚ���~�D*QFi$C�6��d9�/���E�M$��r��0��4�"���1?3uѲ�vo���>\��s$h��]�+/��+���]�p�0��z��gPC���[�O��cu���fc\?���Z�ǵ�~�ܚ��%٣R��|��m����΄�[F��F��F�M��a-�[QM���	i��,m*��D�Bp��NT���š��E���m3���:G5P�����J �(ʲH�$I�0�c6k�a\�>���A�v��G�2�.].Q_�"^[��l���ύ�j������M����4[���\��s���.�)�M�����v��lx�ܭy���O���=J�&6,�G�b���'����c/��?�B������c/�� ���X���i^D��%�l�͕┮ѓ0|NO�L�*��'ݘ6V~+6ޕ���ѫ&9p�V�[�鱱k;k�ܧ����:a�����<��n�}>��%���o�����OTR��tC��]�Ȼ_EԷ���GdZq	���������=\yz���ί2��[#�D��i��o��iİ��?̊��ŕ�8��'��u^��P:�Z�9���;"���}�TW���Z�_C������B%������U�r�����'a�R H`0� ��'�CשEd�c)?E�ۊK�Pq9q�Wy�#Pv��(�� \���V�B��c��]#]�����#���}l|��cU|��p���I4�oܦ���;q���e\;"�T�'����[�������[g��<A�я�R��+�w��K'����˄��c���Gͮ�-��a��Ó�;u��pu�SȽn���E�^6��_tF/��Z�a�i=3��^���u���j+�!攟�C��}3�Ÿ�i�(�G�V�������:X<JX�[\�W�}*�
,IFڢ�e��<K���%>�V��ZI�v� �?:�g6BnůR_�֘A�ZGdb�"*��}Y�]�]�Uc�c�1l����k#�X��ʎ
�o�\��p}��Ӎ~]�Mo��������k���8��T�%���g�R����H�ߛ)�c��rz|�h}��h�_��7[5]nO����;��Q�S�
��b���͜�X�а̹b��^�t��.{r�N����k��f0]k��� �:8����7���G��x���ɿr��;^��C�K+��	e�s(~�}f|d�9]����e�3-�F���G���
�!��(������*�%U��y�!�n��V�:�����|_��ʓ�rj��M~���\;B��IC�_�i���!�^$��g�q����k�oA��1�M~Z����R<w�YF�e�m����ٹ�')I����� i�   A�                                                                                         ��M��'Qó�ɪ>���9˜����-������)k?V� ��&|��_\�U���6;TTjƭّM���c�n�j��Q�<)d���Ȼ��=tb���Fr�K�e\�l���L�)��]>i6��U'��6�x�k�����TWd�S����\�E���p@$@   $  ��+&��K��̲/�9����Ƀ�<���Z~X��0p�oⲾ_�r�c�#D�C����x�ϧiIz���Rȟ�q[�ޛ^���hsIn���p�D|[V�а"��IB.RzKԉJ0���Iwl�n�-���S�"�m��'�SU��#���V*1]}_�3��:�:�a��;���%�5�z �RѢ�ga�Rl����1 �L��`A)6g#mt���mt�h�Kz5�@%#�Ce~w�8��Y�(�.�,�Ps�J1^����R��p���s�Uy�R�|�:��F뱪ƊU�_P#��R񲟉7�O�{BJ:KI8���IF�H%r�<8��N��w��g���U�,kz4�}�c�lh�v��0[<FC�2V�R��������r���&uX��6zK��3]��ת�ͣ����W.h�.�(甔b���uN�^E���h�J��E~�K���U�쑛��%���mt�ץ��.��QF�FȢ"��3kP�Eb�o����D����vnF��k��
��^TdB�I6=D��Q��B)��o�s{�)(~&}�z'�Q��P���G�1� �1�F�ThXx�����šҏ�6���T{W����"@�����hO�V]��n.���*�1�$n��kPIدw"�?*+,����e�p'��]6ڶ�*q�S[���:%�RԶ�V��rp��	=�[��Or�f����2�n��:ѣwgB%j(x���5/d���3�_Dv3C:����R�ѡ�p��L~�A�j����������$�2H�`*8��j[�+�8�4��/l��N�?DWpH;���k��+�`G�C���_����b��Q��b�~)�e�5-��>�6�{�x�ٙO�M��S�V��,�v�X9_��1|&�wI��e�tg�x��u[��50�ߏD1��j>��nM3R�D"J�  $�@��-����@pq��|#&K�4w���4��ײ��>�o����gY��� �s�����j�.�nZ���L�w��J�I���x_��ױ�ƲU8��~i-$t��G2}�<�]�3���c���d�v�a��7�ǯ.ȚP��$���5��S���Gl��γ76�e'�K�<����+�o�-t����"��ة�Q�-�U��|KĬ��,�1kMU��ߨ��99NNR}�1�,�V�r�6(��ve�?��p�Vku�ǫ~��#�;*Yy.Ɣb������e�ߙ$��V���d�r  �     @                   	 �  �H �                                                        ��9|��=/s�G�C~.���my�[���<�K&ǓoʻoԽΊ��>�f6��|�pߤNH�̼��ZۓѶv�b�.�kE� ��-�������t^ȶ�i��!����.�ݝAt5dZ��ɘW�k�/�Rg[���o��c�gM�;,m��Y�щ� <��P��r����l�5cW�c��M�    $* "���I�.���3�vJš��1�EUϊe��Q^�1�Tb��dkƢԪ�ZK���c9bc���d�/��x�5��3�ǖ����8^*Wܷ'��s�7}�=�pO��Yy؊�,�Ps��Q]
ks�ZH�ǣ#�d�pǋ�+�G���N8�}_��pjåW\R�vg��V-1�������d7�T� �sH��Ͷk5!i��J�eeJ-�#Y�0&��Tk3QѵGD4gk�:$�C����[1��6�E�rQ���dM���\��1��t��z��3�9K���Nm���|�\ɶߦ�#e�G+>n�X�C�݉ë�S��,�f����I��!H�ZF��sW��m��[}��5�z[h���_Ա��]�&YR�
��H��G-aa����+�AM�6zrX����׫�<��r�7e]+lm�������ӆ^��)�%�>����_4J
��w/+��F�ֺH��Իc�Y�w�~���U�������� �5��yw�2�a�[���1�`��O���!$�ItD�LV�Տ�4U���� lFI�⌫(�4BFZ3ZA�2f,A�L��]�s�*��j2�gʴ�����n[���M��N^ɘ�����Gz$�I&e���^�eO[�S�M��^�\[>�F�(�b־�*��
�$   �G���=+<�����f�*�0��Ȼ��{_�������u2�s�ιi�	�#F�Kh�Ĳ�.�oO�K�Ey�Ix�{&��7���55�;���˸�:iZ�6""��2Di�����;<���/����!�n��4�v�^�EWH$l0��Ff�ޑ�cl��e_T�  ak�C3�1��&���N�Zl���tp:|,������uR��G��
�a�V�"���G������e��R8�#�'��ZF>����<�5M��I���:�EW���ǆ�A6\h���/$BD�
ȉ�D�A � 
     8��~/ɇ��;Lg(8��h,|�ʔ}���J��~%}�MS����r���χ�ι{�3,G��c��4j����Ʊ�(�-i�����|��v2zyN��F4�-�a�6�/�e�~3�ӎ}�~4�*�X`��)����
v�\��!nD��.��G���28�w@ф@            H �                                �I                                                 }N�kŢ4ԒIh��rP��7�'c{*x��t�«���Q���0���c�Ut�}�=tV�σ�\hS���z%���_�>D�"�.���J��m��Q{V�.����w�����v.���>m��䴿r��U�gs�7�Qh 4     �  c9�A�OI-��Ĳu��� 2΋GgÎ%k�%�L�ᴼ��fZ��z�eЈӓ|1���=%�O3o�s����^�GʖV\qi��t�g~<q������'��\#\ ���dW�S��^��ח�^,7'�zG����e�N哙�ҾX��ti�#�_�ݸc��^��ǯ�]QQ��&��T+��R葛fv֒C��%bF���,��)�Ȕ� �3hJ[%E�l 6i�!����Lc�b3kR!E"Cf����ѮR0���Of�f�r����~�g��MJ|��TN��)-GuS��Qa��i��U��};�y7ɼ�4�U��\2�v�/<�[<� ��ɲK���ب���wX��v[�Q�)�)/�E䞓b|�q��s��48K3'�*����j#Ej]�X�\WC9EJ-?P��ŋ��R����zu-D��_�ʫ'�7�g��̰�H���#�q�#����߇_�+��]����cx�Yg�<e���N�t�� i�;�~G%���>�8��?AVU�C�f�V�xX���S����q���-���d��.�*���!��KH�TtoH�"��f��Z�D�C2�f�36i�Z5���h�&r٪L�.N%>\Y�z�+U/�W��T?�h��Z�t!.ģ�¨�ܷ\`�T��\���G'���E]�� ����f���t��Х���V���.��%���iv<�Ĕ?�|�L��AxO�dPq
��\�I"K���[����Au<�S��W.�,���o�؉V�FQ�SLY��i�mv%���y2�ʯ��}Mٙ�r�9�64�d�.�/�fkQkEQ��W�Z6��M+�v2F}�2҇-k����r�/���u��ߊ� 6:�4q� ̎�����Ff��Df�W.E�6E%��S������~1G��U�(  ��yh�8���q��G��?��q]�g�E��}���e���/�W�C�U� ����D�����0��Y��
�%�b��h�^F��8뗡 ��A! D�     �@ ��EK���'�R$���ypʪ;�7��-��S�]�;ޚϼem5xʬ�}���m(��K�C�_X���ֹ=^ENV����U�W�>$xm/R�ݚ��.h☒�n<BM7Z�y���e�Y��e���ol�<�~��kF�	 ��� � �        @            �  �                         	 @$ �H                                        �rj1m�H���<��s�^]����'�NS�1��s��/V\b�lxU����qz[d�Y�
��]�G��"}ϏW�f�dj�Yf�V������|E���Ӌ�����F-J�xV�T���;;;�2��]���       
�!d��t���}��B���^S��r���$�������(�����̟H�>�e�F��d�Em�N�,�|C��� ��O"�� n�����H.k_d�7�xj8�q�e�Bυpe��F^�{��%�]9�W��,�!վ��� sФ��I$�rIgi�Z��#T�4�m���6�Sl���Q	l�F6%�Z���Z 9V[!�F�L���dM���T�٣#&�xs]b����_#&n�
޿�]K���'2�h�]b_OVR_�2�d�Ń���g�¥)x��s��;:-䦹8��zSU��e.g�ɞ�EF)Ei"����m���q��<;l���<fD�����]ɍ
��=��I�M�3�ǃK�2�����e+==g.� Dy�YZ�o���v�y��][#S��X�Ԓ����Ԉ�L�Z�%kʡdb�\�TZ9p�_�{ӥr���b�%�vbeN)�U���ٰ��#�<��dߚo�#��>g�A��� 7�jO��&scS+&�V��M����Q�O�#X϶ԒI%��Yi)m�x���j�������������(ͫ"R2H$I��d�$��r�9g-�e��G;:H�C4�#d�C�Ol��5���g���������1_�z:�[Q���3o�ϓ/(R��1� j,
�O?�~��l�vtB��F��	k�(�
=��U1_2Ibf֤g��f�R%i-��O�6]wE^tu6kry9��زa���Ǎw,�L����s[RZ<���&UO���F�=6��=���p���t�ʸ��)����!�_����L�鳈�/J��&zHB0��V���5�c׍R���z��K"��ȧȟ���O�k�Y����+�����_��4�B��Y�ͩ�&khn�z�/�j3��i����&e'�5��J���M�P{�9����w���.��QA[O-o�r/��Qh�A$
��,��u�ߡjQ|S'�Z�]�=����m~��)h��ƣOh�Z�z� к5.�f���R+x�\�{K�����3�t���+X���Z�L*Z�&f#WԀH@H @ AH A$  c8F�J[����G��Ɨ
��Ǘ�r~W��>�Q|Uÿ�����h[��Ry�k�T6˒�K�W6|��ظ�/���2�����m���.�q�k�*�N�6���wѳY��A  @$�   �@   �@                                  �@ ���  �H                                            }+�W���澰^Z� ݗ&�za�D*�j1ZHͽ��>H�P�\�OC����rG�+��vO�_*,����X�˻9x�o�p�"�e�رmF-���S�]9q^*��Q}>�t�lg].���v�B)F*+�@�        �ⶸЫ��c�g�B�Į���ʘG�iG�)/'(�RiEwdE_�7�X*��ǯأ���&�ǎ�>��E�O��3�
"�!�~��z*p)�\ߪ^���#O�u`C�~{�y?C�v����o�im�$-l��F$"J�J[2�6l�4-]0������-�ͭh�C��%=��M�9�9��mЪ.VME/V�|�8��Ë�����6���郝�Q��l���s�N�ܛ�ͣ�Y9�+2�Oж�ŧ<�A/��(���]�?:���;-i��a�TW�� �oQeG���U�l���:)oO'�WJ��NW��\}Z�:WW���K�JJ�J��)�<���.i>�򢦪���7eNV��w'�Zplj�/${}Xޣ:�v�~�����}��{�¸$���Dn� d �J�1�G��y���� k,�M�,�k��Umn?���%W�$�d�� ݓ[>����r�Pθ9��1rzE���jٯ*��\f�</�k��}	t6��,��Fؾ��;d%�uQV��E}���!�f��VA#bDE3Z�4	!�Xɚ,�����[%�R3XI�6K5�-e����� �����~͞��ǜ�+�:����23}�,�j-�#�_)Y�g�E��,
��퟼�(��
������wE���u��t7�5[�͑5D���Đ�>'���m˥�?��"��*��MB��g����&�U������8����.L�X����>><R�~��1�\�2Qs�����*l�ɲN))�����>k/���v�ҔRѽ<���ǟ|73]!��7W���C���}��s�Վ��gv����/������<�w����б�ɧ&<��K�z�	�x��q��Mw����8X��i��ǣ�SkPW�q%s�r�z����4���q���}[�f�� #_S�����1�m�)��\����(��8�&�K���b��O�/�z7�J�2��1%w4�C�.lx�g�%$߱�������#-c���TR� �G~硫�G������GOʋF�	@��k��?�|��'���oҨ����.3��J�S�̂� .\�����#%٭��Cfp�������������I��|�;�Y����V�O�|����e��ס��X�¼E޻#"�Y���� .?c3]-J�IvqMm��  � �@  A$  =ָؔ_n����8d�&���3n��J)�z5���tr�g,�[�Ρ.��W�~&�2�ʗ��"�?o����]Q�%�_Þ5�7�2��|Ǌ��q2l��r���׹�2��S)�����Y�F,�<�H2dA�    �             $ �@	 @$ �@	 @$ �@	 @$ �H                  
�H	 �         H A � � H � �
  >�r�d�kz�g����eE�;��)ۢ��}Y�\ ��X�rCo�f˭�4�����"��,�c�����4p�_�K�>�dqU��8���~^����� �i	 (	 @$��&ߠ5e�C��n	(�edX������L.�#��x��)�g��mT��'�zj*�
�]I}_���&=8(Au�~���s���76Lc�Y4lKfiJM�l�~�P��-���v%��3>�9KF�Of�M��U��(�)��>���3j��#�Y$��eF_�[�,|I{����q�%&�}"�"��x�E9zȣ�ce�K�ʱ��O��1i�Z�~ﹼֺ��a�fE !� 9rf��}�8x=n��ȗ�qKyhk�OG_��Â�klR:�./w���[�ҏ���|k]����Lidd(�w��G�Ʀ4�Ai$W�lo�K�?�[D6�#�֍��J��1�&=�� eeo�q~�֌�*����Y�J6�}�ԛzG����� ��� R�����ʵ$�~�k�n�p�,��"���SM
��-$�p��JZ�H�&ԣ���i�d��{�d����Q��E�5�z�c����ڲ!#8ĕ4��$I:�Ś�-I�看��F�e'�`�����9�ٝ�4>�@�oP��D�^�D��YG[���*<� ^Y���!�>R��OX���.-�J5/˄}����A}ʖ�h�<�B>��y�;k]�w5ñ�2��7D�����g�s�b��3Z�|W���1]�u��c��/��w�y�����0�_Ƴ^^V�4���.�%\c�"�Y��]Ѫ�Hi$�$Rs��7��w�[�}�q���?&z��Z� 1%ٖ���zk�Y�-Il���������WN�0��v;(�K�A�]��ԑ�\d�ϟ��u2�]O+dm���|�=��G���qpr�r�w�yϏqG��G�Y��_,ׯ���Ͷ��z�=���vO��;��)��I��䟱u�Lr�Y����'���F�,��\�OQ��=a�/]cVEju��Q�0b�����O�3ܥ���q(~�)�FճXҷ�ѕ�	�������J^���廕����K���U\>u�=&;��2�c��K����C� d?�?;�����W�=
(~�5����3������V��.���-���'��� S٥���-���T�2���ޤ��oi��~���u�#�d�u�m�۩[���q�j}Z��.1���O�M4t�3�wx�{����B���i�Td�K�=�/��]�� �@$  �  �H$ ����ӑ=G�wg#3�\�l��nݱ���E����C:��4ĦSq�T�C����y�Y5/+�%��eש��m�]]�9��*�-Ŧ����9>��o��K�c�̿Ί�_�|���;��:q��Y��h��L����@  DH              
       �               �         �      �H � @               @                   ��ɕ��J��<�.ƚ�욉e��%�tdy�;�,��;�O��Ye�s�7,�Ϣ�}J����Z�)|���Wn4qhP_3�'�ΐ  `A$/rB�  n�Mҟ�X�7����g�2ge����M���£�u�������V%
�V�߹�nL�nL��!����El��c�K�Fj�ͤc+4j���i��S;f��ƍ��͕��O5)sY�(���Y�:0 ���������L��ϿУ���qg���}�?�#.�~J���5�?B�/"�,WcI$��ݔ�O.�f�m��S��ñ<
�K:�>��v���P&+l�:�P6�ĀE-z���"J1m�H
|��g�B컗qJ1Iz�*>6m��N��oKl�����%&�Ǜo�[q+�9����F�B�������IvF�bͰ
�b�k��}
�k��Ѳ�{���2 d���\��b��f�V�J1��l���9��cn�~i{�\ٜ�k��/�=9�����>�JTb��n8T�Uӻ�3ȹV����h̹Er����/��m��&t�L۲r,1��c�����wF:I"Z�
=4g���si
&Z'@*$�e'��9��4M�NF���ͨf�%�9�H���e��وV[�-��&�>\�v}V�#�/�o�E�{�k?V^.��~S�qG͕D>��C�y�� 3�B>�
�K�GE�h]ΜuԨ쉒!��VȞS��K����/ȭ���ˎ=��..W��ybUpLU]*ɯ<���M��E�5Ɗb���i�{L�t����l�2e�tR�:b��Ɍ�I�o��H����u��s�{���b�=��k9&�b/ac~�U|ȭ�}��y���*�Z8��T��Q�m��qq�˭�Fd��,� ��s.����xW���RjS���ȇ���ٝ+9}:��x�?-��'��3��ϝ��� -�����h�-ÿR����U�5���2�V5�Ws��_L�-�~R���,���Y5��_�����;��bz�s�5eQ��Kfg��L�j�c��ˣI[�u:3�r���8`�ͶX�7]Z�r��K�m��
�t�wLQh@@��S|#�s����e_��� 	c� �?�3����ҚrkVR�[F���aex��*����`��w�g%������>����z�^̫��uʛ������ 'L.�)��-b�D�heW�� R/
�+p��ZݴIMk�ܻ���L-��g$���#`�*  @	    �2%�iz���|�c^ĭc;j �n�$ :q����;[���r�e5Q(Fq�$����~��7�5d[�(X�>�m����'��>MŮV�d��e����c1fLŞ��  �     �@	 @$ @	 @$ � � �@	 $            �  AAD@	 @$      �           �  �H �  �H �  �H �>��W��y��E�ǦV��������]�1��,�Yk~_���tj�YŸ����O��{�Tb��cF41hU�u�'�΁ �Q>�A��    �������]��M�Ɗed�$pp�<i�7#�_"d���-~-�n��:�r{d$�-�tc���� �(���NLŉ�0���Iz��/�ݗo����^w�p���Q�^g�Y�'
����&�v���-�}�d]8��cV�LW�6�Jr��R�d��g2VM`�����`9��\[�(�j�� �n��P��R�F�h��/�������o�� �Z�jKl޻ (VqKy(���YI�,��2weWB�}@��5xXqmu���1�T`��%�-��G��:�u�w,��b�슼g�qKl��$��2�n���4�3zB�WK͢�k�GL;˹����+v[%�sVfeXt�-��z��/�^���X�}#�d��<{'ïu�E�~��ħ��LRK��(��j�U0Q��FRj)�f��&��O�s��ٿ/%�iv8�\٬c6��\�ݏ�ޛ]��_G%���.D�#-#dbd�d��Б�D�A�d�k����h���#L���2f��E,QG�rf�M��f ��fz��t��}:zn�ʯ�ܽY|2�i�U�ƕ�e�೾k'?~���w���&Q�I&���.N�g[�>��Yt�!���[��G'>C(h��Ke�(�ɖ�Sp�5��� ,c���]NHw;q�GB$���_�~u��Q�e^{��� �Q�/uSи�(UХ�~\���c�]��:,J�l��L�����>����V\�K���Q�	t���|��<|�ڵ��#-�Gb��ƻq��;��SEV8H6��ޗ��[�krKfpʋ���Yx�mv.Ytƿ��1�1qǮĽt̩[���+��ϧn���u��[�2��iX�壦qh�sG���_�Z���c��<��p12�{R��w�C"�Sj�֚<�ewp��l����ŝ�*�6�`�:�kUeAK]u��Am�����tY�j��n�ûšo�I
�:	�B�Ic��$�ܮ:0���"�AG���25��a�e�o��X��kYe��I���V�9x�/F&͑�E²6��5�b�8� =,���g��&�7����i[�r뺽��F��;�D�2���5X?�2�/X���X�� 2���7�z~eon�����:o��U|I�Z�SOi�D�    A   ��<��f���,��t� bV���	�i��[�suA)6��ٺ��>��F+ʴY�H�M\�_ski-���w�^=N˦�ݳ�q߉%�Q��)����x̗*����Fu�~_�5���g�>��c<��ޗo�s����g5��ĖA�� �  �             @               �H � � �H �  �H �  �H      @$ � �                                �|g�;��<F��Ԛ���vq*ܺ�.��Æ`G
�����ذ0�  I����ٙ	h�� �ϙ�lyM���p�����[蟙���c\>X�<6�;��e�����[,F�GHȀ� �a��V5Nv�$�yyu�R����W���de�w凹2�W���׌�V[�bS�_%Q׻�f��PP�*1]�2,��k��7��m��^'���\���t�+�V#�y7u�}V�0r�E�4�vE�Z舩0���]�� FP^cq�h�)�I�W=@��_��S���bÉ[�����H�����9��d�Xr�𱬟�6��j�Z�R7VF��:ڶoՖ/���V����v���7@諹���J�t.�$��k�Rz�gg�9�$�Y�ˢ=�9�N�U�ּK�h#������~� ��D]�N
�,���y�O�-U���ܲ����Ƴ�F1�T`��쑑¢OKl����������8ר��QƝ�6�~��P���w��(���F��u7�.D�TR2H�D���	Q��fz"�RѢr&s٦rIu,����m�=������:H�g7&`@��0�4�^�>VmX�[柤Q�3�O����� r�OVco�-˷.�
-��h��\�T����}z��݅���_-0I��՝'�>K��Ns�U|F���H�*>%��� ֌���y� Z��W�j��,�b���c�� j;����3%����+�\u���#��OX�?��<����p���*�c��U�����L:�]��/����n7M>�H�����WT=��sѧ�Dm���\��Ŵf������{=�<�+j~M��-�	�e�����8e[��*�R��N]h�[���%k��T����g)1����b�v#�2��SZ�7f�ӟi� �f�Lq�y|_��t���M��펜y�HÏ�~7ĭ~m^e�^�·�"�{Z}EX��NR����=ʩ8��e�|/��%�/꾆�;_ ��.ؙп����?�kď��r�ƺ��΄s�Z�U�V�Ѧt�I���� z,I�W���r�Ó��]E���tew����F��s/�bWP����+����ŏH$�5__4y�to.��9mŕM�Q�� �u�X]W+��(���ٙ�U��a�������P~W��C��'����\�<}�n� ��@    �,�"5YTf��2c\a��Yd*���Q�V�cK�Ȫ�s�E�~%ސO���o����|����c�_�+$��o�}ؒ��Z���ˊ�ٹdY���)m�S}{{ɶ��Y�9��|�.��d2YGI	         $     �  �H                             �            �I                  @                 � a� 0"OH��R>ffP   
����!^:�cܵ�j��9v��S�b�܉woH:��it]Ж�ǖ(��@ I�/*�Z]�?��2Ⱦ��,zK��8���\��dmQ司�q1��y��ک?,}�ĔRIi!�EF)$�$H D�k.VYw�ߛE�nDqqgl�]j?VS������9����8�F������J
>Ʃw6�Ƨ����-"_`�@�� �Ǩ�)�͎NG��ߏU��E\��qd��?�[l�X˹����.\��tE�U�9�ҏ+dܯ��U�ZÏ՝>����Y�w7n��t+�˧������N�)t�-����I�F�W�̹�Q�S.��ռBN����v]p����|K}g>���F6-�*��P���7 ePb̆��*Ի�5�#=�m��� ���f�H*e#T����"1]ą�욉�u�zF�ns}�GIm� 6��zGO��-^y}
;g8�.Ri%�W[�vM���Q���q+2$��� ��a`х_%0I��՜s��\8��[�x*j�Ƭ��/�.�Ii-$H<�+}zf2x �O�7� N_������ �����?�c?�[8z�=���ר3F��#nC���)������4�����sqG�:k��ؖ�EF��c������Uo<�k�����?�=i����D��ȸ���l�ӄ���gsL5�&v���D�]WT[`���O׳9aZ�5�Ǉ��� ˛��d�r��s���5N���N)��V����VJ�[��k�BM9k��(����&mƩ.�upQ3��3���8x��qf���c�ʊ5��aTz�$v�}Ed#�#$e%�ӱ�4�2Gf4��ƍ��L�c~'�Jq^z��e�����p*�����55en2��8~�\?�d���g�O�s�7�O�\6U��!�J?�Ez�s��cujq��{l���kq��8��VS���5���q��[��I�e�Ji�vsg\�&��zK���}�N��
|�~W��J�@����~FNj�U�K��꧴k�4~'��W����i��]��]���h��2�,��bsh�1i5�r�\��z�2���5.���̍5��->����   �H  $ ����j��oQKm�W��_��q��x�����d|]�y1��] ӱ�W�m���*�f��O����~!Ɔ4�U�'Q��|[G_Ma����;��bi� @@�H A$                                      	 �  �H               @   	 @$ �@	 @$ �@	                 z 0���ޑ�V��&+F@    W�1�q~i�x}<#뭳�9��Z��#����Df@Im� ���RIb���:={�l�Ÿ������p�u�Z�V�9�np�\���N�  P�9��G�pl��kK�AQ�m��-]a_�,낮��+I-ƩdY�vb�B(�%��͓5��]L���Y��D�r�SP�R~�f��Ɍ��'�98\y�����Y���Q�+}Z�:��� '�����e\|Z�LE�o�zv���|=��de�*��KZ�3�����;N�;�����"˦l�Qa��=uSTힻE4pn!��|�[�Y��j�*4�EzEh�6��������VX A �@   6 �["���gb���~dc��GT�H�*+�g�R��C�ɳs��nL���)6�����z8�8�mE����.N}4&��/dr��#�^���ײ�e������[>��ؤV_�ta+U�����?��b%8��.��dp�{a��W/ID����.Z~z��� ��x\�Uӏ)��=8�8�>RJ2����<�Y�z��� E  
O���jW�˲��g��y���F9?�w�U�/������ђ�cȢͱ.%V�GE�)r�;n������m�?�Mz�(��;�8k���Y��{������}�%�����ّq���_C|���Ö���F�iP6F�H����leٛVODЌ<�1%n�V�F^�r�#5Ѣ��>�ΩY[�%��8�Ǿ��Gd�g6uM%9r�ٝk.��L9�Y�H�:l��U=��q:c_-r旲3��3�1���o�����J�YC�jwI�ǿds[��֝����\ߡ��V�#(��4׍/B��)bf�q:�JQ���mRb���u��_�*Ǫ����#�qRG�B��U�R���4�'���ConG�w׵̻�,w��<.v�"�(�x�� 	�\e(��z˪���]�R���g�����\�ZvbM��:a���冻�+��g(=ŒusZ��깾��o��W7	&���![Z~��lT�7�>!�������?t���w�sU��U���o�R��#uP�q��g<�Q�I�  kh$H       @ k�Ȏ�2� �������xXU�����ؕd��o�FM�X�)ɶ�G�\nƳo�4~ǔ�6����f�|���tw���/�oC�z�Ǘ��<�=���W �EM8�&����a�9��A$3l �H A$  H @        $ � �@	 A    �                           	 @$ �@     
                      �H � @  �?C.ȓ�2��F@     1�儥�6?�q�%�/�b��.|�f������'�-���S���sm[�Rn8�>{_";q(�64*��]IF��I 
^;c�"�({�E�{����{����.��HQi\u��Z2� ���`�����nDTK�1]e�Z3��d�r(R_Ď��+Tƙ��5�~̦��-�4Y9�I�	Ir���X=�i�]!\c�F[<�\k:�y�lW��_�v��䡕cM� X�܂�UewǞ�!l}�$�o]ր��6H @� ��d�	[ݜ�gW���ً�^�]�K�NY��/�]SqqfDcݤqݟ�=J�[)wf�2*��+�/�6�*vz�9ܛ��븭Q�T\ٌ!�3˭����wYuu-�8���+x�wˏ9{�x� m�e���TK\n���
������AO�9�w7Uo�� ���Ԧ�Y�ȳ��E$�� l�g��L�N_
�nx�^ކ�n'��b�2.Q^���h����6J;JiK��d˪�+��ZSuW�N��#aE.mo�¹�T�ѝ\Z�i*�Sϗ�z1���4��ђ�*�߷���f�v�aC��/�� r���˟�b��l��s���Ht��˞�'��Ҳ���ˏ?w��<��X�����ގ.7�:e��\2��S^]�����\q�Bο��Ǘ���bƿ�﫲8+����#�qm}����ŧ�`yO�a��Jl�(� ff��K�ȿ�l��2�?R�|�&i�d�I��{fٳK�� g���3�k_� SK���s�7B�G�GSjGuR�@��v4�^��	Gh*��=��W�lӮ��ъ2A[i���EN�A�������=�b�Z��0���>d���O���__�Y� ��o��[���c�p��p�T��4�&��r�W+��b�Lr��+�8=�r�Fr���� ��U��<���EGాn�W�]��/��95�L��*N�;�+:�g#���ʇ�g����}���=%s�ոK�d���w:,��\���� �
l<�T���YenP�7��y��T}Q��ǡD�q��N<.��3[F�rT�A     $�$  ������~?�)�5�E���ዏe�4�"�_s���;�g6���\f�-�6�d�l�L����g��� �FG��d��~�z,�Ch�� �H*@                                    �  �H �  �H �  �H �         �@	 @$� �@ @$ �@ @$ �@	P	     w'�b���̒2� @ @  98�Dq�翚KI��4�yn5��f8�� ��uymR��qn���-�  Lz�hu�x�wژ�}��r�����y�~�Q  H���[?�(��V��R,���8m�z��>V��s�/����^�'گ	��Oi�TH��F&R1
�Z6zִ���1�Y6fc��|�<<y��Tp��e7�L��6j������} ܺ�<b���_�h�ME9>�l�V;-r~�bz�]F4��D���P��^�i��/�Qw��i��Į���W9�{���Z���׼%����5Q� 7�}㲛�Kt�g���(�Ӯ�u�K�>���h�� �k�D�y�\o�C�?ص��a8/� !�`��"�l_�k����� 8g�x|�W(���R�s��;b��F���p� �ֿ�G=�f�DfW����;!;m�ꖺ�M��n��;���蹻���ũ��g<���'�E�'��5���J��E����[vs���,c�U�>n�s���_e��SvZ��M�O��u�v��8���d���b�]#Ю�o����g|d���D�m�Knס�e���!4 ��b��l�fI�ٮ�F�e\�Q��4&O��T�Y���+��r[%�ʮ#�e6��7��$X�\��3Mu]t�hể�.|[\�&���'K��{��d�_Z�Y�c�X�\�����G�ʹ)F0�;��:����~B��G�`�bq�.�w��5W=GE6jwecпT��\�u�U�uo�s[$�Z�o��]Fq�,R�R^�E��������zb�5%����F��N�?��ˍ��ה�ҧ
�����(8$��]����G��l(�(��pU�^j�� b��2�Wcιv�h��cY�Q�2χ������ѓn<��������ًdũA4a&Ta'��ɐA��J�H�Ǟ��s8=IYE�#M2�7����G����[Z� �FH�u��tQ��vP��8⺝��������޿�&�������q����AG,�u�$5��	29m���=�%��s�G��3c�9~�xte��
K�9\;'n	�B� ��� ��hhc��n2��s��p{�{��rO��:�E9/ī�n�(���{��×.]}=,��� �w�9���ǠĽp��� ���~��� �/�0򒃪�N���3%×�sG���׳���h 0$   Uq>~Lݕ�Y�}
Ջ�h��'�I=��:��,���6y���z̄,K�tf�q���8?������ceM<Z�~[;!���o��fR�p��Q��D9��z/r��3D$�S��DsJ��js{m���6�?q��e[R��tP��<䥶Z|I/�mr^��N��	$s�+n��Y,ŚsC � �	  A$  @$@$ �             �@H                                           $ �                                H����` @ � (���Ĳ��9'�����4���^=����?%~TT2�OO���7�R��� �ɚ�o�����kM�A�=_�03����
��Zrm����u$�  A ���G���� i��n���\3+�{�}��9���W���y���b��.KꗖH��V7�����y��[����mp�q��4�w��LWM���+�^G��6f�D����&_Tu��.�k�"]�#\�������#�#4a�dVit���ſ`)x��\�ֻ#rZG-_��;�:�r�xx�.��y�=ɲӋۻ�U��;�H4����d}㳻*|�׫슞ti�R���e�ǖE���i~���sv����V��~d�=���2
����ɧ%t�|�}��I�z���n���՞��E��f?M�=7�|�*3��W5������n�K{{ @ v/��4�(�%�`���
��^���)�x��*�zֻ?TZK"����/���ٶR�	�T_�d���/S}R�4�\���&�j�s>o�����M?Td�cf��y�46>�)l�3ܣz`�3bd�\*�rn1I�or �$$̴2z�~Ȫ૙�d?�7�������~��G.~�}��"�˹B���#G�+#Ƿ�N���9�W�V4{�.�c��Z�q�WH��,�y��p�sTݕ��v��.�ܼ9�{�.����d&�ye�Q1~9z�7,|y�yq8�4Zu���۩�k�y�-����('�H�<>��a�o�]~���b�]f^S2$�x�(x�B^Y���)&��fz/��YV����g�ǔ����jQ~�E�B�9$���k��*�uϙ8�F�S�P�%�@H%  ���'��{El��T��I�2 �U�'KO�ԉ�`p�3t檃l��K�YĮ�&��ȺS����� �����0*�>��_��Ćn^d�[��/�/��X����~j��~�2u�L�1FF� �e*}WFsJ./M�J
KMƦZp�(Fq�M?Fn��G��f]%ۆ�M��1f��.�tqʼ�ɑ��IE�~�н�|��z�N1�:�RO��u�)�/�YUr��d}�{���6���I�/oFw�|��i����Y�A�.�Imw7��V]*�]4<H[%%�ZY^���;��^�F5yp�����9��S� ��tmz�|W|�8j�mN�i{�9&�7�K�������gr�О�e�+�o�E�\p�s���G\�rx�?-�|���X�g�yx�J� [*ˏ�Yz�AP �$  �        �@	                          @                                $@$ �AD@	 @$@$  H   @$ � � � ;� � ���V���~X�Q[z<���F[�_��,@����� zq�n�w��U��${;~e%٭�L�<;!ep����#7�\oM�Pz�1�Zt�"��DH �  e[�e,?	�r�_E��~��zV���9��:��:��_fK��J�oq��d��}M�W��������� ��Y\g�[D�*Qq�M>��T��߇�/�J/r��{�뾻��\����}�*��9����U������WdS|��,���>;��D�3�9�O&�����H�L�]a%����.���C�l�Ii�ה�|��b�����O�G��8Q�N^��ڌ\�d�j�<��}|F��>� �ʱ�t��^�$����i���%��v��Id�%�~�[�����9�X�5�q����
)$�����Ta���sv� �  �T�&�����_���n�-B�ξ����Y�=^/
��u�z�ѓ˲��<8&KRh��� *  6�t�{Okٝ�OƊih�KoH�ĩWN� �S9]F�3�,�!=�O�1u�%�i�td�K��������讯��Rֆٹ����7}�K����_,��3��&�6�ƾX��Ԑy��_�ٯ��%�����򋸿%6�(�l��A��~�C�P����mb������jIlH�#Z�/Cdl��3v�W��q�{l[�#,�(�G�H�d�W��XQU�4�JVN4U�v�U�,+w��eY�%取��M8x��ǅ0]"�u�',��$B��4�m��	"\��G��/
�Z�(���[��e\�÷������rx�9W�/�*�]�_��1fݮ�k�1�I�̝t�!t<��q�eK�����S��VB3��kq��F�G���ej^��F6C�C�3����uK�~�))-��i^�����A���R�I7�-�8�(��  	D� �4O�ʍ�KR(�Oh����mD���I"��<��NS��D[q�¶��y�	��
�`�iu/�#�|���ӺKN�m}��W|;�cq/$�,� ��-�6<)�j0ZF�/���mIy���t]BJqR��Z�~�����+��~z|���]#
ȓPD�  �:c.�����:�맹�6r�>�K[5N��ǣ3��[��h��Y.��i�4� @  �H!�B.�$����͗�1����������#����Y\�p�Kp^��4�����x����yc�����:,S��F�-��D�M8�����כW4ZV.���rf*��o��hȲ�떚=�%�JJ��^䳭,�q|_W���z��e�0�ȯ:+��ўTa�z�6� �   A �  �H �  �H " �  �H �  
  �H $                    �H �  � P                                 � �� H% 9��O�pg5�K��Y')u.~!��2U~Z��r������ nao����7�v�FT���x�+�3�x=|���8�VZ��\��k�%��al�]tm9��:#.e�$  � /
4ًo�lu�~�ĒY�Må:,���U&��Q�G�y4G�c-ec��~���ƼL���#��{2J��35˹F�\$�♾�b��Z5�nF��,{�3��5��6��Q�%�}U/�nQ�?�K�=	F��Ȩ��s��H�-��UT���.�����Y��5�J[z:93��9��ߡ�^q�[K�][*8'=�,�����9ۺ��l�6#��!�L��� �����NL=Ty��o����J��qq�d����SfFd9.�_�m�	M�+gl|q�v���oQE��&j5��Ӳ=&Ð�>&t֗��E�,���[��R�F�p�`��ؾ��p������rd�%��P���M�m��y5��Z������tkQ���ų����i��GuYUX����Sf���i�f����	�P�9�������Y��g^�ѦPh�P��Oߡ��Z�]̣�@�T��C��}���Kǚ�,��kс����k�qh��s��"�P�mI~�s�����,���3�S�^�Y��̣�s3VUʜi��Z_r��_OF���#�_��b�Z���?Y��JX������S����Y�/4�A?Dp�/7#���or~�ظ��B)-i�[:Yt��7֊�fk��Ne/�i�N_�v��>�M<��j��|����B��$����<,��7�]�[�^��T�����/���U���8w_Լ������5f���W�tT��W�� �fy�.��S�	�G���Z������,�[�_�l�J��Zs��7Gi�~��K3���7[�e���閚:s0h��������2R<2�ki�x�n�u꽎\�;�^S����/I#$����GMк;�F�^��7]ӭ�2h5�}J�F��sj����J]P�9X�@�/L�?bt���Ǘ�Ў^����c�ȭ��������Zi>��!�c�u(��rܤ��/-�s���<l�~!d$��[�^�#;�'᧣��\*�>��+u�J��-7�+Z�!��2[FȲ������T��K�oB�G�/�W��9]c��� Sզy����,J��_��-�{�7.9��E����~�o��D��J ���   �Z�H    
�)Ė<]t���}����6�� 6}"�������NSmɽ�����2�ܦ�)9I����6A���X���2�k����S���,�ԻI�ߡ�)������u�[�fѭ���)8�8���Di��\W�<6�,����TS	&�vI@�H   A �                                        �  �H �                       �@	 @$�    @	 @$@$ � � �@	 @$�7p@�oX��]/Һ}ͨ���)sG/�:��I|ݖ9I�k ܚq�u �Q0[�=�Gm|�YELy�����k�%q��Z3}u��]���e,�>F���/��+ʢ6��>�ٜ�W �%���췅em'*g�{�ƞ���f����Fʤ�vfeGJ{@�	���7���@   �su�I~�ܩ�φd��X�a\��_��fʬQR��T֧٢Y��	��)��-m3w5ecO��Ƨvp����ԣ8���E�hK��k�͞�5��Sz�C��6��]6l$�b��E/��l~��Ο&��8K��g��A��[�R�z�e/�՟w�{����7��w�ݍS�����%����}�����a7W�tG��N� s�&���aݵ��I�%e�~cr�s��GB 2Fq|�K��<S�ux��s��m^{.�:禣�>��{�>��V�/
�E�#��pX�F����Q~�s�(�k客i͍�V=j� �����l6�91�W���Ó���j����K�]��؍�Z����{���i<�L���u��6��R/x��+��d�w����2q��W(�N/�Y�|E�-Ƴ}y[�1�4'+M"�6�uپ��Gխ�YʩBI�#7ԑ��%���#��ǵ��o���T�셑�ѱB]���5&��kN�6�zF.�c9�W>�G�S�z[_C�:�����g�ډţ��Z��7�����c�1����#��V5��י�ꌩ����o��C��o{}��Q��6Q�m�ͥ��w�Ž.���W���� d���˦��v-�>�ݳˤo�/"���׳�k���loeU\VK��O��/���'�P�U�m��\��j��_th$�����͏Ĩ}�,����%��Ů轩�3�&>.���ǧќ��]�s��|��z���Q{%�8r���9����ƕ_��<yn��I���T���8��:� ��g�ŸW�����w���q�l�R���Oќ�|��t}��x�µd�]�������'����.\�'�]��/�;(�6Wѽ��6���������zSzʥ.�_��I�O4���o:�٢}^�痹<��`_ˊS�+��ǖ��ԩo]ه;��*�����4�e�y�̰�lι$�k]�m���C�d�n+����,aT)��qQ��D���<�XC�J��E�]p�>��n-R��\_f�h�o!Uu��==�;�F9gN�W��.�$��T��������g�LWf,r`��>�b߃f~7�Uk~d�e�C��9��|��N��5�S�3t�32xUϬ$�7� �b�|v/�b�J�M�Y����R��g=VF��d�%�nL�L�&)�"�I   �$ $ �q��ޣ�̊/�2�ׇ[ӷ���b���K;6w=�v��F�ޫd�^�Ѯo���D��r�u�R�gE��zI3��l������}8�R� �?�s<W� �d� ��Q����@�    @   �  �H �  �H � �                                         H                                          ��$ބ�H]tq�����x��eu���ܞ�y�V�q��u�������wS@ ې ��Wϑ��_�\"yK�h�1�P5]L.����6ՕU�9\.�e;�/��-��̆�z����)�Mm��.P���'	�����.L�'R��5Vl&�sk�-a8�(IJ/�u�I�s'�dl�h!4�  eV�)FQS�kR��4p_���n���﬩ߚc���rR��h�~�ŏ}wG���tq}ѕ�����|\�+'�|������9/�7'}J�� ����h�����)��6Wd.i�=M��f|�z�&W[?{�����r��w���]�*���}����>i6@WP[�=7	���O�}O7Jܴ�z���\b��e�:�ͱ9���2��娛"r�K̑c,��t��-]�� ���6<���e����߆�í�l�Mz�F���<�K�ߡ���fKʽ�D�OC+�}ź�Y6�ƭ��t��˛���bM- @� 0�f��54��'�)���-���-tb��e�����[���K�8eQ�˱��3��<��o[�� ��?��u���WFe�l궙�7]�q��5:�Fn�M龎!:�&�
s�Չu�E$��!���L�_��D����9#Sǲ+�dS՗8Muk�wS�漭���Qd�֬��e��թk���h��KQa��QN�Пt�\kQ����y����ceYz����X����G_cS���l�џflZ}L��\>Iti����_������R]QM��'*�	8�z��+	ŹV�{4��4���i�9O��b�2���~��z3�"�yn�t�O�:cv����9��ǫ�t��������J�u<����5G���G���/�lj="�[]��";������+m�u�%�֭���ڞ���D�$2#��U�I]A�#tYˏ-�Q9�Hڈ�������Fh"�;�N��SD��v�G���O���X�]�F} ����R����e���
2�er��Om���Eyk	G�qܧ/�S���I�^\���uH�2��rc:�e�[��O�)r�}�:�\tۮO��=v�ږ���Ь�6��J�7�e{�N�c5���ɕ�YUE
ɴ�/��z����மֿ�.�x�y9<����}7��<2��\q������f9Kt��*U��S��K_�=+[E'������֫���q�s�%��I4_�r�j)�.��?��՛%�f7��t�/�-7���R�>�Nm�oX?�<����3�&u_`�:䤌N;��[�3�����~%��x}�5��q���X��'���K"���C|_P+>�wp��c��w��мL����T�Z2��׿�=Bg<����rfI�S6&6i��̊�$�� Nq��ޣ��<ǟį��ޢ��{�^r��� ���˺~ǒ��Y��^�5�y-��[Zev\�>U�X7��O�f�l��ǘ��C��/v ��#%.%{_�s�l��,������<�$�L�    �                                                   �                 �  �H �  �H �   @                � sz�m�4�;��fE?�j0�,��UҺ�NOnOl�K��7&���� ��"�^b_��×����kƇ���#a��b��6V��tV�!v h�ħ":�	�}J��e�K�µ�� .I&�n7�~\]6/V�2�BŸII}�#���`��8e��[�žp~��6�#g�F�☝-�]��q�y>[����A�\)'�dqWuV��dd��ڤר Ҭd��@6��u�=�M�/П#C}���{ȣ����^Vb�}�� ���ڴ� �� ���D���|K�g��Y0�X�r�w��C��;�Κ{�>�W���Ϳ��k��2��~,߫}&�g)���=��ˠ�65�Z�xr�� �A>^gȚ��Β���7�G�"��$ze���.;˯��=L�c�l��x���Ǳ_|��TN��ʥ.l�?b��|�J�r��+��R�ee�������W*1�c�]>�g	���*β��,��LZ�T#��FWI�b�}	��4W�oVf�]�&ݘT*iK�>��4Wg��32�$�
�   l �1p٘�;�������~�]��������N�}$�o��e�5$�f�ZK6��b��"ʚ�����udsY��V�ף<���`X�ˡ�v�g�e����Z���SR�,��k��ԉaɭ��/�1w��S�ס׋�(~��l��i�eO^��S%�9�����t���pkG���t:q��]Y��z[�,��/c:�v�}1��riO�}������ߪ3q�\v»ԗsji�9�Ü!�SR_CL.�m)��.:wJ8rp�6����[z����l�u�I��#4�[E}�=���ٗk�k�����N;����eS�Ԣц���S'g�YJ�%<i=B���Kq<�T�]���d��N-wô�7���qfC��]$ZfG�U�i�1�*�}tYD�Ǟ���=�c(�-���f���$iK�u~�eQ�g]�l��#l�'䟳�=&~59XvUzN=w��<g�?����qU�UY볮����|��<x����&���eO���h���5��q����_,L�+ ��}%�E�U�W,�	#���on>EUb� �r���}����T��%�h��kw�o��K6�`�|��ñ~"����&Sqӏ)�+zz�����_2�</�W�/����ʏGtR�9�I����}e��_Fhϯ���>�s��� �gU��_S�z}�Fn��X�6D,�6�V�P}��Y���8��{o�3<Lkp������}�F���|ׅ�M��j_X����M'����G5]��V|K��x[��1�<~ަ��#��9%dV�^冔��%��i�?�V�'l+���]�1��t����2fjG����^l]��zL|��+VQdg��V�:u�f��HؤklX�I�fI�I�!C`���߁�M?̟�?�M���� ��4�]}�q]�|J�zIh�����5�//�g����;9/zu�\����Orlۙ��K�c��ݮM����3��h�0ʳ����lsǶ����GwB   �I            	 $  �@	 @$ �@	 @$ �@	 @$  �@	 @$ �H      
                                                      �D�I��D櫮VK�V��t��s��'��q̏	T�����d�ˏu�� ܀ �%����rǄW��o�[&M���Z �6ԍK���#2	PH$����zm^z���� �	�opR���腅�W�9nK�ke� V�q�:�������Ƌ�H�]dl�Y9qz�+����<�����GS�Xt%ЛG�.]�8� 6m����V���:My��{A����f_)i[$��3������ې�3Q�|q���YYpu�%}"���)x:��� �\G�9��D;�5���t�F�t�[*){�VY�?+EU2�i��;��=�X���`*����{g^=j�xV�R���<mE��z�E��VQ��i�P��ћ��];�3��}��L�	���~�c-�l�z7�[,�٦`��T#a��2�)��JeA�fDH I�������>�[2 Te|=���:����NG�9t�lK�׳zg��V|�"��W��y%�%�攩�����}p���8�E�Ml���s#n��'���o�7�c�+mt�G4�Z�_��#�ܨ��� O�VI�'�p��k��鋍��W(k��i˲��6��S̷����(�Z&ͭ�8�_�m&� �e,z2a�[Խ�(J�mX�F���B��ض�ϙm���!��F�.-]�F�� S���Nu5�f��[.���_:m����o�#��.:f���.��{�Ze��a�̲�8vFZ�-���Ƴo�S�_FtN��M\� �\z�{UcԾ���^;ޞ�*�����-��Ȏ�F�tɮ��"�|ЉI�"�
}t\�DY#4`��sZ�B��\����4�����X�����k��C�p��y!��g.,�����n����a�&G-ǋ�7��;�5l�y�cO�v=Y��'�m�|Bʬ�>GIV�%��߆� �����q,���n�%��Ko���{�ʾ�5�R�$�#��,iJ��2�u8�k
�B������wW���/4,]��+&�y8��F%���q��O���Η���+�u�/1��ܩ}k��E�.�&���K�ꙋ������ �3�J��	�����c^FGݘMێ���]}��"��n��tcZ{p��9���r�Jit�)��*�G���îԺ�.W���ε����NI�ʷ�}Ϡ�7������w����� ��>v�G�o�ĕR���W� w��I��w�����4��NdWI�o���S��+#[��=�.�� ?4���C�>�[��u��ќ6ǖf&���.�Ǘ,:{~�Ur�3��� �=���qs(ʇ>=б��>Wko�a�]�;���(?���9q勾9��}626&x<O�8�#P�J���� ���.F��韴�3;[�_�N�(qI��5?� Z0���X���|~�/m�lj��I6ޒ<�|S�*�o¯ʿݛ��ę9�����%���x0�w����|����u��AEvG7�6$��N�U��q�L�8<����Fț��f�9K�z##d�P��^���ܟvR��jc�r�-� 4�$    �T@$                                                   �  �	 �   @     H
�I H �  �H
�H   $�  �H   $� @      씶�A�*友e����s���s'�͒��ֹQTl�NRm�ol�kӎw� i� �����s���O��<>����3}t��� �+���h�u:P �J I�	  	!�!�ͽ""�c�H�*[�΃M+����_/������qq�r�ƿ�h�y�����d��'Y�� Z�o�� in���� �k�%ǩ����H���:�H��z쪋��VZ>��y�)��;#�/P��S�:e-Q7�G��'m��e�eo^k��;��i�d��=����:!#�H�]�r�J���аፆ���c����f[8�f��bV,m1c���"6 �64ܡ%�ՔXE��sWdg(��nL��� A   I � ����͏.M1�����s��3~���������ʋ�j%��Q(�ݭ3�F���ɇ%�F��I�oԸ��ܫ����SD�Z}:��;�xKs��×�K��(2�r��ɗL����e���.5S��wг����(���L�	-��~��m7xm뱲��k��ߡ�#��<ս�']��؜[E��[j��_[���H��3��*ʏ<5��h��'D�~��ŋE_��p��^j��ާm7�i7��(��8�m5��yI�O��o	�R{���?�0͆��ʮc��`X��|�u�����[�7:���?fu���b9d��ꖤ���hڎly��3��f����X�ĥ�vC���Y�5�)��1[l�x\�K�[�g�p|���uǗ?�;X`�G/E��J��!��2_XQT�~�-8�R������r��̸f��~�M~e��R���;��~>;�*��k�B_�K�&��A?�~�,^�G�x�%ޓ�+4��Q�Ħ<n�/�eNG�[]��� �N~�f����e���>|�=~x��������S�uIsk�N�m�v�� �����<Kq�/��� �E�<�\e��J|�G�,��y*��=����f	C�r�)����}��]w���3�΅��B\��^�ם��s�V�wwiv����[�-y|5���cw��|�bY��\Wq��Y���ù��_����9bԶ{��,n%_��b�5�[����b���ˬ&�Y/�5��,�����nƲU�E�QjK�M�&[7���Lr��ɏk`��~�L���~��ƻO�Oć�������/�|I��N+|"�.x��P{o��9���K��s���/���ӗ$�i-�5������Pta��2_��x�^׹[�9�-s���~�e�Kh�3q��i��4��k?����e�jK{E�Yɗ�;_������rw�B�H���r��_Te[ՑS���{��f����̆*<�TTl�/�G?�C�`������̶�\�p���oxІ>u1r�}#?��ۖV|��`���M��a �   �       �ADA  @	 @$� 	 @$    �             �@	 @$ �@	 @                                                   �        �eG�7��^:}e�n����%�2?�m��G�sz-�n��G�   gRܴ�^�M\T+�W��A���2�_]����w���M�#q�k�����HD�@ C$J�k��M3�2�-D̈�*2 ����aԽ��"��95c��أ�K�� �uy�	!� �K�,�e
z̯�E�9�O����g'���W)rǹ>��o�]��䚞��tQ���f9�s�.���N+�H�����sa��Mv:2V�m� �
�қ��Ӌ�5�y�U#��2O����'A;�|,O���N/rSk�fn-J����٢�6�z����h��V�QmvlR�U�{�e��ǷQ%.�{*��9KљK�my`�;-���٩.�n�ɖ<����ޛ�l�-��ft�:g�[��V#�ř�WcgWf��,����ҷkR2L�1$�A� �@  �]v���Fq~� (3�ǻsė�?�}b�9����>\�����T� s�F6W`�dT�����L�id����g5�Jn'��?Wf����/��c�d�v-����	/uܺ��>:��k1�Z��z8�|ڹ��~珲���N&u�wn-��W��uY�M9ye�߁�N}I6��Q8�-�� 36Tq�*��:���[� c��������l��(�jv�Ή~���l�W)��)�5O�?g��� r7��M�M�A�H�ɇ,�e��-�,��Y"��[b\Ylj�V��1[f2��<T�E�'�(�s�k�X���ƅQ_*+8Te��w�wz��y��˥�WO��	��� ���-Em�|S�W����3�8�GMh��k׋<�?̽��.�Y�ׯ��:y?��.܊_xͣ�� M�V/��8����6��ϛ�� �KN%O���[n;Gi�ş��g�5m�t�S�lX�K'�\� *��7�l���|\e�ǣ9�$�Q�s+�q|�k�ؙM��M9�y����R跸�� ���G�������n#g�1���_�G���k����[_rcw����;x&j��є� ͇���Eg������ .�ե�+��/��v������AtT����ύz��g��G��')�����M��=Y��\ڕ�˼_u�L��X0��.�]�4bg��Fck�ft�e;yy8���>���Y;�%�iu��G��i鮧�0�$�g\֤�U$S�߆�:���k���(}W����g3� �.��������?�Y�N��E8OL�'��g���5Y}��9�Յ�t������4��?�]Q���>��}^RMwL���؋�dB+P��H}�Q��3��c:ަ��ָ˪��vx�~��[�ͣO�nʛ���t\�-�����|�c��F�3G�i������=8�� UI�茾��K��Y�	*83��.�m�.���Y�L���R�����<B��˼�o�|������I��ˏ{�7=�̞.�%l������k=��\K\S�Ax�n������1���dA�@$�� �      @                     @       @               � �@	 @$ �@	    $ �  H	 @$ �      
     �$ (  � � (        �\F� ��Y?��*<|��{�B�!��ȷ/�C�s�v��H �	 %w �����O�V��pp�kR�gy���&=�0]J: ����b@  �H$	D�D  H� ��CB�a�oQ5Է :$@(~$���E���y�^�!���  �� :p%˕[� Q����(�-�~�3����[~���\��cݖ�>�ʥ"����"��*�=b��D��$��#�Em1�r�C蟚��X�=���t��Ÿ�4-��f���)8�|����R�c�Iwt�����y
6�ߖkL�<�=܏�_+���w"P��>��:�.ք�Bp��$���@   ��F[#dA; $�U=ΜL�k�CnQ~��3�~ћ[I�%��A�l[5U8�*Q{L܎j�2LI�������3)��$�6 �@M9X�e��Ȯ3����n x�-���|�bn�}W��J9B3��>�Q񏇪�n�MU��2� �72��n;xZ�n-�u���U�x�YpU[�m2�+�{95�M{��jl������q�2��)G�����9]����_�r߂��S���G/�r�sK�̵y�ꤻ2��7�ܟ��X6�e^I~ƙweŪΧ�#>7�+(���[�c%��S�γ2k��51�s��㍫|J#��
��TV�i<��~_꒔�Ž��uJr��W|;S����6���,7��u>>Y�5W��#2	8>��g��v�-�k� �t�8-�h���NR��+,1��J�t;czx?&k-������� ���=U1�ò��q��������j襩�=,��_CN|�Y<�����X���H���ʋg�7��#����TW���k� �wG�\�����،�^�� Ɇ�����%�.h?f�����	��d<�_Ts`ڧ��.h������7�|���K� ܙ��?=_�n���oܬȢ��u�e��pS^��oS���!<KnU���OK���岩�>�O�S�ex�ެ�7�٘��'<Y����� ����'/{�EƸ=YҖV#YAv��{���+����>e�N�L�N
�%�[�>9|�X����2]9��\zg���u��g�l^j����u���τ�?�o%xyU��_����7��&MinP^$c���X��3�jl���^��:o���b�";M����kz���X�x�Qo�|���aw����\d����I4a��N���ڋ'3��G���){���{bK�rD� F6G��G�xd��5�Wg%����ٛ�^��r��/n|����y�x��]�yl����j����eO�p��T��\C����tc��� >����a�8���	yl����}�^Lr�� �� ��kLţ��O�#��?sbX��� ���ǘhK�_tAU �     �         ����  �H�H �  �H �  �H � � �                        P                             P     љ|�2't����s�'�A�f�Y�� i�  �� �Ly�}ތ��Xw^�$�f�"�b��$˺�k����Q�  �A(�ID�� @� � ��ЊQ��eKQ
� "&?2��S�O�>����:<w�6e�z͖z�x� \  ����vL*�|�-�5��I%����`,ZT�����yz퇎�zcMQ�WD��$I
~7�88��?ͳ�^��ɺ8��}��yl���dX�����9re������
��Q���m����~�o��������i����dFP�i��K}۽�!�����E_�'������E�RQ]W����u˄�b�n��h�K���e7��3�^ǳ���v�r��n�}>$��{Z�L����)FZ��a��Z5'�$PJR���{f�u�v��?Z���3\N>�?�yM�vd�?I?�_��lx�/�d��̢]��ߡ�ն�ӗ�2Wܿ\��٫a/�I��\ǋYw��m�ʏk��s2v�+3�ԟ�aǲS�B�����%K�����_�~�:h���z�3������������sUlf��ڤQ�!4HXYo\����YE8��y���2l�~W�����sb�<R�3\J��%�FuUe�Jg%Y��f�"�!���&d��fI��d��2@�$��� �������!����q^����[�l]��]�U�T��
p�t�c��2Ƕxy1��g��3qT֜f��9�g��i��߯�>���Z�^Iv5g[�x��d�x��6=B�����GRf��hu]N}=�I����}P�=��#N,�R�=����c�l*�]��QbW��,�aW�=>�������t���MS^-_�_-~���Ů��(�E&/���gz�*�� �g�G<�zz?��!a�U�57��ֶ�h���З�E2�2��� �C�|;=Р��N'L<y&u+_�T�q�K�/���:8&G�������w�x�*o]`Կ���nw%��}�$t��q� ŧ���2��X��WeQ
s�� /����A�J�Ĳ�����)*��p����ߡ*�g�S��*���:_O�kű� �ܫ� 2�<�vY�^'_i~]���=�P���u�$�/,�g��!q.���/�*$�&���5,i���{��R':�L����Z�{p���f�|(��u�_�<�ڑ뮯�Ƕ����uG��jF��L�N���B�[y�� ��$z�,�]R�����/�g�]�-ŹN��_i#W��,f_��8�sa����ì&�~���G�&b�ɂq�/�2�.��WR��G�,�#�,��9reW�-~�����N.K��x�%C�̶�޹�� S����+.w�8Y4���iz����l���r�%S},]>�A��U�����^;ޗ��Of.l{�M��U��%�j]`׺2�bK���6�� �Q/k�����2h���Û�"�|bJ�j�=��`h̯�ƚ���(��o�m�7篷��*%�;y%�dW�8��q1s��ó��2q�R�	ǧ��;�����n�Ī�^�Y�jԢ�=�/������-�	њj���:l�&� ���02���x�iY�j�_Tfϸܿ����b]|C�-�9z��Z�]���S�Yvߌ ��	 @$�                                                                  �     �    �@   �      � (  A �  �H �  �H � ���ˇө�Zpj�9��i�ӎv�!�AP���CD{�0] �C@	 ��!@ 	 	��=D�K�3�+H�ngH U�ǈΗ5�~�g��,'/h�xl������@$\PJ[`��XO&���G�����1�w�N�_b���+I#U0P�H܌;$�W�N1����q�B���>�K�-��ɶ��3<E7+$�6��<;bU���.� Co�Ǉ�/\�ϫoаQ���$x�3�W�u��1\�� R�ޔ��龆�#�<[eD����Ⅿӻ�Lp��-����E�����+
�s(�+m�5�bF0]r-���j�9��,j��g��T��>1����U��Ƚ�~U��X�՝���g�M����E����^�J���k�ʽ�*$��/����m hx�#��: ]�'����(��4XJ
]�6⌥�����v��l�����]M��&�EǸ����c������uE�\Gϖ�� 3Ƒ�v73��ќd��k�og����ǖ���e���nKf�R�A�4sQ�U�JZ~��(��*��[��,�ήzR|���c��6�_�}6���
��m/oCw�K�d��\�)�~�E���Fd,�/���вR2L�ͪDQ&	� ��f;�A��̐ %�.3JQkM?S���	,)��D�-��?�=���\d�Mi��\n�<ewǈ��1lk��������}S�OU� ��kƸ5�6��-�[�K�?�<���ɛ��V�2^�Y%�3��|=O.;�_4��,�.X���� L^��>�^�����8S�KF�?�f��r�N�|��o�_�-��+]��v�z�S�H�!C�p��q\�;(ٵ��Vy|��Y�l������Ǟo�e~.�� <�o��J�n������X���'���B����x��z����ܸ���R�t+���8�����\���xFG�D�h� S5T��cޙ�_fi����<Xӝ��%�2��W�dOȜy���uZ~�������O[)jȿ��Ģ�1��2�$��{��W��N?��Gg����[�gy/33�K��X�}��"3�e�Mm�V�`��2��7t�/G�L�pg���Y){=�k�P�ͺ�R�~Ϫ=i�(���2��U�oK�u��Fg��Y�� ��,�f}���#�>���#�����+j{�_��x��m'����=3K���u� �e%(�f7����?(���9xVg���k�lWꏿ��󋌚~��xnG�-?4u����'�_� �gsҷ�r��=�bK��q���<�B/RD�bm�^��Y���>��~�Q��ppk�ry�b��X[KY������vڹ�vB�QR�L�˟b�(�Xй�e�	/�O�j��"�ё��mJ5��r@�6����>	����[��0���UM􍫕�q�����$�7�MK��ɏ����{�~+�,��Wͯb����sTZ��?fz��[~�*n���L�p�p�):�T����,oWLc%�U�*�G\;?N2�'���xU�+6T]��/I/rۃ�1��j�������zx�xy�Ek�~���f��\o�k��y����΋��8=4�f���	P 
H �      �H � @   	 �  �  I                                                                                   r��C�?�{(��$�MD9(�W�1}w�3 ���cEk�л   $�@�I�   @I����m}tA4��7��Z��  �-zƽ�W/�xl����=0�� ��� ����~5��,ꃜ�H��3c��k������x�x�^Xr�/:�h���c���]񚎫n��s�$�S��g-�<���s�&��|�I���>�Z\�<����=c�����.���K��l���}��d��o������|3|O5JK�+��JiQIitH�����V�e�1�K�y�Dy�1ĬʶXػp]��:��u���=�>��+���-\�� 2]��2��6�8���_��	NrI������b��^�S\��#�Ե\5�[�r�_D��_�a���76Sz�j*�ʶV$ܧ��]`�8�)]Ֆ�cUDa�n.�kZ!�UkQ�4�b�poGa��+��xv�C�����YXV�%T H� �0�S%���e>�4I5��F����\�#d�I�f;����Ͷ��|��e�]"���G��٩��=�Uܺ>����(;���8��9��̥4����Σ")�bC�4�"@]�ٺ�m�e�,RI��P���i��ş�]ś9+�I&���	cT���v4ܞ�l�����dy�,\�_�댶Q�2L2��66QR���i�L�|c�S��(����Sk���<���(�_��o��9n��Z��\WС��x�zAm��pO�y����oo��>�ݘ��/�_���7�"��z��G<���F(�(y�<�8�%��_�� ��=�B�
�i�������V���/�U�Aǳ���^�� ��e��LJ��/�� 䥝/�'�V�,\��eީ��y���;j�(���|f��q��KP�i��|isT��B˸�>?����x�:0�YW��|2�'+��-�bs�~���|v�~�޹�� ��m�0�J��W�c�o���k�/�'��IO��χ�=-��W��*�\ђԑ������t/��n��/�+�>t����u}$����7q�n=_�q�灕,;�p�\��'>��]X�k�.��x�/,t��Z��)qm�������r��S&Qׇ��5^ZKRf&���WJ�dѤ��3��L��i�믊�9�k������G�=G��\�����m}юI���wӷ��N<���D�^���)��� ���m�W���SqJ� ƪɊ�d.Y}��v�n���2^��gÑ�c�6�L��������3i}��t�͵�eL�&�����武G���4�2�[��Η޷��f/Uߎ�1��˦~��e��t~�fJ�#/XI3��jI���W/��F�,\��/Ijk�$� |F/��	l�Ωq`�d2� s��x�N���/�?�'�t��DԙO�?�z�[������.1�9���������<�ur��W�Po�?oTz��NM:��Sn��r�}W���U�M����G�DT������Ŝ'��]�G�=�z�����Ȟ=ѲM>��sk�?U�x����N<W�j�T��/���8I�I���u¸��2)z�%��o�x</��-��/�K�3�o�\o˫�x�bl��0f�   ��                                            �H �  �H �  �H �  �H �  �	 �  �H � @ 	 $�              F9�a���"����{�����ΠA$l�u7��]�  J$�PT�� 	$�@�C�]fo��M0�2�-E�A  4���������{N$������o��a��0&�I"��njk��7|s�n����!�Bݭy��9�N�������UTﳬ�^��Ny�˻>G�~_��0��}>);��M�K��vk�K'"8�um���їrǧk�},��t�����Yׯ�9���]y3��j�qc\V�����g��['״W��ʹ$��.��b�ϊg���gm��'�9�7#�oqL�����FM�1P�HĞ����$�����|?ɟ�2��� �E�	��R��K�.!�������Hӓ�1��s&�]���k��VQū�Z�a	����&iȗ-o���_��UT���y�#>k�8�훜ܟ����A *A  ���f��6i���n��*�Wؗ�-�R'Ĕޠ��Ӌ�oȗ�4�|jRH��n1I$pϗ�;���W����^+�n�Ïd͒����5�I���V���c��_������CGs��ك��ʟ���8�����d\N��&�^,���m{�s;�J���h�p���{��$����~-9P憹���z�kٝ��ߎYa���>�t��S�4����0���c��.���	�>��9'�L�o�Ѓ��Wv��R;�6�}ΗӬ}Qi��V����Ÿ�Ŵ�f��caMke<smKM��1�U�Zr�g�U��t��S�)I(��"���{F�ѷ���mR�G^m����{հR[F,��FD�[�y~(�_����O7�e.��gA|�呬/lg7�X�Ծ���\�w#�/0����I4T���#NJ�l\���k��u�w�[�b[��mR�L�{��E�#N<�����jJ��\y/KK�◺qc�i�}g/�{�<vq����� r_іG��/�]�� �&�#/�ΗǇ���ϊq��7ł�R��cW�WQ	o�]~���F�gT��4�<�
r�˻}�O�8�ӷ�㹷w��Q������ɓ�׬,��#&���Χ�q88�X�ǟ�L�co'�� �G��J�_�m~j^�X�8�������#��z��ܰs���k�e�o�3�FQ�
Q{������{��v��R봗��Y�Tq��,���w������^��]Z]�����vx�ȏF�i�W�>+��P�~��syo��f�H�kG��R辸Y[�	��إ�?
ӓ�8m�3� ������kՙ�� �ĝ�#%��
.���Ϲ�g�õבL���Ѫ�lrҋ�j���ܯm�.�1R}|]��.0����&&>gʧ#:�
�Q�鶋�h�9=F+m��Qϛ)�]<W�z� ��k��آe�ʎW��oR��X��:j������fE?�~VpA��5�=�)�x]U�]<}�8���Zfr����꺚0�+���чwnR��Y�pqtA�J����Z��0$ @�����,���Tt�y��my1��oWlg���g�|=]端��W�L�Y�X��6���gֻ�g�☖p�):��,���^<;��^��xq�<+?͂�^����E3��Wd\e����>=p�R�Ծ�����uűcߥ�^�����굏sW��|'9�ޔ��ˤ���nTk��f�E�M>��|�g��9��X�K��� ��>������ �-W�E�������&���c.5�g����_���\�	-4��c~�}_��2f&�  �               �           
         �                                                                        �ܗœuu���D��L�9�aɉZ�[:G��Wr�����v2  
�I� �  	@�-~S
V�M�ʄ�I�@	���*����6ߝ�ǌ=p�>�6ϝ���9<+���/xv3�k�룇��sI6�����*����g�� �~O��>���� �se�j�9$�So�7�K�������!�OY��>_+#�o�6p�gĳ�i�ɭ�^秲J�������a���躳���F��l�:E{�G�G{��7�� �j{��ckXxj?�]ÝS����?]�����M������q���|��m���/��1���� �+�}j���[��B%�>�~.G�^ވ��c1�&w<������L\+��+��}�C���=t!�E$Q|Cr�U��G=���p�i����Mʄ��q`�){��
�x�ص2l��\�<��w��Dvq�!�7Uo��Q�{b 
�  A$,�Ł�4[=&n�c���AcKnR.�>2����RG�=O�>V��ym�ߎM�ܓ�ǡ�kܹWdt���8�6�+�F��d�
�CoF6_m9G�o���c�/͓�ƢWd8��<��U�����,z�OIFIuH�˳�qi�g�n��7��7�:�b^��,t���?tj��xr���E��J��I�DEo�[F%nǖ�ŕ/�>h{���:�'�e��JQn�t�<�	Bm�� �����e5\�6w�+}�Ӌ��Q��%>o��w.���W��[�>Yaz^�z<\�r:Bk�w��vFI�.kzi��v��1erUf.e�5�z0��<��ǥ50�;�jK�ަ����"H$a��N��c)BJQzh���"��+�̄⹟,�N�b}L+~�N+���}�q�~뱽L�{ �+t*��e^Y'�E�~$8��}{�^���bd�%���`�N��]R������;K���ap�qMM�����\�C�_S�,��:�#Z�_%��f��)��[�f��^���z8�f]W���W�X�������e��s��ve� Ʊ1�hy�e�x�849JJS��ղ��c�vT��_I�j1�F��n<�Ɋ�--����]y ���Z�j�r�������99�w��c�cWǟ���� ��^�ȭF�,�PV��O��[�<���cu^����Ϛ�z����)v�!Sg��h�o��e�6��wn���>e��;�v=e��ɦ8�S5��:5|9�)cO���ϗ��Y8p�w�S�����K�W�'�1��u���ƽ!��� ��+�嗺=ϛ_�D���2��o#V^n�b�^�������IG�R�}��ǫ�<�dg��8=�{_c��>|2�Bs���R��}Q�tc�\��\_�b��#į�k�_i3?��Z]2-�eӏ�� ���eQ�k��Օ9�qd�8}s����-�ugqZ���6m.i>�����芅P��H�Yk�n>�|�>���Ϋ�qg)�>3�𸫵.�EO��<ټ.��5�	�����1�� tL������;�0�z>�b�GI[MM�ze����������j��Te뮦x�rY#ۣ"QUe_R����O�I�������롘�����7����b,�^ukv��g�X�._��Q��s��a.|kt�./�/�� Ǔ)��� U�8>o�ru7�I��<;&
2�ԧM���L�S|?�ۏ>��z\�rr�|���^�O����Yw=k���υ�7�ε���T��*������>�U�����Ϗ5S�e���x���e8��T����H�� ��q�8VoJ�`�K���p�ї�#�9>n���F��r��Ǔ�.�����C�]�T�5����c���x�L�ѳtX�                 @$  �  @	 @$� �A �H(@	 @$ �@	 @                              �       �                   H"� �:��db�^�N�|�}:�/㝯�`��$.�2�r����$�ؐ���@$ �  D�K��gYj^SK�#�QDd��� �.5� ҥ� z<�a�~�6z�9� �� �h��x�>\`� T����c.W�2��-�v7%pr]g��а�|�6BKŜ�H�ʎ<���,{#�|��nK�}qԑ�"��ĕ��}Y� �rr̺>i�/���qc��dz�F4R�袏��� u����4���W��,��L����Yq��M1�go�)�,ec]_ft���$�Ӳ�!a�1G77�-m��/P۔�e�
��Id\���O����~w��������(�[wY��
-`��PF��^4]ti�S��H�y�O+&S}�в�C�o��wh�ĢWܢ�OSQ"˂bsOĒ�vqn"�����1�ɯ��*�v�?m���9=�	�I�M��� � �  HZ2�k���J;*���;6X���h�TsN/�ќ��:c��Ƽ��4�g:]��ܣ�{���f[�%�=�7�֤�Dyr���ۡ��K1s�5?�sY�m}���]Q͹ZV��5e��+�7h��?��ڪ��'><l�U���#=��o�}K��Q���}�C���.hE��afS�\2�]��!^/�N�G�.��kh��"ֽO1���O�J��_c���E��Z�.)K��XX�95%�ѓ�b޵/r�tc�sSt�o��Ui{�ͧ��č�q���%�qՑv�2�K�e�sJ�.�B
��5���[곜�q�W&\y����VU�3��{��ŹN�}OYG��q��K�]Q3��Lrڎ���is���5��/ꡔ�� ����I��?fp����7�Ѭ9,�����j�T���_�f�g�<�7]�����L������G�K��Ǜ�������4�sWdd����~���b}�t�a������,q2���7���O�A8�J/Mt��u�M).�͊�z��%��4�7ĸu�2��ӕ/�س�[�F��>��9gY$�ɻ�6L�����בz�_���Տ�_%Ќ׳�<��2�9���n5��=��|[.��zT��K��Y^L�r����!',\�i_��!.�%��9r� ۣ���(�^$~�gL8�/����	�䍘���-��uܙg�1�Iw�AS���vK�#1�����Q.���Ra�w�y�Wq<������&_`��C����k��5`P��u�R�gY�,����$��M>̐e���o��{Wc�� մ�ꤴ�������מ�uCg�]DZ}$����Ǉ�0�[p�<>#v�G|���_�\>ȯ�+�?tqq��M�g�޹r��[�������+��ep\��pʬos����[E
��Wᾕ�笿8e5_C�So7�_��5�)x�[���8?�=?�S��w�Rq
�nt}kՋ��� �w��ˁ.���Y�F%ң"Ǽ$����b��[�ȩ/��T^����1���\[�蓭��<����]�4|i����2R�T�%�}�ϩ�,�p��}m����]O�X�6��NY�� uq�+?�y_YW���#��^��P��Z�_����׎�;��7�G^O��[�q�u��K�Δi��vM9�M/����n�k�OqMvh�� #����G2�����ߞ��a$�٭�6�L�	t�ze�U˛�/C�n����T�(%]���񩸳�\:pȦ�+��ty����<L�h�jP�LN��e�c��⼼�_-G���OU��Ė&l�It�}S>l�Oh��e����������n��9S��}��� �\�IW/�SG��Im���88�s����c%��Y/�I2�Z���s[���$@                                                                                                            @ σCvN~�Eay�!�g/�fr�׎}��$�3�u06Ԃ7  P� �$@ H�lz��5��0�܎�i�u7 ؃��6��̀Wq�k�$�f�r�
�+.}���>��T}��T����'������ӊo$ߐ�9c�ܫͿ«��.���o�90)|C���u��~?�OfwQm�����M~d���.���ǫf�$����{��j�>����\�W_d��ܟ�ޗ��mArEvF�X�i����k�'d��'�$��=_#��w�����5���!՗t_mp���vy���3����e\3>+�k���z����Y[��Q޻�c�,j�p�/�T�%Z�ɗ��ɑ��)sZ���{391K�Z:�{}[-�p��疼IvEeV<y�ꤟ�з!�-��GI��ya����_c��sY �  (     h� �ё `Ѯu�wF��S�^��D����\CS'5w��ȴ�㓏IM�����{+���ƺNJ�4�*r���߯c}���짪]�㱬u���=g��c%.���<>.��m�Ʈ��Ѿ����\�5K���c�G=��מ���R���p%(Kpn2G�IIr�my\���R䟧�;�����X~���Np�^����X�j�;ǿF��S��~,�/����e�	4���9wgg���\���M���|��W&�+�NF�]�i{��9��{�Un{���a�s������}Q��Kڒk��f���{��-�7C׹ÑB�=:Ivdp|�<YuGJjKh�٪�KҪ�*,iE7��_���׉��T�c٣^e
Q�K�\�e6���N=����]ŗ��D���o���<NTK�2�������;N̻�o�6E��� ��9r����c��]�S���/ٝ�>�uW�]�Q7�S���9p���� �׏.9G���	8������m�:�5/�7�Y�\>�(�K�{�t��I~�m]���"�%��sG�'���1�r��z��{�l����4x{�� ��Am/�,}>ϱ1��tS.�����lIڔ�Zl�eR�f�K�LLe�i�~��u�1g�V���sT� �A jɦ9�S5�kG��K*�;��=}�`y�q���W�to�z7��ӗ6,V��'uK�g��AY�o�S��wa\��i��خ�Qx<N��|�|�^{�-�n2��έy��ؾ���L,��g��}Q�ŝo�l�C�ᬉKx�|�����yζ�~6]|]�B����b��%��8�ߡ��4Z<�Lw�>���=5��+u�(K�[L�Y�ʹ3�$�X��îq���=G�Y\�����o������w	�x�F���$�oQ��^;��}/S[��3�\k�S"�iFo_c�{\�]�Txώ1�8�oK��O�9a��sx�� ��Ÿ�5�uD6n.7Wk܉~#��|˫���
��Q����e_�Ī�g� tN�)rJU?����7��\]S��w�N?����rJ�2Wkc�?��kH �Vq:�gW�r�ї_��%꺡Q����Jc-��љ�[��ǫ�V��˷^����9?��Q��ˣ=�;�F%ؖ���r����f�so���W�FA�3x�Ϋ�	4��m٣o�l�T @                                        
                                                                      E  J�zL(xx���E5~&D!��J���_]��d���R4�}k��HH$	 �   $	4Y�F������.��/)�D�0D���aS�͆�}M�|y�UK�F�n\c�e���+�h�J���r�x??�c?ۿ�� j�ϵ����S�]��E����V�nC��y^X����~Z]�Ds��:u�u͛���'�3��t�ȕ����+��qi|�=�^����2�x+����}�MNٵͅ�/�q�Cuһ/r���1`�UQ���j��]={~�w�Ͷ�?�`��2,fי����	?u���'l��fV�FQ���+��4�ʿ�z��q}κr��g^.�N��n�燺4Fi���ke5\����v*�xL,۔9_���-���9(A�##�\��$hVG]z��W��"
�^��Rc���wϨ�n�^La8���\��1�7�)����7�n���_в��bR�ʿe���N����Ƽ���K�c��/�m}�e�cG��#��ڸ� #7�&�8��Ap��这��/7�)��WAv��Fk"+�"|�����<l�vt;���h�/��ʤ�c�J���Q���3�~�?b�L�|q�ǉS��О��U
ǻ��[�֙S��.�rƓ��e�� 3x�~ؼ2��hţ;!m侹A�V����X�}kh�P�74CEe�mO{]ξ�^5�X��p�9-����9c2���c�;'*��k�ꙫ'�i��� �6�K����gĕZ�2z?s͗��=�F./RZf���TeC�.2�f�[(�O���9齴�1�wB6A�IY�Sn�g$��E���2�ĲW���Y�������G��~h5���[�d���Kh���ٰ��Ǎs~��vǚ���?��/DwzG���[��M�>��G~��&�������µp(�O�E�zܵ�c?	/�gB�������Q2�֙U�O,ۏt\��˯�~�R*iȞLn��R���$��Ln����U�	�Ώ�3�-���.Ζnm�+�ڔ��$Sf���u��=6E�m.�-�)G�3�W�VK^�l�{��	�g�\�q��Pˏ2�8���4e�FM�i�4U�8M�}��W&�q�=�.ew֧T����:c5.ǂ�W��[�c��z��?�B��\�{�3��_X����xK�Kq�O�Y�u�>u}��d� ��W&��q�Of���8u���Mte��p�b��X�R6���"��2�X�nӏ�fP��9oKܾ]��U $ ��8�����/�=>�I y�*ܱ��:^��Y���ò���G��
�;G�?�՛�wyfZ�اoz���m�������Y.�?��h|�~ƽ��8O�YQ��ٯ!���y+�9Y���hv`�����N$��2�r��o�Gū忛��+���_��Ū�Mz3���)�*�Ŧ��-�� �@z���\�kmG�~ǖ��u��9rζ�`�"	6�.��#�\������ �1�^M�u�N/�4���bd��-Y�.�����ukmC�}���~�˙sZ�F'����;�>T-�O�ظ�J��ؾYt��@^c�ep��u�~W��;;w��-!��[B�מtsW.x)3�E��Y[����b����W�����#h @$�(�+�r��o��x>_��7揖E7���b���xW�������B���c���؛�1],����y�-=��#��f<���~����n��F:�_�r������c��_�h ЀH @     H @$@$ �@	 @$ �@	 @$ �@	 @$ �@	 @$ �@	 @$ �@	    $   @	 @$ �@	 @$ �@	 @$ �AD@	 @$ �@	 @$ �H �H
���eszE�w���X� S,q�@s��xw:b�	 H�	 :�	D��Ǥk�܌�}Ek���  �ϕ��~P1��܍4�7 *8���~�J�!k�S��֋?���1�}�+8M')�/��?<�K~�x����lh��]J�-�'o�K��N��g�X��>ytH�����W����?�y��6a�Gx�y�~��w;��qJ�)�p�Q-�5��	 "@Re�bLWP7�O��Z�٢&EFs��~_+����춸o��ڞ��o]�]����鎣g⨭E%�9ܛ#l#t�f��ߩ50%Ͳ6�T�l 'lm�H)�n���3�WS��K�"	��G��.�c�w:i/O��T�{F��`�&�F��r�� ����n)�%Kwa�����}��˛���N̜3��s�F�f��nN;hL�r��,�Ms�4���Ò��/��8���v�~������i\Ж�i�����L�=1�i7���v-Կ<��ⰸ�N,���[��*������c��l��^�o,lLĥ�dv���Ó�~;����X��L�b��/���/I���M���ڦ���h���)u9e[��kE���U���Vh�"�M�FZh���(�y�%�����x�z��}���S�h�I����{�%��5�qZ�U�޻g�!,L��������2kZ�z��,uY��M�����<�~e��#�J%fm��ff]V�������f���4{���곝-o���)é�so>SU��q�/OM{�g���չxY+���%|]6�#өuL!�1#(�Y�\�x��^�'�N1�� .���C��r�
3߉K��^���cB~�i����ͱf��x��/ٞ�����<�^��pg�D_й� F@�A!B@���Q���Rכ[��eɗ'�>�T�d���<����/�-Uw�o��͇���Y�S�|��_���2ÝW�^�?�oıN����~B|7�G&=(���z&t�=�:>���XS�L��̷ɇ�L��Y?�|IU����r��|���^��yo�IC#S]7�}�3��R�ɲ��h��N�L��g��\z�e�}-���ٚ��W)�U$�uy��	e��Ҥ�w[��S�P��e\�Y'|��U�/N2M~��i�7WFLK"�p䝽<wx�]Ĩx��S%�q��!��4��x�K��L���.<�Y �A�Ypkyr%L��ůܮ2�n�#8��ٜ�M��Uͻ��f�ye�;���iT����4s��l#j�c�KruI���}Q�v���/_U�dcjUܬ_��� ��� �ĦP�G��U��3��J�K�K��'�g7�����}~Y��r�ꯉ8]� -��$� �~���+���f��t��M�G�0'O�X���l����2���+p3,Ǻ:��� S�G���\���B;��\���I*Q��ݷ�� KD@�@	 @$��                                                                                                         �6���d�y�����1+𱫇��OdA�� �k�лj]M� HD�BH%	  >����Z�k�6Ǣ"  i��7.}@ʟ�ڌ*Z�3���NO�V���}T��������}��Q	<�!+���QGW�V�Tu�ͣ��~Yi��j5ҟ͖E��C�:����vD�G��E���A�ݪc���G{�������ؗs�섻3�ܦނig+�3[�H���}��|iz��t�Y1~��\��D�i�����>�B�3L���F���^�M.�D�fF^�\.��@�d�&���Q�#�$a+b���k�H�<��S�y�.�v6�#��5>�1y�z�t�RD�K7��m�g^�4�$�Ro[7B��@�I	�H  �k�E?���+={�+��X�8����H�1���2/8���nzw��Ee�z�����a��tF��ٷ6�f�)O��!�m[e.=�k�qz,��{(O��S&�/n<���k�3��ω��Q�>=o�]Z���Ω.�Um���n-���:�� o�F3�-�YY�/�4Y®�{�M�F�U��v.�A��<?�eEu�����r�^�Yw��k���#F�x�ϖr�o�H�y�I�ǯm3:�۞p�[�]s��������%�+3r#�.��EnS�K*x�M��)6�/B��O��/s��O��������N��L$��u>w�|��l�o�쎼����{]N���5���Ik�����}�RK��wW�̣��U�.Y�����5%l�龇�̇���ѝx��g�}��zٟ�uexM�f1|�9�n���u�n9cuW�V�U��ז�����5�'K�Gk�e`ʷ궊LI�2-�Q��؜9}:g:��"�Y�8��o����9��!v$Ȑ   pq�%���^t��`�<�ʗ'�g�S�Oظ�Ǝf��kq~̦�>�#���~o�w�j�io~�c��6�r���EvD��U�]/ñ){��x�+��v�S<���R�/�ɋ���~��W��.0or���=<7�|^�Ԧ��x�~&'�T��3�����8���]O�E�5�Qz��3�g��$�-H��yl��Ws������S'���=��������e�G.Y��8�zg������.-�-�G�����K]j�Ϝ�8�Z9g{bA �� U���/��}���iY�W��Wp�� ��YyYody-kӺ9��]Ͷ��:���.� ���.hX�d��h�� hX� �;r5Q˂ܫ\���>�+;����qq*���K���c8��Q}��r�8X�zi�߅嬌z��V�g�<U�p����\|;��sǛ����k�����z,{��z6��l�,ע�S�Xk+?�r:�_����.���J������c��]W�������o�f�3���e����F'w��2�{�A���8�:K��Θ�H*�   @	 @$ �@	 @$ �@	 @$ �@	 @$ �@	 @$ �@	 @$ �@	 @$ �@	 @$ �@	 @$ �@		6�Km� �6�ݖ��B��\�_���.�Zqo���m��M��s�����������77�-k�z%p��$�KO�j��n�@l��)�%�ʹ/I-3  u.�M`�� �R� �މ-r9�u����3�ӌ��%�j�T럈���� !�M`�~&N6��m[��� 3
h�"|�U;g�0�o��U�-��f�us�k�e���,���jžu� km1�j��:{֞����e�Z��k���)���5\�B�j�R�좶ٺ�۫VU�|��J5���7W87ۃ�En˱o��N���0����cSe�Kn5������Y��i�5�
�� �   ������d���Eyu���S�&c'^)��`0G` ꑴµ�� �$ 	@� �3zFF���B�mF�.��$�$糬·���aGDV����2�,eD��� b�i-���w~3�Yk�+���2�������x���_�Q�]�e/�emp�NJ��&^[�\#T>X�;�z+T��-��%%ae�[��tg�=�\��"�ge�Ol����V��̙jQ�gM����S�g\x��$ǧ�4�.�)o�Jr��&�a#��ɒ����3$_�O�e�*Ŷת�l�x�u-ʩk�u;xr��Ů^�n?ϔy8_(>�m�wf�(�������W���\o�A��	%��LR��+�S�Ͳ͵��:M_7g%�3��� Dʷ9��l�6jq�\���f[���.���k�'��U�ˋ/x�<�r��$� 6,�TJ�{��P��Y͋�7��GUY]��|�v%NQ9�;�K��U���u�r��y��_��NV�{1e���d�4�%��ԑ�]@H��).I�O��_���,���� ����[Gl�V~�]$���7�ZG��;3�Ƴ*x���}��G�������0L�ea:!�S$R�3L�O���ڮ�\}:M�c�J����a(&h�:}�,�S&���.� �Z��:����.���O:$�u1���[G,����Z��NGi6�NV{쭫�[s��l��q�r� ����WF������I�m�M���5$w�G���Zpk�?����R��՛��vFkћ�q�{}*
�FK�'[�S����.����.�+h�=1W�_-���|N��&�U��� ��T��4Ln�Vn*hm��&���]��q�>J���y��c�%�`��UqzYnIj2�v����4tq|�=����v���6$��򳲙r�?fR�ku+*~�Qo��G��|�FK���o5<���F� �  ����	ׯ:��(�T�]������=i�8�?��j��֣jܗ�7��r�������Ý2�5��2��i�;#Ώ[���W++I=����%_�8�N���j_���O?Z�OD��Y��|�x���y	Fp���-�q�:<J9��Q�x.3�������'���p����a�z��~���玸^������\|3��^7�6�K���:6�'	�K�{E�ni�.���x��k歴|���ͧ�ϭp��V&5�յ�� #�\k��W&�k��q��ۖu�s �A��  �k�	����(N����'���e>ݸ��Y�++p�fl�ɕSuړijI��0i�n/ёm^"R�Ց����ek����r��,����T��=I��������c߬'�K� $�` �����|xvoR�2��ʫ���=��P��%�PeR�P~����K��˒}Ƕ�k"��O�Z��g=���2��Jr{�$S�;��sǛ����z<�?ç����5���p����#��x���8� �|�qi��y�x��M�^Y��U|_�㍐�qc�#�O�/TI~7_M��?�yV�3h���                                                                             A��1��|	�79?59u����V�l���}FrI8io��� 4Y5W�_a`�dS�.T�\�J1���Z{��쪡���y|7&�g��d[���xp�Oo�S��OE�kUu�� (ܼIsk�{���k_mt�e�� ��#"��RQS����%�䌣�w� ʇ���g�ח��޿��?��<G� ��8x���rS�sQ��'��ٙ� �k�� M|&�|[�uMFܼ4�W���F��i����pI��N*�reʪ��G��:�����!��ed�o�M*��7'M-����38EX��ǈSm��x����������>��^w뇇��+�cc���?�H�W��8�M|+��.JT�s�Ѯ�w�����[JR�,��$����}���3���'�v�_�R�r�Ԡ�����9=8�W|!�(|X��8U]�}���es�}7�u^�;���|#�.38c;sn�kƚ����u��ѣ7��>X�:gn����o������7�O�������;���������d����|��,�,ܣ(�6jRS��n�u��<���	~�Nʸ����#>]�%/���=Ŀ�Ŀ��}j����vs�==�}v�����	T8$��j�8����~Z����i���Wq��7��\�C�NI� �����.�����ټK����Æ(ǚ˖)om��kK_C���<�.!G��?&��W����o�֖�[�[��>"�����|�r�����̷���"���2� ���:���F?�u�JRK�O_���S7�g�E�0���v4�5eV�������Ь���� �,{�^BY4ի-�]������q��®��g�#�]Zqy��W�M.��;� Q���M���4/��4���)F7�>y�r][o�ӧ���/�gf'
�1�=W\Pi}[i��,��{�]1�96��SJr���9�����w�1�6<��'��[�[5�oi��M��;�ȣ��"W�*WO�/ƽ�N�� R���)�Y��N1y�����q��M��g����W�6q{��T|y��.^���ۧ�=��|��./�d8U86�2�܏��s-����2�c�.[|�7�{#� �K��o�x�Ɍ�xuxj\�߉���Z� ԩ:��^�L�     =~%k�w�~?�� �w �v2  J$ ���ՀQ�� H �&��-��<c!��NQ���G��R�� /=�G~/|&�
��.�M�|�`|�m��q���P���[}̱��U��݀v㛬r[1�;2�!�_�R�U99�r}@=$� +$���.6X_j���#�y��s��jlM0l� 
l�: 	�� "yG( 4F�44 ��y��c4��ɖ��FL��^�.q�9�i�ys�z��X���d7�g,��`��?��~mK��E=�Gs��i$�ʔ̓ �� CDh 1pL�:S� k1����i�r���A˰[�"g(�{?�2<L'S�%��� ���zq�S��+�Uf����ۧҚ�F�0�瓿��=6� �z�8��^��2�Q掘]��I~�����v�=�wx�e뿆[�+�"�/h�d  $ ��)�B�XK��Y�eⷀe���.�����WU�Y�5�u� �^�˧��3Q����=/�.gh��9e�݅�/7�(\�8��g���x�-Hxz�'��`g�>�v�e��=/��>7�W�'%��� ���z���f ��  ���%�q�����F%w~�����=L/��ū���F���9e����, �JN�>x���s0��R�W��X�`T�UZ���{=��WS]���_��ɜ�Ð�k�9~�/�<C��ֻG�� ��1.����}�7>�kW�����z2��k���@ �                                                                                  4l   	M�̀  ���` 	�ַЀ ��p �       ��
2026-06-15 22:13:33.684  INFO 9740 --- [org.springframework.amqp.rabbit.RabbitListenerEndpointContainer#0-2] (system) o.s.a.r.l.SimpleMessageListenerContainer : Waiting for workers to finish.
2026-06-15 22:13:34.242  INFO 9740 --- [org.springframework.amqp.rabbit.RabbitListenerEndpointContainer#0-2] (system) o.s.a.r.l.SimpleMessageListenerContainer : Successfully waited for workers to finish.
2026-06-15 22:13:34.269  INFO 9740 --- [SpringApplicationShutdownHook] (system) com.zaxxer.hikari.HikariDataSource       : HikariPool-1 - Shutdown initiated...
2026-06-15 22:13:34.278  INFO 9740 --- [SpringApplicationShutdownHook] (system) com.zaxxer.hikari.HikariDataSource       : HikariPool-1 - Shutdown completed.
2026-06-15 22:13:41.393  INFO 12820 --- [main] (system) o.example.MyProjectBackendApplication    : Starting MyProjectBackendApplication using Java 17.0.8 with PID 12820 (C:\Users\14302\IdeaProjects\my-project\my-project-backend\target\classes started by 14302 in C:\Users\14302\IdeaProjects\my-project)
2026-06-15 22:13:41.395  INFO 12820 --- [main] (system) o.example.MyProjectBackendApplication    : The following 1 profile is active: "dev"
2026-06-15 22:13:42.119  INFO 12820 --- [main] (system) .s.d.r.c.RepositoryConfigurationDelegate : Multiple Spring Data modules found, entering strict repository configuration mode
2026-06-15 22:13:42.121  INFO 12820 --- [main] (system) .s.d.r.c.RepositoryConfigurationDelegate : Bootstrapping Spring Data Redis repositories in DEFAULT mode.
2026-06-15 22:13:42.144  INFO 12820 --- [main] (system) .s.d.r.c.RepositoryConfigurationDelegate : Finished Spring Data repository scanning in 10 ms. Found 0 Redis repository interfaces.
2026-06-15 22:13:42.698  INFO 12820 --- [main] (system) o.s.b.w.embedded.tomcat.TomcatWebServer  : Tomcat initialized with port(s): 8080 (http)
2026-06-15 22:13:42.709  INFO 12820 --- [main] (system) o.apache.catalina.core.StandardService   : Starting service [Tomcat]
2026-06-15 22:13:42.710  INFO 12820 --- [main] (system) o.apache.catalina.core.StandardEngine    : Starting Servlet engine: [Apache Tomcat/10.1.11]
2026-06-15 22:13:42.802  INFO 12820 --- [main] (system) o.a.c.c.C.[Tomcat].[localhost].[/]       : Initializing Spring embedded WebApplicationContext
2026-06-15 22:13:42.803  INFO 12820 --- [main] (system) w.s.c.ServletWebServerApplicationContext : Root WebApplicationContext: initialization completed in 1363 ms
2026-06-15 22:13:43.732  INFO 12820 --- [main] (system) org.example.config.MinioConfiguration    : Init minio client...
2026-06-15 22:13:44.542  INFO 12820 --- [main] (system) o.s.s.web.DefaultSecurityFilterChain     : Will secure any request with [org.springframework.security.web.session.DisableEncodeUrlFilter@228958a, org.springframework.security.web.context.request.async.WebAsyncManagerIntegrationFilter@7cd3860, org.springframework.security.web.context.SecurityContextHolderFilter@1c43e84e, org.springframework.security.web.header.HeaderWriterFilter@57df09a7, org.springframework.security.web.authentication.logout.LogoutFilter@3e5c7588, org.example.filter.JwtAuthenticationFilter@e886caf, org.example.filter.RequestLogFilter@553fbe94, org.springframework.security.web.authentication.UsernamePasswordAuthenticationFilter@dd07be8, org.springframework.security.web.savedrequest.RequestCacheAwareFilter@21ce2e4d, org.springframework.security.web.servletapi.SecurityContextHolderAwareRequestFilter@2573b149, org.springframework.security.web.authentication.AnonymousAuthenticationFilter@44f23927, org.springframework.security.web.session.SessionManagementFilter@81dfdee, org.springframework.security.web.access.ExceptionTranslationFilter@11ee671f, org.springframework.security.web.access.intercept.AuthorizationFilter@5d00b469]
2026-06-15 22:13:44.906  WARN 12820 --- [main] (system) ocalVariableTableParameterNameDiscoverer : Using deprecated '-debug' fallback for parameter name resolution. Compile the affected code with '-parameters' instead or avoid its introspection: org.springframework.amqp.rabbit.core.RabbitAdmin
2026-06-15 22:13:44.951  INFO 12820 --- [main] (system) o.s.b.w.embedded.tomcat.TomcatWebServer  : Tomcat started on port(s): 8080 (http) with context path ''
2026-06-15 22:13:44.954  INFO 12820 --- [main] (system) o.s.a.r.c.CachingConnectionFactory       : Attempting to connect to: [localhost:5672]
2026-06-15 22:13:44.989  INFO 12820 --- [main] (system) o.s.a.r.c.CachingConnectionFactory       : Created new connection: rabbitConnectionFactory#44084713:0/SimpleConnection@8c34631 [delegate=amqp://guest@127.0.0.1:5672/, localPort=49981]
2026-06-15 22:13:45.030  INFO 12820 --- [main] (system) o.example.MyProjectBackendApplication    : Started MyProjectBackendApplication in 4.11 seconds (process running for 4.637)
2026-06-15 22:13:45.071  INFO 12820 --- [http-nio-8080-exec-2] (system) o.a.c.c.C.[Tomcat].[localhost].[/]       : Initializing Spring DispatcherServlet 'dispatcherServlet'
2026-06-15 22:13:45.071  INFO 12820 --- [http-nio-8080-exec-2] (system) o.s.web.servlet.DispatcherServlet        : Initializing Servlet 'dispatcherServlet'
2026-06-15 22:13:45.072  INFO 12820 --- [http-nio-8080-exec-2] (system) o.s.web.servlet.DispatcherServlet        : Completed initialization in 1 ms
2026-06-15 22:13:45.422  INFO 12820 --- [http-nio-8080-exec-2] (379353469577990144) org.example.filter.RequestLogFilter      : 请求URL: "/api/user/info" (OPTIONS) | 远程IP地址: 0:0:0:0:0:0:0:1 │ 身份: 未验证 | 请求参数列表: {}
2026-06-15 22:13:45.528  INFO 12820 --- [http-nio-8080-exec-2] (379353469577990144) org.example.filter.RequestLogFilter      : 请求处理耗时: 132ms | 响应结果: {"code":401,"data":null,"message":"Full authentication is required to access this resource"}
2026-06-15 22:13:45.617  INFO 12820 --- [http-nio-8080-exec-9] (system) com.zaxxer.hikari.HikariDataSource       : HikariPool-1 - Starting...
2026-06-15 22:13:45.778  INFO 12820 --- [http-nio-8080-exec-9] (system) com.zaxxer.hikari.pool.HikariPool        : HikariPool-1 - Added connection com.mysql.cj.jdbc.ConnectionImpl@36360dec
2026-06-15 22:13:45.779  INFO 12820 --- [http-nio-8080-exec-9] (system) com.zaxxer.hikari.HikariDataSource       : HikariPool-1 - Start completed.
2026-06-15 22:13:45.813  INFO 12820 --- [http-nio-8080-exec-9] (379353471327014912) org.example.filter.RequestLogFilter      : 请求URL: "/api/user/info" (GET) | 远程IP地址: 0:0:0:0:0:0:0:1 │ 身份: admin (UID: 4) | 角色: [ROLE_user] | 请求参数列表: {}
2026-06-15 22:13:45.867  INFO 12820 --- [http-nio-8080-exec-9] (379353471327014912) org.example.filter.RequestLogFilter      : 请求处理耗时: 54ms | 响应结果: {"code":200,"data":{"username":"admin","email":"1430220206@qq.com","role":"user","avatar":"/avatar/2983c64efe0c499cb90cc13d7545f5ec","registerTime":"2026-06-15T13:27:10.000+00:00"},"message":"请求成功"}
2026-06-15 22:13:45.963  INFO 12820 --- [http-nio-8080-exec-1] (379353471956160512) org.example.filter.RequestLogFilter      : 请求URL: "/api/user/details" (OPTIONS) | 远程IP地址: 0:0:0:0:0:0:0:1 │ 身份: 未验证 | 请求参数列表: {}
2026-06-15 22:13:45.964  INFO 12820 --- [http-nio-8080-exec-1] (379353471956160512) org.example.filter.RequestLogFilter      : 请求处理耗时: 1ms | 响应结果: {"code":401,"data":null,"message":"Full authentication is required to access this resource"}
2026-06-15 22:13:45.976  INFO 12820 --- [http-nio-8080-exec-4] (379353472010686464) org.example.filter.RequestLogFilter      : 请求URL: "/api/user/details" (GET) | 远程IP地址: 0:0:0:0:0:0:0:1 │ 身份: admin (UID: 4) | 角色: [ROLE_user] | 请求参数列表: {}
2026-06-15 22:13:45.982  INFO 12820 --- [http-nio-8080-exec-4] (379353472010686464) org.example.filter.RequestLogFilter      : 请求处理耗时: 6ms | 响应结果: {"code":200,"data":{"gender":0,"phone":"18764567279","qq":"1430220206","wx":"Furina","desc":"晨雾漫过荒坡碎草轻摇浮尘乱舞流云散漫掠过矮枝碎石错落随风打转细影飘忽漫向远空零星草木随风轻晃虚影游走四处飘散啊阿斯顿阿斯顿阿德阿斯顿阿斯顿反帝反封建"},"message":"请求成功"}
2026-06-15 22:17:16.133  INFO 12820 --- [http-nio-8080-exec-7] (379354353473032192) org.example.filter.RequestLogFilter      : 请求URL: "/api/user/info" (OPTIONS) | 远程IP地址: 0:0:0:0:0:0:0:1 │ 身份: 未验证 | 请求参数列表: {}
2026-06-15 22:17:16.135  INFO 12820 --- [http-nio-8080-exec-7] (379354353473032192) org.example.filter.RequestLogFilter      : 请求处理耗时: 2ms | 响应结果: {"code":401,"data":null,"message":"Full authentication is required to access this resource"}
2026-06-15 22:17:16.149  INFO 12820 --- [http-nio-8080-exec-8] (379354353540141056) org.example.filter.RequestLogFilter      : 请求URL: "/api/user/info" (GET) | 远程IP地址: 0:0:0:0:0:0:0:1 │ 身份: admin (UID: 4) | 角色: [ROLE_user] | 请求参数列表: {}
2026-06-15 22:17:16.155  INFO 12820 --- [http-nio-8080-exec-8] (379354353540141056) org.example.filter.RequestLogFilter      : 请求处理耗时: 6ms | 响应结果: {"code":200,"data":{"username":"admin","email":"1430220206@qq.com","role":"user","avatar":"/avatar/2983c64efe0c499cb90cc13d7545f5ec","registerTime":"2026-06-15T13:27:10.000+00:00"},"message":"请求成功"}
2026-06-15 22:17:16.283  INFO 12820 --- [http-nio-8080-exec-3] (379354354102177792) org.example.filter.RequestLogFilter      : 请求URL: "/api/user/details" (OPTIONS) | 远程IP地址: 0:0:0:0:0:0:0:1 │ 身份: 未验证 | 请求参数列表: {}
2026-06-15 22:17:16.285  INFO 12820 --- [http-nio-8080-exec-3] (379354354102177792) org.example.filter.RequestLogFilter      : 请求处理耗时: 2ms | 响应结果: {"code":401,"data":null,"message":"Full authentication is required to access this resource"}
2026-06-15 22:17:16.296  INFO 12820 --- [http-nio-8080-exec-10] (379354354156703744) org.example.filter.RequestLogFilter      : 请求URL: "/api/user/details" (GET) | 远程IP地址: 0:0:0:0:0:0:0:1 │ 身份: admin (UID: 4) | 角色: [ROLE_user] | 请求参数列表: {}
2026-06-15 22:17:16.300  INFO 12820 --- [http-nio-8080-exec-10] (379354354156703744) org.example.filter.RequestLogFilter      : 请求处理耗时: 4ms | 响应结果: {"code":200,"data":{"gender":0,"phone":"18764567279","qq":"1430220206","wx":"Furina","desc":"晨雾漫过荒坡碎草轻摇浮尘乱舞流云散漫掠过矮枝碎石错落随风打转细影飘忽漫向远空零星草木随风轻晃虚影游走四处飘散啊阿斯顿阿斯顿阿德阿斯顿阿斯顿反帝反封建"},"message":"请求成功"}
2026-06-15 22:17:21.694  INFO 12820 --- [http-nio-8080-exec-2] (379354376797556736) org.example.filter.RequestLogFilter      : 请求URL: "/api/user/info" (OPTIONS) | 远程IP地址: 0:0:0:0:0:0:0:1 │ 身份: 未验证 | 请求参数列表: {}
2026-06-15 22:17:21.697  INFO 12820 --- [http-nio-8080-exec-2] (379354376797556736) org.example.filter.RequestLogFilter      : 请求处理耗时: 3ms | 响应结果: {"code":401,"data":null,"message":"Full authentication is required to access this resource"}
2026-06-15 22:17:21.709  INFO 12820 --- [http-nio-8080-exec-9] (379354376860471296) org.example.filter.RequestLogFilter      : 请求URL: "/api/user/info" (GET) | 远程IP地址: 0:0:0:0:0:0:0:1 │ 身份: admin (UID: 4) | 角色: [ROLE_user] | 请求参数列表: {}
2026-06-15 22:17:21.715  INFO 12820 --- [http-nio-8080-exec-9] (379354376860471296) org.example.filter.RequestLogFilter      : 请求处理耗时: 6ms | 响应结果: {"code":200,"data":{"username":"admin","email":"1430220206@qq.com","role":"user","avatar":"/avatar/2983c64efe0c499cb90cc13d7545f5ec","registerTime":"2026-06-15T13:27:10.000+00:00"},"message":"请求成功"}
2026-06-15 22:17:21.783  INFO 12820 --- [http-nio-8080-exec-1] (379354377170849792) org.example.filter.RequestLogFilter      : 请求URL: "/api/user/details" (OPTIONS) | 远程IP地址: 0:0:0:0:0:0:0:1 │ 身份: 未验证 | 请求参数列表: {}
2026-06-15 22:17:21.784  INFO 12820 --- [http-nio-8080-exec-1] (379354377170849792) org.example.filter.RequestLogFilter      : 请求处理耗时: 1ms | 响应结果: {"code":401,"data":null,"message":"Full authentication is required to access this resource"}
2026-06-15 22:17:21.794  INFO 12820 --- [http-nio-8080-exec-4] (379354377216987136) org.example.filter.RequestLogFilter      : 请求URL: "/api/user/details" (GET) | 远程IP地址: 0:0:0:0:0:0:0:1 │ 身份: admin (UID: 4) | 角色: [ROLE_user] | 请求参数列表: {}
2026-06-15 22:17:21.798  INFO 12820 --- [http-nio-8080-exec-4] (379354377216987136) org.example.filter.RequestLogFilter      : 请求处理耗时: 4ms | 响应结果: {"code":200,"data":{"gender":0,"phone":"18764567279","qq":"1430220206","wx":"Furina","desc":"晨雾漫过荒坡碎草轻摇浮尘乱舞流云散漫掠过矮枝碎石错落随风打转细影飘忽漫向远空零星草木随风轻晃虚影游走四处飘散啊阿斯顿阿斯顿阿德阿斯顿阿斯顿反帝反封建"},"message":"请求成功"}
2026-06-15 22:17:35.646  INFO 12820 --- [http-nio-8080-exec-5] (379354435316486144) org.example.filter.RequestLogFilter      : 请求URL: "/api/user/info" (OPTIONS) | 远程IP地址: 0:0:0:0:0:0:0:1 │ 身份: 未验证 | 请求参数列表: {}
2026-06-15 22:17:35.648  INFO 12820 --- [http-nio-8080-exec-5] (379354435316486144) org.example.filter.RequestLogFilter      : 请求处理耗时: 2ms | 响应结果: {"code":401,"data":null,"message":"Full authentication is required to access this resource"}
2026-06-15 22:17:35.659  INFO 12820 --- [http-nio-8080-exec-6] (379354435371012096) org.example.filter.RequestLogFilter      : 请求URL: "/api/user/info" (GET) | 远程IP地址: 0:0:0:0:0:0:0:1 │ 身份: admin (UID: 4) | 角色: [ROLE_user] | 请求参数列表: {}
2026-06-15 22:17:35.665  INFO 12820 --- [http-nio-8080-exec-6] (379354435371012096) org.example.filter.RequestLogFilter      : 请求处理耗时: 6ms | 响应结果: {"code":200,"data":{"username":"admin","email":"1430220206@qq.com","role":"user","avatar":"/avatar/2983c64efe0c499cb90cc13d7545f5ec","registerTime":"2026-06-15T13:27:10.000+00:00"},"message":"请求成功"}
2026-06-15 22:17:35.757  INFO 12820 --- [http-nio-8080-exec-7] (379354435782053888) org.example.filter.RequestLogFilter      : 请求URL: "/api/user/details" (OPTIONS) | 远程IP地址: 0:0:0:0:0:0:0:1 │ 身份: 未验证 | 请求参数列表: {}
2026-06-15 22:17:35.758  INFO 12820 --- [http-nio-8080-exec-7] (379354435782053888) org.example.filter.RequestLogFilter      : 请求处理耗时: 1ms | 响应结果: {"code":401,"data":null,"message":"Full authentication is required to access this resource"}
2026-06-15 22:17:35.768  INFO 12820 --- [http-nio-8080-exec-8] (379354435828191232) org.example.filter.RequestLogFilter      : 请求URL: "/api/user/details" (GET) | 远程IP地址: 0:0:0:0:0:0:0:1 │ 身份: admin (UID: 4) | 角色: [ROLE_user] | 请求参数列表: {}
2026-06-15 22:17:35.772  INFO 12820 --- [http-nio-8080-exec-8] (379354435828191232) org.example.filter.RequestLogFilter      : 请求处理耗时: 4ms | 响应结果: {"code":200,"data":{"gender":0,"phone":"18764567279","qq":"1430220206","wx":"Furina","desc":"晨雾漫过荒坡碎草轻摇浮尘乱舞流云散漫掠过矮枝碎石错落随风打转细影飘忽漫向远空零星草木随风轻晃虚影游走四处飘散啊阿斯顿阿斯顿阿德阿斯顿阿斯顿反帝反封建"},"message":"请求成功"}
2026-06-15 22:17:46.979  INFO 12820 --- [http-nio-8080-exec-10] (379354482850533376) org.example.filter.RequestLogFilter      : 请求URL: "/api/user/info" (OPTIONS) | 远程IP地址: 0:0:0:0:0:0:0:1 │ 身份: 未验证 | 请求参数列表: {}
2026-06-15 22:17:46.981  INFO 12820 --- [http-nio-8080-exec-10] (379354482850533376) org.example.filter.RequestLogFilter      : 请求处理耗时: 1ms | 响应结果: {"code":401,"data":null,"message":"Full authentication is required to access this resource"}
2026-06-15 22:17:46.994  INFO 12820 --- [http-nio-8080-exec-2] (379354482913447936) org.example.filter.RequestLogFilter      : 请求URL: "/api/user/info" (GET) | 远程IP地址: 0:0:0:0:0:0:0:1 │ 身份: admin (UID: 4) | 角色: [ROLE_user] | 请求参数列表: {}
2026-06-15 22:17:46.998  INFO 12820 --- [http-nio-8080-exec-2] (379354482913447936) org.example.filter.RequestLogFilter      : 请求处理耗时: 4ms | 响应结果: {"code":200,"data":{"username":"admin","email":"1430220206@qq.com","role":"user","avatar":"/avatar/2983c64efe0c499cb90cc13d7545f5ec","registerTime":"2026-06-15T13:27:10.000+00:00"},"message":"请求成功"}
2026-06-15 22:17:47.085  INFO 12820 --- [http-nio-8080-exec-9] (379354483295129600) org.example.filter.RequestLogFilter      : 请求URL: "/api/user/details" (OPTIONS) | 远程IP地址: 0:0:0:0:0:0:0:1 │ 身份: 未验证 | 请求参数列表: {}
2026-06-15 22:17:47.087  INFO 12820 --- [http-nio-8080-exec-9] (379354483295129600) org.example.filter.RequestLogFilter      : 请求处理耗时: 2ms | 响应结果: {"code":401,"data":null,"message":"Full authentication is required to access this resource"}
2026-06-15 22:17:47.095  INFO 12820 --- [http-nio-8080-exec-1] (379354483337072640) org.example.filter.RequestLogFilter      : 请求URL: "/api/user/details" (GET) | 远程IP地址: 0:0:0:0:0:0:0:1 │ 身份: admin (UID: 4) | 角色: [ROLE_user] | 请求参数列表: {}
2026-06-15 22:17:47.099  INFO 12820 --- [http-nio-8080-exec-1] (379354483337072640) org.example.filter.RequestLogFilter      : 请求处理耗时: 4ms | 响应结果: {"code":200,"data":{"gender":0,"phone":"18764567279","qq":"1430220206","wx":"Furina","desc":"晨雾漫过荒坡碎草轻摇浮尘乱舞流云散漫掠过矮枝碎石错落随风打转细影飘忽漫向远空零星草木随风轻晃虚影游走四处飘散啊阿斯顿阿斯顿阿德阿斯顿阿斯顿反帝反封建"},"message":"请求成功"}
2026-06-15 22:18:27.952  INFO 12820 --- [http-nio-8080-exec-4] (379354654703751168) org.example.filter.RequestLogFilter      : 请求URL: "/api/user/info" (OPTIONS) | 远程IP地址: 0:0:0:0:0:0:0:1 │ 身份: 未验证 | 请求参数列表: {}
2026-06-15 22:18:27.953  INFO 12820 --- [http-nio-8080-exec-4] (379354654703751168) org.example.filter.RequestLogFilter      : 请求处理耗时: 1ms | 响应结果: {"code":401,"data":null,"message":"Full authentication is required to access this resource"}
2026-06-15 22:18:27.966  INFO 12820 --- [http-nio-8080-exec-5] (379354654762471424) org.example.filter.RequestLogFilter      : 请求URL: "/api/user/info" (GET) | 远程IP地址: 0:0:0:0:0:0:0:1 │ 身份: admin (UID: 4) | 角色: [ROLE_user] | 请求参数列表: {}
2026-06-15 22:18:27.971  INFO 12820 --- [http-nio-8080-exec-5] (379354654762471424) org.example.filter.RequestLogFilter      : 请求处理耗时: 4ms | 响应结果: {"code":200,"data":{"username":"admin","email":"1430220206@qq.com","role":"user","avatar":"/avatar/2983c64efe0c499cb90cc13d7545f5ec","registerTime":"2026-06-15T13:27:10.000+00:00"},"message":"请求成功"}
2026-06-15 22:18:27.996  INFO 12820 --- [http-nio-8080-exec-6] (379354654888300544) org.example.filter.RequestLogFilter      : 请求URL: "/api/user/details" (OPTIONS) | 远程IP地址: 0:0:0:0:0:0:0:1 │ 身份: 未验证 | 请求参数列表: {}
2026-06-15 22:18:27.997  INFO 12820 --- [http-nio-8080-exec-6] (379354654888300544) org.example.filter.RequestLogFilter      : 请求处理耗时: 1ms | 响应结果: {"code":401,"data":null,"message":"Full authentication is required to access this resource"}
2026-06-15 22:18:28.005  INFO 12820 --- [http-nio-8080-exec-7] (379354654926049280) org.example.filter.RequestLogFilter      : 请求URL: "/api/user/details" (GET) | 远程IP地址: 0:0:0:0:0:0:0:1 │ 身份: admin (UID: 4) | 角色: [ROLE_user] | 请求参数列表: {}
2026-06-15 22:18:28.009  INFO 12820 --- [http-nio-8080-exec-7] (379354654926049280) org.example.filter.RequestLogFilter      : 请求处理耗时: 4ms | 响应结果: {"code":200,"data":{"gender":0,"phone":"18764567279","qq":"1430220206","wx":"Furina","desc":"晨雾漫过荒坡碎草轻摇浮尘乱舞流云散漫掠过矮枝碎石错落随风打转细影飘忽漫向远空零星草木随风轻晃虚影游走四处飘散啊阿斯顿阿斯顿阿德阿斯顿阿斯顿反帝反封建"},"message":"请求成功"}
2026-06-15 22:35:44.104  INFO 12820 --- [http-nio-8080-exec-3] (379359000640229376) org.example.filter.RequestLogFilter      : 请求URL: "/api/user/details" (OPTIONS) | 远程IP地址: 0:0:0:0:0:0:0:1 │ 身份: 未验证 | 请求参数列表: {}
2026-06-15 22:35:44.111  INFO 12820 --- [http-nio-8080-exec-3] (379359000640229376) org.example.filter.RequestLogFilter      : 请求处理耗时: 7ms | 响应结果: {"code":401,"data":null,"message":"Full authentication is required to access this resource"}
2026-06-15 22:35:44.122  INFO 12820 --- [http-nio-8080-exec-10] (379359000715726848) org.example.filter.RequestLogFilter      : 请求URL: "/api/user/details" (GET) | 远程IP地址: 0:0:0:0:0:0:0:1 │ 身份: admin (UID: 4) | 角色: [ROLE_user] | 请求参数列表: {}
2026-06-15 22:35:44.126  INFO 12820 --- [http-nio-8080-exec-10] (379359000715726848) org.example.filter.RequestLogFilter      : 请求处理耗时: 4ms | 响应结果: {"code":200,"data":{"gender":0,"phone":"18764567279","qq":"1430220206","wx":"Furina","desc":"晨雾漫过荒坡碎草轻摇浮尘乱舞流云散漫掠过矮枝碎石错落随风打转细影飘忽漫向远空零星草木随风轻晃虚影游走四处飘散啊阿斯顿阿斯顿阿德阿斯顿阿斯顿反帝反封建"},"message":"请求成功"}
2026-06-15 22:42:43.881  INFO 12820 --- [http-nio-8080-exec-9] (379360761312579584) org.example.filter.RequestLogFilter      : 请求URL: "/api/user/info" (OPTIONS) | 远程IP地址: 0:0:0:0:0:0:0:1 │ 身份: 未验证 | 请求参数列表: {}
2026-06-15 22:42:43.882  INFO 12820 --- [http-nio-8080-exec-9] (379360761312579584) org.example.filter.RequestLogFilter      : 请求处理耗时: 1ms | 响应结果: {"code":401,"data":null,"message":"Full authentication is required to access this resource"}
2026-06-15 22:42:43.894  INFO 12820 --- [http-nio-8080-exec-1] (379360761367105536) org.example.filter.RequestLogFilter      : 请求URL: "/api/user/info" (GET) | 远程IP地址: 0:0:0:0:0:0:0:1 │ 身份: admin (UID: 4) | 角色: [ROLE_user] | 请求参数列表: {}
2026-06-15 22:42:43.901  INFO 12820 --- [http-nio-8080-exec-1] (379360761367105536) org.example.filter.RequestLogFilter      : 请求处理耗时: 7ms | 响应结果: {"code":200,"data":{"username":"admin","email":"1430220206@qq.com","role":"user","avatar":"/avatar/2983c64efe0c499cb90cc13d7545f5ec","registerTime":"2026-06-15T13:27:10.000+00:00"},"message":"请求成功"}
2026-06-15 22:43:12.621  INFO 12820 --- [http-nio-8080-exec-5] (379360881856876544) org.example.filter.RequestLogFilter      : 请求URL: "/api/user/info" (OPTIONS) | 远程IP地址: 0:0:0:0:0:0:0:1 │ 身份: 未验证 | 请求参数列表: {}
2026-06-15 22:43:12.623  INFO 12820 --- [http-nio-8080-exec-5] (379360881856876544) org.example.filter.RequestLogFilter      : 请求处理耗时: 2ms | 响应结果: {"code":401,"data":null,"message":"Full authentication is required to access this resource"}
2026-06-15 22:43:12.643  INFO 12820 --- [http-nio-8080-exec-6] (379360881949151232) org.example.filter.RequestLogFilter      : 请求URL: "/api/user/info" (GET) | 远程IP地址: 0:0:0:0:0:0:0:1 │ 身份: admin (UID: 4) | 角色: [ROLE_user] | 请求参数列表: {}
2026-06-15 22:43:12.654  INFO 12820 --- [http-nio-8080-exec-6] (379360881949151232) org.example.filter.RequestLogFilter      : 请求处理耗时: 11ms | 响应结果: {"code":200,"data":{"username":"admin","email":"1430220206@qq.com","role":"user","avatar":"/avatar/2983c64efe0c499cb90cc13d7545f5ec","registerTime":"2026-06-15T13:27:10.000+00:00"},"message":"请求成功"}
2026-06-15 22:43:25.790  INFO 12820 --- [http-nio-8080-exec-7] (379360937091665920) org.example.filter.RequestLogFilter      : 请求URL: "/api/user/info" (OPTIONS) | 远程IP地址: 0:0:0:0:0:0:0:1 │ 身份: 未验证 | 请求参数列表: {}
2026-06-15 22:43:25.791  INFO 12820 --- [http-nio-8080-exec-7] (379360937091665920) org.example.filter.RequestLogFilter      : 请求处理耗时: 1ms | 响应结果: {"code":401,"data":null,"message":"Full authentication is required to access this resource"}
2026-06-15 22:43:25.799  INFO 12820 --- [http-nio-8080-exec-8] (379360937129414656) org.example.filter.RequestLogFilter      : 请求URL: "/api/user/info" (GET) | 远程IP地址: 0:0:0:0:0:0:0:1 │ 身份: admin (UID: 4) | 角色: [ROLE_user] | 请求参数列表: {}
2026-06-15 22:43:25.803  INFO 12820 --- [http-nio-8080-exec-8] (379360937129414656) org.example.filter.RequestLogFilter      : 请求处理耗时: 4ms | 响应结果: {"code":200,"data":{"username":"admin","email":"1430220206@qq.com","role":"user","avatar":"/avatar/2983c64efe0c499cb90cc13d7545f5ec","registerTime":"2026-06-15T13:27:10.000+00:00"},"message":"请求成功"}
2026-06-15 22:43:37.143  INFO 12820 --- [http-nio-8080-exec-3] (379360984709599232) org.example.filter.RequestLogFilter      : 请求URL: "/api/user/info" (OPTIONS) | 远程IP地址: 0:0:0:0:0:0:0:1 │ 身份: 未验证 | 请求参数列表: {}
2026-06-15 22:43:37.144  INFO 12820 --- [http-nio-8080-exec-3] (379360984709599232) org.example.filter.RequestLogFilter      : 请求处理耗时: 1ms | 响应结果: {"code":401,"data":null,"message":"Full authentication is required to access this resource"}
2026-06-15 22:43:37.154  INFO 12820 --- [http-nio-8080-exec-10] (379360984755736576) org.example.filter.RequestLogFilter      : 请求URL: "/api/user/info" (GET) | 远程IP地址: 0:0:0:0:0:0:0:1 │ 身份: admin (UID: 4) | 角色: [ROLE_user] | 请求参数列表: {}
2026-06-15 22:43:37.158  INFO 12820 --- [http-nio-8080-exec-10] (379360984755736576) org.example.filter.RequestLogFilter      : 请求处理耗时: 4ms | 响应结果: {"code":200,"data":{"username":"admin","email":"1430220206@qq.com","role":"user","avatar":"/avatar/2983c64efe0c499cb90cc13d7545f5ec","registerTime":"2026-06-15T13:27:10.000+00:00"},"message":"请求成功"}
2026-06-15 22:44:04.525  INFO 12820 --- [http-nio-8080-exec-9] (379361099558031360) org.example.filter.RequestLogFilter      : 请求URL: "/api/user/info" (OPTIONS) | 远程IP地址: 0:0:0:0:0:0:0:1 │ 身份: 未验证 | 请求参数列表: {}
2026-06-15 22:44:04.528  INFO 12820 --- [http-nio-8080-exec-9] (379361099558031360) org.example.filter.RequestLogFilter      : 请求处理耗时: 3ms | 响应结果: {"code":401,"data":null,"message":"Full authentication is required to access this resource"}
2026-06-15 22:44:04.558  INFO 12820 --- [http-nio-8080-exec-1] (379361099696443392) org.example.filter.RequestLogFilter      : 请求URL: "/api/user/info" (GET) | 远程IP地址: 0:0:0:0:0:0:0:1 │ 身份: admin (UID: 4) | 角色: [ROLE_user] | 请求参数列表: {}
2026-06-15 22:44:04.563  INFO 12820 --- [http-nio-8080-exec-1] (379361099696443392) org.example.filter.RequestLogFilter      : 请求处理耗时: 5ms | 响应结果: {"code":200,"data":{"username":"admin","email":"1430220206@qq.com","role":"user","avatar":"/avatar/2983c64efe0c499cb90cc13d7545f5ec","registerTime":"2026-06-15T13:27:10.000+00:00"},"message":"请求成功"}
2026-06-15 22:44:10.822  INFO 12820 --- [http-nio-8080-exec-4] (379361125969563648) org.example.filter.RequestLogFilter      : 请求URL: "/api/user/info" (OPTIONS) | 远程IP地址: 0:0:0:0:0:0:0:1 │ 身份: 未验证 | 请求参数列表: {}
2026-06-15 22:44:10.827  INFO 12820 --- [http-nio-8080-exec-4] (379361125969563648) org.example.filter.RequestLogFilter      : 请求处理耗时: 5ms | 响应结果: {"code":401,"data":null,"message":"Full authentication is required to access this resource"}
2026-06-15 22:44:10.839  INFO 12820 --- [http-nio-8080-exec-5] (379361126040866816) org.example.filter.RequestLogFilter      : 请求URL: "/api/user/info" (GET) | 远程IP地址: 0:0:0:0:0:0:0:1 │ 身份: admin (UID: 4) | 角色: [ROLE_user] | 请求参数列表: {}
2026-06-15 22:44:10.845  INFO 12820 --- [http-nio-8080-exec-5] (379361126040866816) org.example.filter.RequestLogFilter      : 请求处理耗时: 6ms | 响应结果: {"code":200,"data":{"username":"admin","email":"1430220206@qq.com","role":"user","avatar":"/avatar/2983c64efe0c499cb90cc13d7545f5ec","registerTime":"2026-06-15T13:27:10.000+00:00"},"message":"请求成功"}
2026-06-15 22:44:36.953  INFO 12820 --- [http-nio-8080-exec-6] (379361235570921472) org.example.filter.RequestLogFilter      : 请求URL: "/api/user/info" (OPTIONS) | 远程IP地址: 0:0:0:0:0:0:0:1 │ 身份: 未验证 | 请求参数列表: {}
2026-06-15 22:44:36.954  INFO 12820 --- [http-nio-8080-exec-6] (379361235570921472) org.example.filter.RequestLogFilter      : 请求处理耗时: 1ms | 响应结果: {"code":401,"data":null,"message":"Full authentication is required to access this resource"}
2026-06-15 22:44:36.963  INFO 12820 --- [http-nio-8080-exec-7] (379361235612864512) org.example.filter.RequestLogFilter      : 请求URL: "/api/user/info" (GET) | 远程IP地址: 0:0:0:0:0:0:0:1 │ 身份: admin (UID: 4) | 角色: [ROLE_user] | 请求参数列表: {}
2026-06-15 22:44:36.969  INFO 12820 --- [http-nio-8080-exec-7] (379361235612864512) org.example.filter.RequestLogFilter      : 请求处理耗时: 6ms | 响应结果: {"code":200,"data":{"username":"admin","email":"1430220206@qq.com","role":"user","avatar":"/avatar/2983c64efe0c499cb90cc13d7545f5ec","registerTime":"2026-06-15T13:27:10.000+00:00"},"message":"请求成功"}
2026-06-15 22:46:35.674  INFO 12820 --- [http-nio-8080-exec-3] (379361733522886656) org.example.filter.RequestLogFilter      : 请求URL: "/api/user/info" (OPTIONS) | 远程IP地址: 0:0:0:0:0:0:0:1 │ 身份: 未验证 | 请求参数列表: {}
2026-06-15 22:46:35.675  INFO 12820 --- [http-nio-8080-exec-3] (379361733522886656) org.example.filter.RequestLogFilter      : 请求处理耗时: 1ms | 响应结果: {"code":401,"data":null,"message":"Full authentication is required to access this resource"}
2026-06-15 22:46:35.685  INFO 12820 --- [http-nio-8080-exec-10] (379361733569024000) org.example.filter.RequestLogFilter      : 请求URL: "/api/user/info" (GET) | 远程IP地址: 0:0:0:0:0:0:0:1 │ 身份: admin (UID: 4) | 角色: [ROLE_user] | 请求参数列表: {}
2026-06-15 22:46:35.690  INFO 12820 --- [http-nio-8080-exec-10] (379361733569024000) org.example.filter.RequestLogFilter      : 请求处理耗时: 5ms | 响应结果: {"code":200,"data":{"username":"admin","email":"1430220206@qq.com","role":"user","avatar":"/avatar/2983c64efe0c499cb90cc13d7545f5ec","registerTime":"2026-06-15T13:27:10.000+00:00"},"message":"请求成功"}
